id,first_name,last_name,email,gender,birth_date
1,Dynah,Philipson,dphilipson0@delicious.com,Female,1/17/2018
2,Clarine,Whelpton,cwhelpton1@yellowpages.com,Female,7/27/2018
3,Francyne,Cottis,fcottis2@hibu.com,Female,11/23/2018
4,Tedd,Pagden,tpagden3@dmoz.org,Male,5/22/2018
5,Francine,Donativo,fdonativo4@guardian.co.uk,Female,1/2/2018
6,Carleton,Petyanin,cpetyanin5@nyu.edu,Male,2/4/2018
7,Alec,McKeeman,amckeeman6@dion.ne.jp,Male,4/5/2018
8,Wayne,Cordobes,wcordobes7@twitter.com,Male,7/28/2018
9,Brad,Henker,bhenker8@pen.io,Male,2/1/2018
10,Fifine,Fancy,ffancy9@nih.gov,Female,12/17/2017
11,Peta,Cholwell,pcholwella@reference.com,Female,10/17/2018
12,Alfi,Streeton,astreetonb@de.vu,Female,2/3/2018
13,Randie,McGuane,rmcguanec@flickr.com,Female,5/7/2018
14,Douglas,Huddleston,dhuddlestond@jalbum.net,Male,8/11/2018
15,Lorelei,Widdall,lwiddalle@skyrock.com,Female,1/27/2018
16,Dagny,Longhorn,dlonghornf@purevolume.com,Male,10/3/2018
17,Matilda,McDowell,mmcdowellg@csmonitor.com,Female,1/21/2018
18,Hilliard,Troop,htrooph@spotify.com,Male,10/29/2018
19,Ethelyn,Burth,eburthi@mysql.com,Female,6/10/2018
20,Barnaby,Gilyatt,bgilyattj@cnbc.com,Male,6/22/2018
21,Kaitlin,Tremellan,ktremellank@wp.com,Female,10/1/2018
22,Bartie,Clackers,bclackersl@naver.com,Male,6/19/2018
23,Guilbert,Bearns,gbearnsm@mlb.com,Male,4/1/2018
24,Lesley,Grace,lgracen@merriam-webster.com,Female,5/7/2018
25,Shina,McAline,smcalineo@dell.com,Female,5/19/2018
26,Lazar,Dorgan,ldorganp@illinois.edu,Male,4/25/2018
27,Merlina,Eskrick,meskrickq@independent.co.uk,Female,7/12/2018
28,Rolph,Matiasek,rmatiasekr@webeden.co.uk,Male,11/14/2018
29,Christean,Shapiro,cshapiros@independent.co.uk,Female,11/30/2018
30,Nicolea,Marsland,nmarslandt@webeden.co.uk,Female,6/19/2018
31,Bellina,Domenici,bdomeniciu@theatlantic.com,Female,10/6/2018
32,Inessa,Aberchirder,iaberchirderv@abc.net.au,Female,6/23/2018
33,Joelie,Shaw,jshaww@yellowpages.com,Female,12/5/2018
34,Consalve,Kemery,ckemeryx@free.fr,Male,2/14/2018
35,Xavier,Zanre,xzanrey@i2i.jp,Male,1/21/2018
36,Findley,Picot,fpicotz@businessweek.com,Male,9/7/2018
37,Kym,Shallcroff,kshallcroff10@walmart.com,Female,7/26/2018
38,Leon,Challicum,lchallicum11@wiley.com,Male,2/5/2018
39,Witty,Sign,wsign12@nasa.gov,Male,12/23/2017
40,Alexandrina,Boakes,aboakes13@cdc.gov,Female,11/24/2018
41,Nevins,Meckiff,nmeckiff14@go.com,Male,5/11/2018
42,Sarette,M'Barron,smbarron15@whitehouse.gov,Female,9/11/2018
43,Brandy,Le Monnier,blemonnier16@jugem.jp,Male,6/6/2018
44,Kaylee,Emig,kemig17@newsvine.com,Female,3/4/2018
45,Farris,Angier,fangier18@bluehost.com,Male,6/22/2018
46,Martina,Fiddyment,mfiddyment19@washingtonpost.com,Female,3/31/2018
47,Falito,Seefus,fseefus1a@shinystat.com,Male,4/18/2018
48,Washington,Quickfall,wquickfall1b@amazon.de,Male,8/15/2018
49,Isabeau,McGilbon,imcgilbon1c@so-net.ne.jp,Female,3/7/2018
50,Christalle,Plumridge,cplumridge1d@vinaora.com,Female,9/15/2018
51,Hermina,Folli,hfolli1e@yandex.ru,Female,7/28/2018
52,Whitney,Slocomb,wslocomb1f@timesonline.co.uk,Male,12/15/2017
53,Cammy,Barrack,cbarrack1g@slideshare.net,Female,11/4/2018
54,Rosene,Alloway,ralloway1h@is.gd,Female,5/30/2018
55,Tyne,Greveson,tgreveson1i@msu.edu,Female,11/11/2018
56,Bordie,Grinnell,bgrinnell1j@earthlink.net,Male,9/27/2018
57,Howard,Glinde,hglinde1k@prweb.com,Male,10/25/2018
58,Igor,Tubbles,itubbles1l@dagondesign.com,Male,10/28/2018
59,Torrin,Petrenko,tpetrenko1m@dedecms.com,Male,2/8/2018
60,Hamlin,Pieter,hpieter1n@csmonitor.com,Male,6/11/2018
61,Carree,Clawley,cclawley1o@ehow.com,Female,9/8/2018
62,Willette,Herrero,wherrero1p@imgur.com,Female,2/2/2018
63,Tallie,Perrelle,tperrelle1q@pcworld.com,Female,3/2/2018
64,Deerdre,Leon,dleon1r@nps.gov,Female,11/1/2018
65,Nikola,Caseley,ncaseley1s@networksolutions.com,Male,11/24/2018
66,Dalila,Chipperfield,dchipperfield1t@amazon.co.jp,Female,11/2/2018
67,Heriberto,Baudet,hbaudet1u@networkadvertising.org,Male,4/29/2018
68,Jana,Bellanger,jbellanger1v@vk.com,Female,12/15/2017
69,Ann-marie,Cornew,acornew1w@geocities.jp,Female,8/20/2018
70,Conchita,Clampin,cclampin1x@rediff.com,Female,2/1/2018
71,Royce,Obeney,robeney1y@mediafire.com,Male,1/25/2018
72,Felicity,Pinching,fpinching1z@reuters.com,Female,5/27/2018
73,Janaya,Anthon,janthon20@home.pl,Female,7/31/2018
74,Shae,McCague,smccague21@myspace.com,Male,12/18/2017
75,Prentiss,Pettus,ppettus22@huffingtonpost.com,Male,6/26/2018
76,Rena,Akred,rakred23@mapquest.com,Female,8/19/2018
77,Myrtice,Ablewhite,mablewhite24@dot.gov,Female,6/1/2018
78,Kylynn,Piniur,kpiniur25@ameblo.jp,Female,12/11/2017
79,Antonie,Kleisel,akleisel26@ezinearticles.com,Female,6/26/2018
80,Rosita,Cornall,rcornall27@admin.ch,Female,9/15/2018
81,Tracy,Lowing,tlowing28@opensource.org,Male,7/29/2018
82,Aubree,Folli,afolli29@webs.com,Female,5/27/2018
83,Brien,Everist,beverist2a@paypal.com,Male,5/5/2018
84,Zaccaria,Lorand,zlorand2b@printfriendly.com,Male,12/16/2017
85,Towny,Le Grice,tlegrice2c@behance.net,Male,1/5/2018
86,Jodi,Casseldine,jcasseldine2d@desdev.cn,Male,2/2/2018
87,Margarete,Alder,malder2e@psu.edu,Female,5/28/2018
88,Dallis,Conibeer,dconibeer2f@blogtalkradio.com,Male,1/2/2018
89,Steffie,Gunningham,sgunningham2g@amazonaws.com,Female,6/11/2018
90,Alida,Brabban,abrabban2h@japanpost.jp,Female,4/28/2018
91,Carin,Woolston,cwoolston2i@live.com,Female,12/19/2017
92,Arlee,Lobbe,alobbe2j@zimbio.com,Female,7/19/2018
93,Burty,Ravelus,bravelus2k@earthlink.net,Male,4/18/2018
94,Robbin,Chudleigh,rchudleigh2l@meetup.com,Female,9/8/2018
95,Heddie,Atcherley,hatcherley2m@home.pl,Female,5/24/2018
96,Binky,Coalburn,bcoalburn2n@bluehost.com,Male,12/13/2017
97,Harli,Wallbanks,hwallbanks2o@163.com,Female,4/14/2018
98,Artemas,Kelshaw,akelshaw2p@ucla.edu,Male,6/3/2018
99,Bertine,Cloutt,bcloutt2q@yahoo.com,Female,10/17/2018
100,Tricia,Gwyllt,tgwyllt2r@slate.com,Female,9/13/2018
101,Nicolis,Cambridge,ncambridge2s@gravatar.com,Male,2/19/2018
102,Esmaria,Gauchier,egauchier2t@cargocollective.com,Female,7/21/2018
103,Eleonore,Andrieu,eandrieu2u@jiathis.com,Female,8/14/2018
104,Shepperd,Orange,sorange2v@mit.edu,Male,8/15/2018
105,Henrietta,Lovart,hlovart2w@cornell.edu,Female,9/21/2018
106,Valdemar,Dawidowitz,vdawidowitz2x@dailymail.co.uk,Male,8/25/2018
107,Budd,Surgeoner,bsurgeoner2y@squidoo.com,Male,2/24/2018
108,Tabbi,Cansdall,tcansdall2z@hhs.gov,Female,12/24/2017
109,Claudell,Jacobsson,cjacobsson30@over-blog.com,Male,10/15/2018
110,Fiann,Caulton,fcaulton31@typepad.com,Female,9/15/2018
111,Sayers,Bawcock,sbawcock32@twitter.com,Male,3/11/2018
112,Noel,Bubbins,nbubbins33@techcrunch.com,Male,10/11/2018
113,Stacia,Dumberell,sdumberell34@booking.com,Female,3/12/2018
114,Fran,Cheasman,fcheasman35@illinois.edu,Female,7/31/2018
115,Kerrin,Humfrey,khumfrey36@aboutads.info,Female,3/13/2018
116,Florie,Tuplin,ftuplin37@wikipedia.org,Female,10/17/2018
117,Brunhilda,Headly,bheadly38@cloudflare.com,Female,5/30/2018
118,Timmie,Daintrey,tdaintrey39@twitter.com,Male,1/28/2018
119,Romy,Mullarkey,rmullarkey3a@merriam-webster.com,Female,9/8/2018
120,Guntar,Gaughan,ggaughan3b@hibu.com,Male,3/9/2018
121,Genny,Boissier,gboissier3c@sciencedirect.com,Female,4/28/2018
122,Bendicty,Sandbach,bsandbach3d@hao123.com,Male,8/11/2018
123,Monti,Cowles,mcowles3e@upenn.edu,Male,10/8/2018
124,Katerina,Dove,kdove3f@patch.com,Female,5/31/2018
125,Garvey,Leaf,gleaf3g@salon.com,Male,10/28/2018
126,Lily,Hempel,lhempel3h@meetup.com,Female,10/13/2018
127,Raddy,Fantonetti,rfantonetti3i@comcast.net,Male,3/13/2018
128,Arnold,Hubberstey,ahubberstey3j@mashable.com,Male,1/5/2018
129,Tamas,Moorton,tmoorton3k@ow.ly,Male,9/29/2018
130,Karna,Copozio,kcopozio3l@skyrock.com,Female,10/15/2018
131,Gaston,Novak,gnovak3m@sourceforge.net,Male,10/11/2018
132,Barnie,Matias,bmatias3n@rediff.com,Male,12/11/2017
133,Sindee,Pods,spods3o@xing.com,Female,1/9/2018
134,Nilson,Doyley,ndoyley3p@123-reg.co.uk,Male,8/2/2018
135,Derrek,Fochs,dfochs3q@epa.gov,Male,1/1/2018
136,Freedman,Marioneau,fmarioneau3r@flickr.com,Male,1/20/2018
137,Base,Drummond,bdrummond3s@storify.com,Male,9/3/2018
138,Jaime,Skunes,jskunes3t@aboutads.info,Male,6/14/2018
139,Craig,Oakwell,coakwell3u@example.com,Male,10/18/2018
140,Nico,Nelthorp,nnelthorp3v@about.com,Male,5/29/2018
141,Eugene,Stenet,estenet3w@oakley.com,Male,2/28/2018
142,Siffre,Rosenvasser,srosenvasser3x@stumbleupon.com,Male,7/6/2018
143,Shandie,Folliss,sfolliss3y@baidu.com,Female,5/12/2018
144,Matthaeus,Blamires,mblamires3z@cisco.com,Male,4/11/2018
145,Lewes,Boshers,lboshers40@simplemachines.org,Male,3/8/2018
146,Emmanuel,Nerne,enerne41@trellian.com,Male,6/12/2018
147,Vittorio,Pavluk,vpavluk42@umn.edu,Male,5/17/2018
148,Aguistin,Lavender,alavender43@toplist.cz,Male,7/27/2018
149,Conney,Aylwin,caylwin44@omniture.com,Male,5/26/2018
150,Heall,Pelosi,hpelosi45@go.com,Male,6/28/2018
151,Sonnie,Torricella,storricella46@nydailynews.com,Female,12/19/2017
152,Cleopatra,Matz,cmatz47@shinystat.com,Female,12/26/2017
153,Beltran,Toynbee,btoynbee48@spiegel.de,Male,9/9/2018
154,Arlyn,Keyser,akeyser49@g.co,Female,6/20/2018
155,Kermie,Allender,kallender4a@phoca.cz,Male,8/28/2018
156,Aime,Leonida,aleonida4b@ca.gov,Female,1/21/2018
157,Karoly,Brennenstuhl,kbrennenstuhl4c@ycombinator.com,Female,7/24/2018
158,Darby,Shireff,dshireff4d@wikimedia.org,Female,8/1/2018
159,Bail,Oxford,boxford4e@cocolog-nifty.com,Male,11/27/2018
160,Else,Cadigan,ecadigan4f@time.com,Female,5/24/2018
161,Harmonie,Freddi,hfreddi4g@irs.gov,Female,10/30/2018
162,Micheil,Holbury,mholbury4h@ocn.ne.jp,Male,6/9/2018
163,Marcelo,Kennaway,mkennaway4i@wisc.edu,Male,12/1/2018
164,Remy,Illes,rilles4j@shop-pro.jp,Female,10/8/2018
165,Lorianna,Cowthart,lcowthart4k@nationalgeographic.com,Female,7/30/2018
166,Tamiko,Elcom,telcom4l@opensource.org,Female,7/16/2018
167,Glenn,Camerana,gcamerana4m@prnewswire.com,Male,11/27/2018
168,Annecorinne,Kalewe,akalewe4n@opera.com,Female,3/5/2018
169,Ingelbert,Creggan,icreggan4o@booking.com,Male,7/10/2018
170,Travis,Beathem,tbeathem4p@theglobeandmail.com,Male,2/12/2018
171,Myrtie,Atwel,matwel4q@amazon.co.jp,Female,10/27/2018
172,Andrus,Alforde,aalforde4r@dailymail.co.uk,Male,8/4/2018
173,Cleve,Aldwick,caldwick4s@tripod.com,Male,8/8/2018
174,Beltran,Leblanc,bleblanc4t@indiegogo.com,Male,7/20/2018
175,Dolorita,Bengoechea,dbengoechea4u@nhs.uk,Female,10/21/2018
176,Portie,Gouldthorpe,pgouldthorpe4v@pen.io,Male,1/15/2018
177,Rriocard,Amar,ramar4w@wp.com,Male,3/31/2018
178,Stevy,Beddall,sbeddall4x@amazon.de,Male,8/13/2018
179,Benedicta,Jayume,bjayume4y@desdev.cn,Female,11/16/2018
180,Amalita,Fawke,afawke4z@state.tx.us,Female,9/10/2018
181,Nels,Brotherhood,nbrotherhood50@ezinearticles.com,Male,4/19/2018
182,Gilligan,Payley,gpayley51@ucla.edu,Female,4/1/2018
183,Dalia,Baglow,dbaglow52@economist.com,Female,4/19/2018
184,Eldridge,Haliburton,ehaliburton53@blogger.com,Male,12/12/2017
185,Cody,Gladeche,cgladeche54@cnet.com,Female,8/8/2018
186,Jandy,Gosney,jgosney55@jigsy.com,Female,10/28/2018
187,Lennard,Minear,lminear56@etsy.com,Male,9/29/2018
188,Wilma,Roche,wroche57@amazonaws.com,Female,10/9/2018
189,Yule,Disney,ydisney58@amazon.co.jp,Male,5/3/2018
190,Gratiana,Chene,gchene59@goo.ne.jp,Female,11/30/2018
191,Steffane,Branwhite,sbranwhite5a@japanpost.jp,Female,10/29/2018
192,Alika,Sibylla,asibylla5b@economist.com,Female,9/29/2018
193,Shaine,Girodin,sgirodin5c@mlb.com,Male,2/20/2018
194,Trenton,Spaducci,tspaducci5d@usgs.gov,Male,7/23/2018
195,Gracie,Phelp,gphelp5e@marketwatch.com,Female,12/5/2018
196,Kayne,Banane,kbanane5f@geocities.jp,Male,12/31/2017
197,Reeva,Durling,rdurling5g@disqus.com,Female,3/13/2018
198,Walton,Paye,wpaye5h@zdnet.com,Male,6/25/2018
199,Burk,Stobie,bstobie5i@canalblog.com,Male,8/12/2018
200,Grove,Causnett,gcausnett5j@springer.com,Male,10/16/2018
201,Beilul,Lindores,blindores5k@zdnet.com,Female,2/25/2018
202,Margarethe,Munnings,mmunnings5l@ftc.gov,Female,5/23/2018
203,Blakeley,Lars,blars5m@newyorker.com,Female,11/28/2018
204,Teressa,Pawellek,tpawellek5n@github.io,Female,6/13/2018
205,Saunder,Harme,sharme5o@smugmug.com,Male,6/21/2018
206,Nonna,Bloxam,nbloxam5p@free.fr,Female,6/15/2018
207,Celestina,Fairlie,cfairlie5q@tumblr.com,Female,10/27/2018
208,Lavinie,Tesseyman,ltesseyman5r@bbb.org,Female,7/28/2018
209,Philipa,Cohani,pcohani5s@wisc.edu,Female,3/4/2018
210,Pen,Kyngdon,pkyngdon5t@gmpg.org,Male,12/15/2017
211,Burg,Larmuth,blarmuth5u@narod.ru,Male,4/15/2018
212,Tedie,Blackstone,tblackstone5v@mayoclinic.com,Male,9/9/2018
213,Cinda,Thaine,cthaine5w@pcworld.com,Female,4/10/2018
214,Garvey,Peat,gpeat5x@cbsnews.com,Male,8/24/2018
215,Dore,Ruddick,druddick5y@nhs.uk,Male,2/28/2018
216,Emmit,Hugill,ehugill5z@about.com,Male,2/16/2018
217,Dinny,Randalston,drandalston60@slashdot.org,Female,4/10/2018
218,Bev,Jefferies,bjefferies61@earthlink.net,Male,4/3/2018
219,Naoma,Ailward,nailward62@barnesandnoble.com,Female,10/17/2018
220,Cyril,Londors,clondors63@arizona.edu,Male,1/5/2018
221,Archaimbaud,Franzewitch,afranzewitch64@tripadvisor.com,Male,6/14/2018
222,Jacquelynn,Gregori,jgregori65@prnewswire.com,Female,1/20/2018
223,Austin,Lince,alince66@ask.com,Male,9/12/2018
224,Leonerd,Ferreira,lferreira67@walmart.com,Male,2/2/2018
225,Filippo,Rosborough,frosborough68@harvard.edu,Male,7/22/2018
226,Carter,Milsom,cmilsom69@lulu.com,Male,6/20/2018
227,Clara,McClary,cmcclary6a@adobe.com,Female,8/28/2018
228,Ferdinanda,Dunphie,fdunphie6b@buzzfeed.com,Female,5/23/2018
229,Tiffanie,Woodroof,twoodroof6c@sun.com,Female,9/4/2018
230,Kaile,Tompkinson,ktompkinson6d@thetimes.co.uk,Female,8/26/2018
231,John,Rodson,jrodson6e@hatena.ne.jp,Male,9/20/2018
232,Leland,Roscow,lroscow6f@unicef.org,Female,9/14/2018
233,Reina,Pavia,rpavia6g@cpanel.net,Female,3/20/2018
234,Sigvard,Liversage,sliversage6h@intel.com,Male,4/6/2018
235,Colby,Cawt,ccawt6i@ed.gov,Male,10/4/2018
236,Igor,Coltman,icoltman6j@merriam-webster.com,Male,12/3/2018
237,Flemming,Ravilious,fravilious6k@vk.com,Male,10/9/2018
238,Blondie,Pennoni,bpennoni6l@youku.com,Female,3/1/2018
239,Randall,Bourdon,rbourdon6m@hc360.com,Male,12/1/2018
240,Thurstan,Kitcat,tkitcat6n@twitpic.com,Male,7/29/2018
241,Dagny,Mulberry,dmulberry6o@nytimes.com,Male,2/16/2018
242,Hedvig,Robez,hrobez6p@census.gov,Female,11/28/2018
243,Genia,Cadigan,gcadigan6q@zdnet.com,Female,4/14/2018
244,Fey,Goulborn,fgoulborn6r@howstuffworks.com,Female,1/21/2018
245,Rudie,Perchard,rperchard6s@imdb.com,Male,11/3/2018
246,Leeland,Rosendall,lrosendall6t@ox.ac.uk,Male,4/15/2018
247,Lorena,Waskett,lwaskett6u@webnode.com,Female,2/27/2018
248,Renaud,Sanches,rsanches6v@imageshack.us,Male,9/19/2018
249,Gilemette,Boddington,gboddington6w@addtoany.com,Female,2/24/2018
250,Morrie,Houtbie,mhoutbie6x@liveinternet.ru,Male,6/29/2018
251,Hernando,O' Finan,hofinan6y@nih.gov,Male,10/30/2018
252,Domenic,Driutti,ddriutti6z@livejournal.com,Male,12/13/2017
253,Levey,Egentan,legentan70@aol.com,Male,9/23/2018
254,Clem,Kleeborn,ckleeborn71@over-blog.com,Male,2/13/2018
255,Earle,Knowlson,eknowlson72@tamu.edu,Male,7/14/2018
256,Gilligan,Novacek,gnovacek73@desdev.cn,Female,4/28/2018
257,Aldis,Gribbins,agribbins74@squarespace.com,Male,11/16/2018
258,Clem,Thackham,cthackham75@about.me,Male,6/17/2018
259,Alfonso,Harold,aharold76@mail.ru,Male,7/24/2018
260,Benjamen,Le Quesne,blequesne77@bloomberg.com,Male,4/14/2018
261,Willy,Kaes,wkaes78@discovery.com,Male,8/5/2018
262,Cody,Revel,crevel79@uol.com.br,Female,6/30/2018
263,Todd,Mocker,tmocker7a@businessweek.com,Male,10/25/2018
264,Forest,Knok,fknok7b@pagesperso-orange.fr,Male,6/5/2018
265,Gearard,McGeechan,gmcgeechan7c@ftc.gov,Male,1/31/2018
266,Alla,Martynka,amartynka7d@linkedin.com,Female,11/30/2018
267,Christoph,Mound,cmound7e@jugem.jp,Male,7/11/2018
268,Kenyon,Whitewood,kwhitewood7f@1688.com,Male,9/1/2018
269,Grove,Benbow,gbenbow7g@state.tx.us,Male,9/17/2018
270,Fred,Farndale,ffarndale7h@tiny.cc,Female,1/13/2018
271,Mala,Kondrachenko,mkondrachenko7i@ca.gov,Female,3/17/2018
272,Odelia,Woffinden,owoffinden7j@marketwatch.com,Female,12/22/2017
273,Heinrick,De Brett,hdebrett7k@elegantthemes.com,Male,7/16/2018
274,Jayme,Punyer,jpunyer7l@qq.com,Male,8/5/2018
275,Kirby,Hexham,khexham7m@seattletimes.com,Male,1/28/2018
276,Kristoffer,Clarke-Williams,kclarkewilliams7n@mapquest.com,Male,6/15/2018
277,Carrie,Boyn,cboyn7o@goo.gl,Female,6/28/2018
278,Herve,Symmons,hsymmons7p@edublogs.org,Male,6/4/2018
279,Thain,Albinson,talbinson7q@slideshare.net,Male,8/26/2018
280,Hamish,Stanway,hstanway7r@squarespace.com,Male,10/22/2018
281,Ange,Crowthe,acrowthe7s@issuu.com,Male,9/21/2018
282,Kerrill,Date,kdate7t@t.co,Female,2/7/2018
283,Mathew,Perassi,mperassi7u@qq.com,Male,12/11/2017
284,Mommy,Rate,mrate7v@reuters.com,Female,12/29/2017
285,Laney,Vanyarkin,lvanyarkin7w@hhs.gov,Female,6/1/2018
286,Nikos,McFayden,nmcfayden7x@springer.com,Male,5/15/2018
287,Marietta,Twiddy,mtwiddy7y@mashable.com,Female,10/14/2018
288,Daphna,Oram,doram7z@sogou.com,Female,8/9/2018
289,Bill,Gatchel,bgatchel80@wikipedia.org,Female,11/22/2018
290,Barton,Lujan,blujan81@flavors.me,Male,5/11/2018
291,Essie,Steffan,esteffan82@weather.com,Female,2/3/2018
292,Abby,Worthing,aworthing83@gizmodo.com,Male,2/24/2018
293,Gunar,Ciccottio,gciccottio84@pcworld.com,Male,3/4/2018
294,Caresa,Kender,ckender85@kickstarter.com,Female,9/8/2018
295,Lion,Seydlitz,lseydlitz86@friendfeed.com,Male,3/2/2018
296,Caldwell,Feldfisher,cfeldfisher87@sourceforge.net,Male,6/21/2018
297,Killy,MacCumeskey,kmaccumeskey88@archive.org,Male,6/9/2018
298,Melisenda,Latchmore,mlatchmore89@microsoft.com,Female,4/12/2018
299,Rubetta,Hibling,rhibling8a@surveymonkey.com,Female,5/14/2018
300,Phyllis,Leebeter,pleebeter8b@lulu.com,Female,8/3/2018
301,Joelynn,Pressey,jpressey8c@slate.com,Female,1/13/2018
302,Evelyn,Eastup,eeastup8d@elpais.com,Male,1/15/2018
303,Iver,Cornner,icornner8e@businessweek.com,Male,4/6/2018
304,Rabi,Blunsom,rblunsom8f@amazonaws.com,Male,6/17/2018
305,Brigida,King,bking8g@unblog.fr,Female,11/8/2018
306,Udall,Scotsbrook,uscotsbrook8h@flickr.com,Male,11/5/2018
307,Cam,Bidwell,cbidwell8i@cargocollective.com,Female,6/9/2018
308,Eleen,Boake,eboake8j@prnewswire.com,Female,10/24/2018
309,Theresita,Winborn,twinborn8k@eventbrite.com,Female,12/18/2017
310,Britte,Hefferan,bhefferan8l@storify.com,Female,5/12/2018
311,Bianka,Anshell,banshell8m@examiner.com,Female,2/23/2018
312,Kirsti,Beauchamp,kbeauchamp8n@pagesperso-orange.fr,Female,1/16/2018
313,Frans,Washbrook,fwashbrook8o@delicious.com,Male,8/24/2018
314,Barth,Barnes,bbarnes8p@nbcnews.com,Male,12/30/2017
315,Harper,Domm,hdomm8q@uiuc.edu,Male,6/21/2018
316,Raphael,Goldwater,rgoldwater8r@bloglovin.com,Male,6/9/2018
317,Chrystel,Fitzjohn,cfitzjohn8s@sphinn.com,Female,1/21/2018
318,Augy,Beesey,abeesey8t@naver.com,Male,11/5/2018
319,Helene,Brosio,hbrosio8u@123-reg.co.uk,Female,5/11/2018
320,Tabor,Waring,twaring8v@networkadvertising.org,Male,2/23/2018
321,Marlee,Challenor,mchallenor8w@github.io,Female,11/17/2018
322,Charin,Probert,cprobert8x@time.com,Female,3/3/2018
323,Adair,Rought,arought8y@stumbleupon.com,Male,12/21/2017
324,Nilson,Hovey,nhovey8z@paypal.com,Male,1/8/2018
325,North,Pickin,npickin90@tmall.com,Male,9/8/2018
326,Cristen,Franseco,cfranseco91@netlog.com,Female,6/28/2018
327,Sandro,Marcoolyn,smarcoolyn92@ibm.com,Male,5/18/2018
328,Henka,Chin,hchin93@parallels.com,Female,10/22/2018
329,Teena,Chessor,tchessor94@wix.com,Female,10/22/2018
330,Link,Robion,lrobion95@gov.uk,Male,8/24/2018
331,Lemmy,Hesey,lhesey96@digg.com,Male,9/30/2018
332,Sibilla,Sexcey,ssexcey97@shinystat.com,Female,6/11/2018
333,Kristofer,Huggett,khuggett98@senate.gov,Male,12/9/2018
334,Saree,Rutherford,srutherford99@squarespace.com,Female,3/24/2018
335,Wilbur,Moehle,wmoehle9a@t-online.de,Male,7/21/2018
336,Corabella,Standing,cstanding9b@privacy.gov.au,Female,3/14/2018
337,Tamarah,Camings,tcamings9c@businessinsider.com,Female,8/9/2018
338,Clare,Coleman,ccoleman9d@java.com,Female,3/4/2018
339,Cristobal,Fforde,cfforde9e@statcounter.com,Male,5/13/2018
340,Malena,Rizzardi,mrizzardi9f@stanford.edu,Female,7/23/2018
341,Denney,Isakov,disakov9g@ebay.co.uk,Male,3/2/2018
342,Tate,Alyukin,talyukin9h@columbia.edu,Female,7/13/2018
343,Thekla,McKinty,tmckinty9i@umn.edu,Female,4/3/2018
344,Gabriello,Brackpool,gbrackpool9j@naver.com,Male,5/18/2018
345,Martin,O'Riordan,moriordan9k@earthlink.net,Male,11/24/2018
346,Alyse,Bosket,abosket9l@ustream.tv,Female,11/24/2018
347,Ansel,Randell,arandell9m@europa.eu,Male,5/11/2018
348,Dorey,Mead,dmead9n@businesswire.com,Female,6/26/2018
349,Dave,Sandcroft,dsandcroft9o@senate.gov,Male,1/11/2018
350,Owen,MacParlan,omacparlan9p@ezinearticles.com,Male,12/16/2017
351,Jared,Dawks,jdawks9q@yandex.ru,Male,8/25/2018
352,Edie,Kwiek,ekwiek9r@t.co,Female,6/5/2018
353,Charley,Smithen,csmithen9s@redcross.org,Male,6/6/2018
354,Kayla,Flute,kflute9t@1688.com,Female,2/6/2018
355,Cletis,Rheubottom,crheubottom9u@privacy.gov.au,Male,5/1/2018
356,Dosi,McIlveen,dmcilveen9v@microsoft.com,Female,3/3/2018
357,Alessandro,Crawley,acrawley9w@chicagotribune.com,Male,4/28/2018
358,Elfrida,Speere,espeere9x@cafepress.com,Female,9/14/2018
359,George,Poad,gpoad9y@ox.ac.uk,Male,10/12/2018
360,Benoit,McNeice,bmcneice9z@delicious.com,Male,1/1/2018
361,Kellen,Wem,kwema0@pen.io,Male,6/9/2018
362,Hurleigh,Guyers,hguyersa1@ask.com,Male,7/21/2018
363,Luce,Reardon,lreardona2@squarespace.com,Male,3/29/2018
364,Eliza,O'Nowlan,eonowlana3@opera.com,Female,4/26/2018
365,Lou,McSperron,lmcsperrona4@nymag.com,Male,2/13/2018
366,Roshelle,Androlli,randrollia5@t-online.de,Female,4/21/2018
367,Lesley,Donnel,ldonnela6@mysql.com,Female,4/28/2018
368,Brody,Airton,bairtona7@google.de,Male,1/7/2018
369,Evyn,Lesaunier,elesauniera8@cbslocal.com,Male,4/28/2018
370,Ethelred,Syvret,esyvreta9@pagesperso-orange.fr,Male,12/24/2017
371,Farrell,Dalmon,fdalmonaa@auda.org.au,Male,11/1/2018
372,Jorgan,Gallichan,jgallichanab@imgur.com,Male,11/6/2018
373,Emlyn,Scardefield,escardefieldac@angelfire.com,Female,10/2/2018
374,Emanuel,Seally,eseallyad@blinklist.com,Male,4/27/2018
375,Lacey,Fuzzey,lfuzzeyae@phpbb.com,Female,2/2/2018
376,Hilary,Penwell,hpenwellaf@wordpress.com,Male,2/18/2018
377,Tiler,Pleming,tplemingag@usnews.com,Male,9/3/2018
378,Gabbie,Euplate,geuplateah@miitbeian.gov.cn,Female,3/8/2018
379,Gaile,Fifield,gfifieldai@topsy.com,Male,4/27/2018
380,Christophe,Penna,cpennaaj@google.it,Male,2/15/2018
381,Charley,Grewes,cgrewesak@amazon.co.uk,Male,4/17/2018
382,Emilio,O'Neal,eonealal@gmpg.org,Male,2/11/2018
383,Tiphany,Yuryev,tyuryevam@stumbleupon.com,Female,2/21/2018
384,Aylmer,Sheara,ashearaan@springer.com,Male,10/27/2018
385,Ericka,Girardez,egirardezao@google.com,Female,8/23/2018
386,Isadore,Piletic,ipileticap@tamu.edu,Male,6/19/2018
387,Vernor,Domotor,vdomotoraq@wisc.edu,Male,5/20/2018
388,Joanna,Britcher,jbritcherar@issuu.com,Female,8/8/2018
389,Yasmin,Green,ygreenas@dyndns.org,Female,9/12/2018
390,Katee,McKissack,kmckissackat@hexun.com,Female,9/30/2018
391,Lianne,Spanton,lspantonau@zdnet.com,Female,3/18/2018
392,Tallou,Sima,tsimaav@tmall.com,Female,5/4/2018
393,Michel,Ostick,mostickaw@apache.org,Female,12/31/2017
394,Rodrique,Caygill,rcaygillax@gmpg.org,Male,7/5/2018
395,Niven,Ramos,nramosay@opera.com,Male,7/21/2018
396,Hansiain,Tunaclift,htunacliftaz@livejournal.com,Male,8/14/2018
397,Roma,Liddell,rliddellb0@webs.com,Male,2/25/2018
398,Benedikta,Rackham,brackhamb1@thetimes.co.uk,Female,2/27/2018
399,Dicky,Dowman,ddowmanb2@yellowbook.com,Male,5/15/2018
400,Bryce,Robben,brobbenb3@51.la,Male,10/31/2018
401,Tarrah,Pratley,tpratleyb4@google.co.jp,Female,6/3/2018
402,Helen-elizabeth,Bower,hbowerb5@mit.edu,Female,11/15/2018
403,Norry,Malloch,nmallochb6@nba.com,Male,12/17/2017
404,Clementia,Roots,crootsb7@wikipedia.org,Female,7/5/2018
405,Dolley,Cale,dcaleb8@live.com,Female,10/3/2018
406,Ford,Kas,fkasb9@phpbb.com,Male,2/2/2018
407,Edita,Gerhts,egerhtsba@gov.uk,Female,1/1/2018
408,Cirillo,McCray,cmccraybb@state.gov,Male,10/28/2018
409,Kristo,Snead,ksneadbc@sciencedirect.com,Male,11/8/2018
410,Hulda,Menendes,hmenendesbd@walmart.com,Female,4/10/2018
411,Tomaso,Allain,tallainbe@accuweather.com,Male,12/4/2018
412,Kelcy,Traher,ktraherbf@wunderground.com,Female,7/4/2018
413,Ellissa,Beamson,ebeamsonbg@cocolog-nifty.com,Female,1/9/2018
414,Sutherland,Laye,slayebh@europa.eu,Male,10/19/2018
415,Fanchette,Blenkhorn,fblenkhornbi@answers.com,Female,9/8/2018
416,Fred,Tyreman,ftyremanbj@instagram.com,Male,11/3/2018
417,Valle,Mitcham,vmitchambk@nhs.uk,Male,11/2/2018
418,Peter,Bridges,pbridgesbl@wufoo.com,Male,12/15/2017
419,Garth,Shallo,gshallobm@mapy.cz,Male,2/28/2018
420,Gratiana,Packham,gpackhambn@taobao.com,Female,4/25/2018
421,Annalee,Brooker,abrookerbo@topsy.com,Female,7/4/2018
422,Garth,O'Lyhane,golyhanebp@google.pl,Male,7/16/2018
423,Martica,Caillou,mcailloubq@biglobe.ne.jp,Female,6/3/2018
424,Gloriana,Jowett,gjowettbr@aboutads.info,Female,12/28/2017
425,Gib,Wiggins,gwigginsbs@ftc.gov,Male,12/1/2018
426,Corena,Courtese,ccourtesebt@dailymotion.com,Female,2/22/2018
427,Hyacinth,Borzone,hborzonebu@macromedia.com,Female,9/14/2018
428,Kassie,Garfoot,kgarfootbv@reference.com,Female,7/3/2018
429,Maighdiln,Kilty,mkiltybw@unc.edu,Female,1/20/2018
430,Gage,Duinbleton,gduinbletonbx@miitbeian.gov.cn,Male,10/27/2018
431,Teddie,Beaufoy,tbeaufoyby@de.vu,Female,9/19/2018
432,Eduardo,Beagen,ebeagenbz@npr.org,Male,5/6/2018
433,Markos,Christene,mchristenec0@myspace.com,Male,3/26/2018
434,Gerrie,Langdon,glangdonc1@tinyurl.com,Female,8/18/2018
435,Milo,Vasnev,mvasnevc2@ning.com,Male,12/24/2017
436,Duffy,Edmeades,dedmeadesc3@jigsy.com,Male,12/25/2017
437,Janene,Paeckmeyer,jpaeckmeyerc4@alexa.com,Female,6/21/2018
438,Christi,Charle,ccharlec5@themeforest.net,Female,3/24/2018
439,Krisha,Keppie,kkeppiec6@bravesites.com,Male,11/24/2018
440,Tate,Jannings,tjanningsc7@hexun.com,Male,5/13/2018
441,Berne,Sadlier,bsadlierc8@ycombinator.com,Male,1/18/2018
442,Law,Cowpland,lcowplandc9@microsoft.com,Male,12/24/2017
443,Chandal,Tilberry,ctilberryca@ucsd.edu,Female,7/30/2018
444,Tuckie,Vanichev,tvanichevcb@buzzfeed.com,Male,4/19/2018
445,Fabio,Semrad,fsemradcc@cnet.com,Male,4/10/2018
446,Nata,Fraine,nfrainecd@dell.com,Female,1/2/2018
447,Maryjane,Charlotte,mcharlottece@mac.com,Female,10/22/2018
448,Janeen,Lossman,jlossmancf@soup.io,Female,4/21/2018
449,Kelsi,Wannell,kwannellcg@kickstarter.com,Female,12/28/2017
450,Winn,Benasik,wbenasikch@redcross.org,Male,9/10/2018
451,Magdalena,Pound,mpoundci@people.com.cn,Female,8/8/2018
452,Carmencita,Cheeld,ccheeldcj@artisteer.com,Female,10/1/2018
453,Kim,Ughelli,kughellick@histats.com,Male,11/10/2018
454,Vaclav,Jatczak,vjatczakcl@hubpages.com,Male,2/21/2018
455,Roger,Trubshawe,rtrubshawecm@xinhuanet.com,Male,4/30/2018
456,Herculie,Kunkel,hkunkelcn@1688.com,Male,11/23/2018
457,Lindi,Geerdts,lgeerdtsco@gnu.org,Female,4/11/2018
458,Christoph,Piffe,cpiffecp@e-recht24.de,Male,8/28/2018
459,Storm,Peacop,speacopcq@slashdot.org,Female,5/25/2018
460,Gayle,Brekonridge,gbrekonridgecr@npr.org,Male,5/5/2018
461,Aubert,Paragreen,aparagreencs@wp.com,Male,6/28/2018
462,Annamaria,Kirkhouse,akirkhousect@vkontakte.ru,Female,1/14/2018
463,Alfy,Alliot,aalliotcu@issuu.com,Female,8/25/2018
464,Nert,Hughs,nhughscv@elpais.com,Female,1/3/2018
465,Floria,Bridson,fbridsoncw@dell.com,Female,8/26/2018
466,Rufe,Enoch,renochcx@newsvine.com,Male,3/2/2018
467,Alvis,Lathbury,alathburycy@yahoo.com,Male,10/31/2018
468,Thane,Dixcey,tdixceycz@51.la,Male,7/17/2018
469,Genny,Rotham,grothamd0@sourceforge.net,Female,1/31/2018
470,Sebastian,Wainwright,swainwrightd1@digg.com,Male,12/11/2017
471,Jerrie,Ellerington,jelleringtond2@qq.com,Male,5/14/2018
472,Bertina,Hurt,bhurtd3@google.com.au,Female,2/10/2018
473,Patsy,Hasselby,phasselbyd4@discovery.com,Male,5/19/2018
474,Berkly,Pury,bpuryd5@fema.gov,Male,9/19/2018
475,Jake,McKirton,jmckirtond6@google.ru,Male,9/15/2018
476,Bliss,Sliman,bslimand7@reddit.com,Female,3/13/2018
477,Gunner,Corn,gcornd8@weather.com,Male,12/5/2018
478,Katalin,Drache,kdrached9@dmoz.org,Female,5/5/2018
479,Gaylord,Riep,griepda@opensource.org,Male,11/24/2018
480,Haywood,Peris,hperisdb@jugem.jp,Male,2/8/2018
481,Allianora,Kenlin,akenlindc@bloomberg.com,Female,12/1/2018
482,Hatty,Nuss,hnussdd@arstechnica.com,Female,12/17/2017
483,Jacquenetta,Woodier,jwoodierde@boston.com,Female,5/19/2018
484,Culley,Gammett,cgammettdf@plala.or.jp,Male,1/27/2018
485,Bentley,Garett,bgarettdg@microsoft.com,Male,9/1/2018
486,Chelsae,Todhunter,ctodhunterdh@ed.gov,Female,9/26/2018
487,Fey,Piotrowski,fpiotrowskidi@msu.edu,Female,5/25/2018
488,Kiley,Heffron,kheffrondj@archive.org,Male,3/1/2018
489,Alonzo,Symson,asymsondk@hao123.com,Male,7/11/2018
490,Keelby,Hansana,khansanadl@google.ca,Male,10/31/2018
491,Therine,Lawly,tlawlydm@diigo.com,Female,6/26/2018
492,Jaquith,Busch,jbuschdn@upenn.edu,Female,12/5/2018
493,Fancie,Holliar,fholliardo@hc360.com,Female,7/29/2018
494,Randee,Donaho,rdonahodp@printfriendly.com,Female,9/28/2018
495,Aindrea,Sommerscales,asommerscalesdq@cargocollective.com,Female,4/9/2018
496,Erda,Stainbridge,estainbridgedr@csmonitor.com,Female,4/27/2018
497,Otes,Falkingham,ofalkinghamds@vistaprint.com,Male,1/20/2018
498,Tiffy,Marking,tmarkingdt@opera.com,Female,1/2/2018
499,Ted,Mc Comb,tmccombdu@xinhuanet.com,Male,9/29/2018
500,Nikaniki,Brenton,nbrentondv@photobucket.com,Female,9/6/2018
501,Junette,Neilus,jneilusdw@baidu.com,Female,12/7/2018
502,Gerhardine,Willoughby,gwilloughbydx@google.co.uk,Female,9/14/2018
503,Kahlil,Steere,ksteeredy@guardian.co.uk,Male,6/13/2018
504,Kylynn,McReath,kmcreathdz@statcounter.com,Female,9/5/2018
505,Phylis,Karolovsky,pkarolovskye0@tuttocitta.it,Female,7/24/2018
506,Harper,Maybey,hmaybeye1@netlog.com,Male,11/25/2018
507,Bonnee,Raeburn,braeburne2@tamu.edu,Female,2/3/2018
508,Marna,Janikowski,mjanikowskie3@hubpages.com,Female,6/25/2018
509,Sybyl,Lemerle,slemerlee4@phpbb.com,Female,6/25/2018
510,Meredith,Atwool,matwoole5@whitehouse.gov,Male,8/30/2018
511,Gayel,Cossam,gcossame6@epa.gov,Female,5/7/2018
512,Janifer,Reinger,jreingere7@issuu.com,Female,11/2/2018
513,Randene,Brithman,rbrithmane8@amazonaws.com,Female,12/4/2018
514,Liv,Clissett,lclissette9@intel.com,Female,6/6/2018
515,Montague,Stilldale,mstilldaleea@foxnews.com,Male,10/21/2018
516,Jack,Lecordier,jlecordiereb@live.com,Male,2/24/2018
517,Gerrilee,Hindhaugh,ghindhaughec@deviantart.com,Female,2/18/2018
518,Marice,Palatini,mpalatinied@shinystat.com,Female,10/24/2018
519,Ruttger,Bernade,rbernadeee@feedburner.com,Male,9/14/2018
520,Susan,Fawloe,sfawloeef@posterous.com,Female,8/12/2018
521,Petronia,Tuck,ptuckeg@google.fr,Female,12/19/2017
522,Albrecht,Dennant,adennanteh@51.la,Male,9/4/2018
523,Niko,Fielders,nfieldersei@time.com,Male,11/16/2018
524,Lorette,Netherclift,lnethercliftej@jugem.jp,Female,5/14/2018
525,Huey,Saines,hsainesek@over-blog.com,Male,7/20/2018
526,Christy,Cutill,ccutillel@admin.ch,Male,7/5/2018
527,Deni,Peto,dpetoem@google.com.br,Female,7/26/2018
528,Dorene,Aldersley,daldersleyen@histats.com,Female,4/30/2018
529,Jaclin,Abate,jabateeo@shinystat.com,Female,6/12/2018
530,Magdalena,Trigg,mtriggep@shareasale.com,Female,7/20/2018
531,Burty,McInnes,bmcinneseq@usatoday.com,Male,9/15/2018
532,Rusty,Greeve,rgreeveer@huffingtonpost.com,Male,10/25/2018
533,Donetta,Scocroft,dscocroftes@cbslocal.com,Female,3/1/2018
534,Miner,Godmar,mgodmaret@g.co,Male,4/26/2018
535,Rodolph,Elford,relfordeu@constantcontact.com,Male,9/2/2018
536,Ileane,Lowman,ilowmanev@blogtalkradio.com,Female,7/19/2018
537,Susann,Schulz,sschulzew@alibaba.com,Female,6/2/2018
538,Sauveur,Pettengell,spettengellex@guardian.co.uk,Male,4/8/2018
539,Kara,Myring,kmyringey@utexas.edu,Female,10/2/2018
540,Lianne,Lobe,llobeez@miibeian.gov.cn,Female,11/7/2018
541,Skylar,Decort,sdecortf0@statcounter.com,Male,12/15/2017
542,Ferris,Island,fislandf1@digg.com,Male,10/21/2018
543,Rolph,Secret,rsecretf2@wix.com,Male,2/27/2018
544,Erma,Belderfield,ebelderfieldf3@trellian.com,Female,7/30/2018
545,Bay,Bagworth,bbagworthf4@seattletimes.com,Male,11/30/2018
546,Standford,McQuorkel,smcquorkelf5@smugmug.com,Male,5/27/2018
547,Alden,Caso,acasof6@sphinn.com,Male,1/23/2018
548,Harriott,Nevett,hnevettf7@photobucket.com,Female,11/17/2018
549,Roman,Smith,rsmithf8@instagram.com,Male,9/6/2018
550,Jerrilee,Glowinski,jglowinskif9@de.vu,Female,12/26/2017
551,Cami,Pietersma,cpietersmafa@patch.com,Female,9/11/2018
552,Fritz,Baldacco,fbaldaccofb@devhub.com,Male,3/20/2018
553,Benedikt,Morrall,bmorrallfc@opera.com,Male,2/19/2018
554,Darleen,Itzkovsky,ditzkovskyfd@cnet.com,Female,4/14/2018
555,Kris,Livermore,klivermorefe@nih.gov,Male,10/9/2018
556,Louie,Marciskewski,lmarciskewskiff@tinypic.com,Male,6/14/2018
557,Veda,Surgen,vsurgenfg@illinois.edu,Female,11/2/2018
558,Ethyl,Dove,edovefh@hhs.gov,Female,8/3/2018
559,Shir,Goodright,sgoodrightfi@blogger.com,Female,2/21/2018
560,Francis,Muat,fmuatfj@wired.com,Male,9/11/2018
561,Clywd,Comiam,ccomiamfk@bandcamp.com,Male,6/17/2018
562,Rowney,Hussy,rhussyfl@meetup.com,Male,5/3/2018
563,Liva,Clubb,lclubbfm@seesaa.net,Female,1/18/2018
564,Marco,Stichel,mstichelfn@msu.edu,Male,11/5/2018
565,Otha,Rummery,orummeryfo@amazon.de,Female,12/20/2017
566,Dominick,Linnit,dlinnitfp@reddit.com,Male,8/8/2018
567,Nanon,Tuffell,ntuffellfq@utexas.edu,Female,7/16/2018
568,Noak,Agneau,nagneaufr@tripadvisor.com,Male,4/22/2018
569,Gawen,Mariel,gmarielfs@arstechnica.com,Male,3/16/2018
570,Pall,Merit,pmeritft@shop-pro.jp,Male,7/22/2018
571,Savina,Gainsbury,sgainsburyfu@lulu.com,Female,10/7/2018
572,Holly,Macklam,hmacklamfv@aol.com,Male,8/16/2018
573,Emeline,Goodlake,egoodlakefw@mapy.cz,Female,8/11/2018
574,Emlen,Tesh,eteshfx@abc.net.au,Male,7/29/2018
575,Natka,Went,nwentfy@prnewswire.com,Female,8/28/2018
576,Demetria,Bauld,dbauldfz@artisteer.com,Female,11/12/2018
577,Emilee,Steadman,esteadmang0@ow.ly,Female,7/2/2018
578,Talbert,Densham,tdenshamg1@webs.com,Male,9/8/2018
579,Alix,Mellings,amellingsg2@sohu.com,Female,6/6/2018
580,Welch,Lesley,wlesleyg3@a8.net,Male,6/30/2018
581,Galvan,Kinnoch,gkinnochg4@java.com,Male,8/2/2018
582,Even,Marrows,emarrowsg5@cocolog-nifty.com,Male,2/3/2018
583,Myrta,Arnaudon,marnaudong6@noaa.gov,Female,11/13/2018
584,Regan,Buckell,rbuckellg7@hud.gov,Female,10/19/2018
585,Kali,Kewley,kkewleyg8@pinterest.com,Female,8/14/2018
586,Myrtle,Salter,msalterg9@lycos.com,Female,4/17/2018
587,Berkie,Tavernor,btavernorga@redcross.org,Male,9/26/2018
588,Natalina,Brydell,nbrydellgb@squidoo.com,Female,11/14/2018
589,Tye,Dimitrov,tdimitrovgc@taobao.com,Male,11/9/2018
590,Shaylah,Schurcke,sschurckegd@freewebs.com,Female,12/28/2017
591,Valerie,Isoldi,visoldige@dailymotion.com,Female,2/21/2018
592,Elsworth,Chasteau,echasteaugf@reverbnation.com,Male,8/2/2018
593,Vick,Gierardi,vgierardigg@latimes.com,Male,5/25/2018
594,Cybil,Dumbreck,cdumbreckgh@theglobeandmail.com,Female,6/16/2018
595,Suki,Whebell,swhebellgi@slashdot.org,Female,4/17/2018
596,Tammie,Mc Queen,tmcqueengj@flickr.com,Female,7/31/2018
597,Anjela,Arington,aaringtongk@google.cn,Female,3/16/2018
598,Guglielmo,Lambarton,glambartongl@microsoft.com,Male,8/31/2018
599,Gerald,Ivanenko,givanenkogm@blogger.com,Male,9/19/2018
600,Myrtia,Hilldrop,mhilldropgn@nymag.com,Female,5/2/2018
601,Teirtza,Curnnokk,tcurnnokkgo@baidu.com,Female,1/26/2018
602,Claus,Le Quesne,clequesnegp@google.nl,Male,6/30/2018
603,Teddy,Crepel,tcrepelgq@com.com,Male,12/11/2017
604,Micheline,Hrishanok,mhrishanokgr@twitpic.com,Female,2/11/2018
605,Eugine,Trippitt,etrippittgs@jigsy.com,Female,4/27/2018
606,Brook,Aberdalgy,baberdalgygt@wikispaces.com,Male,12/17/2017
607,Lindsey,Horley,lhorleygu@si.edu,Female,6/17/2018
608,George,Jollie,gjolliegv@prweb.com,Male,10/14/2018
609,Eliza,McGeachy,emcgeachygw@auda.org.au,Female,6/13/2018
610,Derrek,Giraldon,dgiraldongx@paypal.com,Male,10/3/2018
611,Gery,Betchley,gbetchleygy@tamu.edu,Male,8/4/2018
612,Cairistiona,Murrells,cmurrellsgz@stanford.edu,Female,2/16/2018
613,Bailie,Mansion,bmansionh0@tamu.edu,Male,12/12/2017
614,Selby,Spavon,sspavonh1@odnoklassniki.ru,Male,7/12/2018
615,Vitoria,Braiden,vbraidenh2@mysql.com,Female,7/6/2018
616,Rorke,Caslett,rcasletth3@fotki.com,Male,9/4/2018
617,Lebbie,Pinks,lpinksh4@free.fr,Female,7/2/2018
618,Alissa,Sambiedge,asambiedgeh5@yale.edu,Female,10/18/2018
619,Vasilis,Pigram,vpigramh6@cbslocal.com,Male,1/3/2018
620,Ollie,Gaskoin,ogaskoinh7@aboutads.info,Male,4/15/2018
621,Inglis,Rozier,irozierh8@fastcompany.com,Male,9/13/2018
622,Ferne,Maffei,fmaffeih9@google.pl,Female,1/8/2018
623,Pearla,Hemerijk,phemerijkha@admin.ch,Female,1/14/2018
624,Thorny,Blaik,tblaikhb@nationalgeographic.com,Male,3/23/2018
625,Cecelia,Geer,cgeerhc@rambler.ru,Female,8/16/2018
626,Pooh,Bradock,pbradockhd@printfriendly.com,Female,8/28/2018
627,Monro,Iiannone,miiannonehe@sciencedirect.com,Male,11/11/2018
628,Garreth,Klaas,gklaashf@narod.ru,Male,7/27/2018
629,Eward,Phayre,ephayrehg@eventbrite.com,Male,9/13/2018
630,Brietta,Frowen,bfrowenhh@prlog.org,Female,12/1/2018
631,Harman,Dullingham,hdullinghamhi@noaa.gov,Male,8/3/2018
632,Bebe,Delia,bdeliahj@blinklist.com,Female,4/9/2018
633,Gene,Levine,glevinehk@bandcamp.com,Male,1/27/2018
634,Ardelia,Rudgerd,arudgerdhl@unesco.org,Female,6/10/2018
635,Gussie,Dayce,gdaycehm@ox.ac.uk,Female,6/1/2018
636,Manfred,Grabiec,mgrabiechn@businesswire.com,Male,11/10/2018
637,Krystal,Borthram,kborthramho@uol.com.br,Female,12/25/2017
638,Colan,Beckhouse,cbeckhousehp@pbs.org,Male,10/9/2018
639,Antons,Beatty,abeattyhq@nymag.com,Male,7/1/2018
640,Mikkel,Peinton,mpeintonhr@joomla.org,Male,7/27/2018
641,Georgi,Vispo,gvispohs@addthis.com,Male,7/28/2018
642,Benjy,Bogart,bbogartht@zimbio.com,Male,9/29/2018
643,Webb,Costi,wcostihu@disqus.com,Male,4/12/2018
644,Karissa,Priest,kpriesthv@dedecms.com,Female,11/30/2018
645,Cindie,Reek,creekhw@webs.com,Female,1/29/2018
646,Zachary,Rubinsztein,zrubinszteinhx@edublogs.org,Male,8/19/2018
647,Talia,Simpole,tsimpolehy@google.it,Female,7/22/2018
648,Maximilien,Beininck,mbeininckhz@ft.com,Male,3/17/2018
649,Shana,Sockell,ssockelli0@tumblr.com,Female,3/24/2018
650,Theo,Smiz,tsmizi1@nbcnews.com,Female,2/17/2018
651,Temple,Yakubovics,tyakubovicsi2@cdc.gov,Male,2/16/2018
652,Bondie,Avann,bavanni3@discuz.net,Male,4/21/2018
653,Zackariah,Abramovici,zabramovicii4@nydailynews.com,Male,7/14/2018
654,Guglielmo,Ickov,gickovi5@nyu.edu,Male,9/13/2018
655,Larry,Lucy,llucyi6@topsy.com,Male,5/6/2018
656,Ezechiel,Bedenham,ebedenhami7@hatena.ne.jp,Male,2/28/2018
657,Mollee,Barme,mbarmei8@youku.com,Female,10/20/2018
658,Mallissa,Walasik,mwalasiki9@moonfruit.com,Female,11/8/2018
659,Maire,Collelton,mcolleltonia@comsenz.com,Female,2/3/2018
660,Gualterio,O'Carroll,gocarrollib@tumblr.com,Male,12/5/2018
661,Man,Cobello,mcobelloic@shutterfly.com,Male,6/15/2018
662,Atlanta,Enoksson,aenokssonid@xing.com,Female,6/24/2018
663,Thorin,Corser,tcorserie@ezinearticles.com,Male,8/9/2018
664,Trudey,Glencros,tglencrosif@sciencedirect.com,Female,7/23/2018
665,Toma,Banham,tbanhamig@disqus.com,Female,9/19/2018
666,Jessey,Seavers,jseaversih@dropbox.com,Male,10/21/2018
667,Iver,Spinas,ispinasii@senate.gov,Male,12/25/2017
668,Angus,Danzig,adanzigij@yolasite.com,Male,2/15/2018
669,Thomasina,Puckham,tpuckhamik@blogs.com,Female,5/22/2018
670,Zaneta,Tourne,ztourneil@nhs.uk,Female,9/19/2018
671,Pincas,Hounsom,phounsomim@hhs.gov,Male,11/25/2018
672,Theodor,Whitlock,twhitlockin@biblegateway.com,Male,2/19/2018
673,Swen,Prettejohns,sprettejohnsio@skyrock.com,Male,9/4/2018
674,Jaimie,Benit,jbenitip@dyndns.org,Female,10/25/2018
675,Yancy,Wattins,ywattinsiq@scientificamerican.com,Male,1/29/2018
676,Mollie,Louch,mlouchir@guardian.co.uk,Female,11/21/2018
677,Whitney,Dorbon,wdorbonis@senate.gov,Female,1/27/2018
678,Olav,MacTeggart,omacteggartit@webmd.com,Male,11/3/2018
679,Cy,Gheorghie,cgheorghieiu@blog.com,Male,11/30/2018
680,Avram,Preedy,apreedyiv@last.fm,Male,6/1/2018
681,Jacinta,Bellenie,jbellenieiw@etsy.com,Female,7/18/2018
682,Joycelin,Daysh,jdayshix@prnewswire.com,Female,3/25/2018
683,Chris,Coldbathe,ccoldbatheiy@meetup.com,Female,8/10/2018
684,Adrien,Mewis,amewisiz@behance.net,Male,11/25/2018
685,Modesta,Tomaello,mtomaelloj0@phoca.cz,Female,12/5/2018
686,Eulalie,Gaynsford,egaynsfordj1@php.net,Female,12/23/2017
687,Durante,Manger,dmangerj2@purevolume.com,Male,10/28/2018
688,Erhard,Oriel,eorielj3@weather.com,Male,7/26/2018
689,Nolly,Titta,ntittaj4@yellowpages.com,Male,8/1/2018
690,Modestia,Pol,mpolj5@myspace.com,Female,2/7/2018
691,Jacquelynn,Scurman,jscurmanj6@com.com,Female,7/5/2018
692,Muhammad,Klinck,mklinckj7@yelp.com,Male,7/23/2018
693,Issi,Aglione,iaglionej8@wix.com,Female,3/27/2018
694,Johann,Schwand,jschwandj9@rambler.ru,Male,8/6/2018
695,Mackenzie,Jansa,mjansaja@gov.uk,Male,12/19/2017
696,Broderic,Atto,battojb@storify.com,Male,1/26/2018
697,Kristel,Earie,keariejc@vinaora.com,Female,6/27/2018
698,Corly,Tench,ctenchjd@cmu.edu,Female,11/8/2018
699,Anne-corinne,Shalcras,ashalcrasje@about.com,Female,11/21/2018
700,Dolf,Stickford,dstickfordjf@miibeian.gov.cn,Male,11/2/2018
701,Laurent,Thunnercliffe,lthunnercliffejg@plala.or.jp,Male,5/14/2018
702,Francisca,Boggers,fboggersjh@ebay.com,Female,1/23/2018
703,Lanny,Eastwell,leastwellji@nsw.gov.au,Female,2/6/2018
704,Rozamond,Symers,rsymersjj@a8.net,Female,2/4/2018
705,Normie,Rubica,nrubicajk@naver.com,Male,5/29/2018
706,Skylar,Kennaway,skennawayjl@discovery.com,Male,8/31/2018
707,Gusti,Chesshyre,gchesshyrejm@taobao.com,Female,12/22/2017
708,Annabela,McIlherran,amcilherranjn@surveymonkey.com,Female,2/16/2018
709,Danny,Cloute,dcloutejo@eventbrite.com,Female,7/20/2018
710,Ivett,Mardoll,imardolljp@who.int,Female,5/3/2018
711,Rem,Riccardelli,rriccardellijq@fastcompany.com,Male,4/20/2018
712,Scotti,Featherstonhaugh,sfeatherstonhaughjr@networksolutions.com,Male,9/15/2018
713,Fulton,Perrins,fperrinsjs@drupal.org,Male,10/13/2018
714,Ted,Robun,trobunjt@plala.or.jp,Male,8/5/2018
715,Muhammad,Plane,mplaneju@about.com,Male,6/20/2018
716,Gauthier,Priddle,gpriddlejv@nsw.gov.au,Male,1/18/2018
717,Elmo,Jakaway,ejakawayjw@xinhuanet.com,Male,12/6/2018
718,Anjela,Nevin,anevinjx@shutterfly.com,Female,4/15/2018
719,Judah,Alwell,jalwelljy@nsw.gov.au,Male,7/13/2018
720,Elwyn,McKinnon,emckinnonjz@cdbaby.com,Male,9/10/2018
721,Meryl,Nesby,mnesbyk0@chron.com,Female,2/6/2018
722,Harcourt,Childers,hchildersk1@uiuc.edu,Male,5/25/2018
723,Doralia,Dragge,ddraggek2@yale.edu,Female,5/17/2018
724,Ebeneser,Ivashnikov,eivashnikovk3@ox.ac.uk,Male,1/5/2018
725,Si,Andrejs,sandrejsk4@redcross.org,Male,5/17/2018
726,Gusta,Kornalik,gkornalikk5@ox.ac.uk,Female,1/3/2018
727,Matthus,McGirr,mmcgirrk6@vkontakte.ru,Male,5/20/2018
728,Reinaldos,Deniskevich,rdeniskevichk7@who.int,Male,6/20/2018
729,Marc,Stapley,mstapleyk8@goo.gl,Male,5/21/2018
730,Tades,Alenshev,talenshevk9@timesonline.co.uk,Male,12/29/2017
731,Vikky,Rowly,vrowlyka@woothemes.com,Female,2/22/2018
732,Katherine,Andersson,kanderssonkb@earthlink.net,Female,7/31/2018
733,Inez,Shirland,ishirlandkc@photobucket.com,Female,12/11/2017
734,Robyn,Willgoose,rwillgoosekd@angelfire.com,Female,2/16/2018
735,Mickey,Brundle,mbrundleke@narod.ru,Male,12/4/2018
736,Walliw,Paynter,wpaynterkf@hexun.com,Female,12/25/2017
737,Madonna,O'Kinedy,mokinedykg@hhs.gov,Female,10/18/2018
738,Velvet,Cartan,vcartankh@hc360.com,Female,1/18/2018
739,Dennie,Forward,dforwardki@wikispaces.com,Male,5/12/2018
740,Nevil,Bullin,nbullinkj@usatoday.com,Male,11/23/2018
741,Kendra,Knotte,kknottekk@google.fr,Female,11/17/2018
742,Derek,Beeckx,dbeeckxkl@dot.gov,Male,10/20/2018
743,Tiff,Fergyson,tfergysonkm@weebly.com,Female,2/3/2018
744,Temple,Kamen,tkamenkn@hexun.com,Male,6/12/2018
745,Reagen,Raftery,rrafteryko@nps.gov,Male,1/6/2018
746,Petra,Bartoszewski,pbartoszewskikp@wp.com,Female,12/17/2017
747,Tedd,Ceccoli,tceccolikq@microsoft.com,Male,8/29/2018
748,Titus,De Gouy,tdegouykr@spotify.com,Male,2/22/2018
749,Carla,Duff,cduffks@list-manage.com,Female,6/7/2018
750,Ivory,Stable,istablekt@apache.org,Female,1/19/2018
751,Ferdy,Bolderstone,fbolderstoneku@barnesandnoble.com,Male,1/3/2018
752,Yolanda,Hanny,yhannykv@salon.com,Female,4/1/2018
753,Dorine,Valenta,dvalentakw@youtube.com,Female,7/5/2018
754,Norine,Attaway,nattawaykx@sitemeter.com,Female,3/26/2018
755,Emelen,Baseley,ebaseleyky@walmart.com,Male,11/18/2018
756,Diarmid,Huchot,dhuchotkz@dell.com,Male,9/27/2018
757,Torre,Mozzetti,tmozzettil0@census.gov,Male,11/7/2018
758,Burch,Frawley,bfrawleyl1@nasa.gov,Male,4/12/2018
759,Joaquin,Murden,jmurdenl2@sun.com,Male,8/3/2018
760,Mel,Catonne,mcatonnel3@t-online.de,Female,4/14/2018
761,Ingelbert,Obert,iobertl4@php.net,Male,7/9/2018
762,Candis,Sabey,csabeyl5@apache.org,Female,11/7/2018
763,Rosamund,Rhead,rrheadl6@deviantart.com,Female,6/12/2018
764,Lee,Austins,laustinsl7@wisc.edu,Female,8/22/2018
765,Derick,Foldes,dfoldesl8@jugem.jp,Male,12/7/2018
766,Marten,Izsak,mizsakl9@gnu.org,Male,7/21/2018
767,Rip,Blakes,rblakesla@meetup.com,Male,2/7/2018
768,Hewie,Vida,hvidalb@xinhuanet.com,Male,2/24/2018
769,Sander,Banker,sbankerlc@zdnet.com,Male,11/5/2018
770,Stanislas,Ovell,sovellld@scientificamerican.com,Male,12/28/2017
771,Glynda,Godin,ggodinle@posterous.com,Female,6/10/2018
772,Jaye,d' Elboux,jdelbouxlf@huffingtonpost.com,Male,3/15/2018
773,Terrence,Igoe,tigoelg@youku.com,Male,2/17/2018
774,Blinni,Lander,blanderlh@xrea.com,Female,9/25/2018
775,Staffard,Eadmead,seadmeadli@liveinternet.ru,Male,6/9/2018
776,Brianna,Aggott,baggottlj@time.com,Female,5/27/2018
777,Taddeo,Rego,tregolk@bbc.co.uk,Male,8/21/2018
778,Carmina,Tomaskunas,ctomaskunasll@a8.net,Female,1/11/2018
779,Town,Allan,tallanlm@cam.ac.uk,Male,8/19/2018
780,Eleni,Iggulden,eigguldenln@wordpress.com,Female,7/26/2018
781,Hermine,Quidenham,hquidenhamlo@sbwire.com,Female,4/22/2018
782,Jesse,Careswell,jcareswelllp@google.it,Male,4/17/2018
783,Lonni,Kemwall,lkemwalllq@jugem.jp,Female,5/15/2018
784,Karie,Marples,kmarpleslr@wufoo.com,Female,9/6/2018
785,Myrvyn,Magne,mmagnels@mediafire.com,Male,4/7/2018
786,Lilia,Laird,llairdlt@examiner.com,Female,3/15/2018
787,Emmery,Carus,ecaruslu@businesswire.com,Male,8/18/2018
788,Al,Rahill,arahilllv@geocities.jp,Male,11/14/2018
789,Nixie,Rime,nrimelw@cbsnews.com,Female,8/2/2018
790,Had,Coysh,hcoyshlx@prlog.org,Male,4/11/2018
791,Tymon,Rilton,triltonly@skype.com,Male,8/7/2018
792,Ariela,Kettlestringes,akettlestringeslz@china.com.cn,Female,4/15/2018
793,Theda,Caswill,tcaswillm0@epa.gov,Female,1/27/2018
794,Dolli,Kynston,dkynstonm1@jalbum.net,Female,1/23/2018
795,Garik,Macro,gmacrom2@netvibes.com,Male,3/25/2018
796,Nikolia,Noden,nnodenm3@illinois.edu,Female,12/31/2017
797,Ian,Gilbertson,igilbertsonm4@businesswire.com,Male,4/16/2018
798,Carine,Berthe,cberthem5@jugem.jp,Female,1/25/2018
799,Florie,Jewitt,fjewittm6@shinystat.com,Female,9/11/2018
800,Donn,Kealy,dkealym7@twitter.com,Male,6/20/2018
801,Horatius,Garci,hgarcim8@skyrock.com,Male,6/5/2018
802,Selby,Mushart,smushartm9@ifeng.com,Male,6/8/2018
803,Welch,Dobsons,wdobsonsma@mac.com,Male,6/12/2018
804,Osbourn,Lutton,oluttonmb@flickr.com,Male,8/27/2018
805,Rakel,Sheara,rshearamc@phoca.cz,Female,7/14/2018
806,Natalee,Jeram,njerammd@washingtonpost.com,Female,9/15/2018
807,Dominga,Heinrici,dheinricime@buzzfeed.com,Female,3/26/2018
808,Lukas,Summerbell,lsummerbellmf@cbslocal.com,Male,3/7/2018
809,Job,Gianolo,jgianolomg@toplist.cz,Male,8/12/2018
810,Maure,Petrashov,mpetrashovmh@artisteer.com,Female,12/11/2017
811,Carmela,Cubbin,ccubbinmi@unblog.fr,Female,5/28/2018
812,Randell,Blanch,rblanchmj@chron.com,Male,1/6/2018
813,Donica,Crufts,dcruftsmk@newsvine.com,Female,2/27/2018
814,Gardner,Timlett,gtimlettml@omniture.com,Male,6/23/2018
815,Afton,Collick,acollickmm@harvard.edu,Female,6/28/2018
816,Dennie,Addinall,daddinallmn@istockphoto.com,Male,2/24/2018
817,Luise,De Vuyst,ldevuystmo@purevolume.com,Female,2/16/2018
818,Mia,Plank,mplankmp@hexun.com,Female,11/2/2018
819,April,Fricke,africkemq@nba.com,Female,2/12/2018
820,Tate,Philipp,tphilippmr@bizjournals.com,Male,7/1/2018
821,Leonid,Pail,lpailms@phoca.cz,Male,3/11/2018
822,Novelia,Ridehalgh,nridehalghmt@ustream.tv,Female,11/25/2018
823,Giacobo,Ambridge,gambridgemu@woothemes.com,Male,3/6/2018
824,Dredi,Tournay,dtournaymv@admin.ch,Female,4/3/2018
825,Fitz,Mannagh,fmannaghmw@hhs.gov,Male,8/18/2018
826,Briney,Diprose,bdiprosemx@opera.com,Female,3/20/2018
827,Derwin,Curson,dcursonmy@t-online.de,Male,12/20/2017
828,Anthea,Bedell,abedellmz@huffingtonpost.com,Female,10/31/2018
829,Reynolds,Ianiello,rianiellon0@miitbeian.gov.cn,Male,5/21/2018
830,Dara,Woollends,dwoollendsn1@wordpress.org,Female,8/3/2018
831,Zuzana,Carluccio,zcarluccion2@jalbum.net,Female,7/22/2018
832,Alvan,Hardware,ahardwaren3@businessweek.com,Male,6/17/2018
833,Gus,Nicholson,gnicholsonn4@yolasite.com,Male,9/1/2018
834,Norah,Rowett,nrowettn5@bluehost.com,Female,9/1/2018
835,Carmelina,Nitto,cnitton6@gnu.org,Female,3/18/2018
836,Daisey,Marriot,dmarriotn7@meetup.com,Female,3/20/2018
837,Wake,Bodill,wbodilln8@wisc.edu,Male,12/21/2017
838,Annamarie,Woliter,awolitern9@simplemachines.org,Female,8/23/2018
839,Davidson,Laurenz,dlaurenzna@telegraph.co.uk,Male,1/21/2018
840,Berta,Fleetham,bfleethamnb@netlog.com,Female,5/16/2018
841,Gigi,MacDonough,gmacdonoughnc@parallels.com,Female,6/17/2018
842,Arin,Foucard,afoucardnd@intel.com,Male,1/11/2018
843,Horatia,Dungate,hdungatene@cafepress.com,Female,7/15/2018
844,Chrysler,Gergler,cgerglernf@theatlantic.com,Female,4/14/2018
845,Cordi,Wallis,cwallisng@rambler.ru,Female,8/27/2018
846,Oran,Lettsom,olettsomnh@bluehost.com,Male,7/9/2018
847,Philipa,Dudding,pduddingni@liveinternet.ru,Female,7/28/2018
848,Briggs,Cassel,bcasselnj@dagondesign.com,Male,3/24/2018
849,Emmanuel,Glendining,eglendiningnk@sohu.com,Male,11/12/2018
850,Brig,Levis,blevisnl@skyrock.com,Male,6/24/2018
851,Adam,Girke,agirkenm@smh.com.au,Male,8/9/2018
852,Linoel,Broy,lbroynn@cyberchimps.com,Male,8/3/2018
853,Fidel,Zebedee,fzebedeeno@miitbeian.gov.cn,Male,1/26/2018
854,Monique,Don,mdonnp@dailymotion.com,Female,7/30/2018
855,Tuck,Wallsworth,twallsworthnq@scribd.com,Male,12/5/2018
856,Amara,Holgan,aholgannr@blogtalkradio.com,Female,3/26/2018
857,Pieter,Berthot,pberthotns@howstuffworks.com,Male,12/13/2017
858,Georgie,Bentson,gbentsonnt@webs.com,Female,4/3/2018
859,Sigrid,Isley,sisleynu@phpbb.com,Female,6/15/2018
860,Suzi,Willder,swilldernv@businessweek.com,Female,2/8/2018
861,Tessa,Senechell,tsenechellnw@mit.edu,Female,8/26/2018
862,Mada,Colomb,mcolombnx@sciencedirect.com,Female,6/3/2018
863,Neall,Terne,nterneny@latimes.com,Male,10/14/2018
864,Adamo,Pursey,apurseynz@blinklist.com,Male,9/15/2018
865,Mariele,Beauman,mbeaumano0@mozilla.org,Female,8/11/2018
866,Erskine,Chiene,echieneo1@buzzfeed.com,Male,4/9/2018
867,Jessie,Castaignet,jcastaigneto2@technorati.com,Male,7/30/2018
868,Lydon,Leaton,lleatono3@spiegel.de,Male,4/2/2018
869,Sholom,Crepel,screpelo4@hubpages.com,Male,3/25/2018
870,Bealle,Collihole,bcolliholeo5@redcross.org,Male,6/20/2018
871,Marris,Startin,mstartino6@so-net.ne.jp,Female,10/14/2018
872,Hadleigh,Salandino,hsalandinoo7@eventbrite.com,Male,7/3/2018
873,Noland,Szymanowski,nszymanowskio8@buzzfeed.com,Male,2/26/2018
874,Davide,Hollow,dhollowo9@nps.gov,Male,10/18/2018
875,Arvy,Chapelle,achapelleoa@edublogs.org,Male,7/14/2018
876,Licha,McGawn,lmcgawnob@amazon.co.uk,Female,12/7/2018
877,Fayina,Gabbatiss,fgabbatissoc@phpbb.com,Female,10/31/2018
878,Hettie,Cappleman,hcapplemanod@nih.gov,Female,5/31/2018
879,Megan,Campagne,mcampagneoe@hc360.com,Female,7/23/2018
880,Lanie,Levermore,llevermoreof@wired.com,Male,1/7/2018
881,Eldredge,Osgarby,eosgarbyog@google.de,Male,9/20/2018
882,Zerk,Grzelak,zgrzelakoh@tripod.com,Male,3/9/2018
883,Ike,Mosedill,imosedilloi@wix.com,Male,3/6/2018
884,Ayn,Zanneli,azannelioj@oakley.com,Female,4/10/2018
885,Keely,Sharple,ksharpleok@about.com,Female,7/17/2018
886,Bond,Billham,bbillhamol@columbia.edu,Male,10/12/2018
887,Jdavie,Itskovitz,jitskovitzom@hostgator.com,Male,4/3/2018
888,Hazlett,Isted,histedon@webnode.com,Male,11/14/2018
889,Alfonse,Peever,apeeveroo@shutterfly.com,Male,5/11/2018
890,Floria,Lanyon,flanyonop@nbcnews.com,Female,11/29/2018
891,Elbertina,Jindracek,ejindracekoq@state.gov,Female,11/16/2018
892,Sheilakathryn,Piecha,spiechaor@census.gov,Female,12/1/2018
893,Sid,Darque,sdarqueos@va.gov,Male,8/14/2018
894,Clarie,Antonnikov,cantonnikovot@google.co.uk,Female,6/24/2018
895,Jud,Darnody,jdarnodyou@sogou.com,Male,6/17/2018
896,Avram,Leisk,aleiskov@51.la,Male,5/8/2018
897,Aymer,Brereton,abreretonow@scribd.com,Male,10/28/2018
898,Udall,Jandourek,ujandourekox@usa.gov,Male,8/23/2018
899,Alison,Shitliffe,ashitliffeoy@shop-pro.jp,Female,2/14/2018
900,Alan,Potten,apottenoz@chron.com,Male,4/5/2018
901,Myrtle,Filyushkin,mfilyushkinp0@abc.net.au,Female,4/18/2018
902,Mark,Hark,mharkp1@indiegogo.com,Male,6/1/2018
903,Vicky,McKinna,vmckinnap2@weather.com,Female,9/2/2018
904,Andriana,Beakes,abeakesp3@tumblr.com,Female,4/11/2018
905,Mark,Loines,mloinesp4@slate.com,Male,1/30/2018
906,Mollee,Broxap,mbroxapp5@cmu.edu,Female,9/21/2018
907,Alasdair,Wigley,awigleyp6@cargocollective.com,Male,10/9/2018
908,Major,Arnall,marnallp7@shop-pro.jp,Male,9/30/2018
909,Ximenez,Corbyn,xcorbynp8@princeton.edu,Male,2/20/2018
910,Kipp,De La Haye,kdelahayep9@geocities.com,Female,11/9/2018
911,Leah,Scadden,lscaddenpa@tumblr.com,Female,7/6/2018
912,Ferrel,Grimwad,fgrimwadpb@nature.com,Male,3/15/2018
913,Kermie,Archibald,karchibaldpc@apple.com,Male,3/2/2018
914,Rorke,Cato,rcatopd@umich.edu,Male,12/7/2018
915,Daron,Pavis,dpavispe@sun.com,Female,8/21/2018
916,Marybelle,Vaney,mvaneypf@delicious.com,Female,2/9/2018
917,Chrissie,Ayscough,cayscoughpg@liveinternet.ru,Male,11/2/2018
918,Reginald,McInerney,rmcinerneyph@delicious.com,Male,10/26/2018
919,Elisha,Pacey,epaceypi@taobao.com,Male,11/18/2018
920,Tiena,Beverage,tbeveragepj@slashdot.org,Female,2/1/2018
921,Meryl,Blackmore,mblackmorepk@vinaora.com,Male,7/20/2018
922,Alexandros,Hovard,ahovardpl@taobao.com,Male,12/27/2017
923,Bartholemy,Piegrome,bpiegromepm@msn.com,Male,2/5/2018
924,Millisent,Drinnan,mdrinnanpn@examiner.com,Female,2/6/2018
925,Candis,Brophy,cbrophypo@dailymotion.com,Female,12/8/2018
926,Katinka,Sarfass,ksarfasspp@instagram.com,Female,7/8/2018
927,Keelia,Bunney,kbunneypq@cbslocal.com,Female,6/2/2018
928,Fredek,Lange,flangepr@eepurl.com,Male,7/3/2018
929,Fredi,Gisbourn,fgisbournps@spiegel.de,Female,11/28/2018
930,Arlen,Bignal,abignalpt@networksolutions.com,Male,3/30/2018
931,Brod,Midlane,bmidlanepu@histats.com,Male,10/30/2018
932,Christen,Caitlin,ccaitlinpv@weather.com,Female,1/17/2018
933,Bobby,Buxey,bbuxeypw@nifty.com,Male,4/2/2018
934,Betta,Sapena,bsapenapx@biblegateway.com,Female,12/21/2017
935,Mariya,Hubber,mhubberpy@purevolume.com,Female,4/10/2018
936,Zandra,Dawley,zdawleypz@artisteer.com,Female,3/24/2018
937,Dory,Pott,dpottq0@123-reg.co.uk,Male,2/2/2018
938,Vivien,Cocker,vcockerq1@about.com,Female,7/31/2018
939,Shoshanna,Kirkbride,skirkbrideq2@fema.gov,Female,3/8/2018
940,Zachary,Balls,zballsq3@php.net,Male,1/2/2018
941,Camel,Larter,clarterq4@parallels.com,Female,2/14/2018
942,Alica,Paffot,apaffotq5@sina.com.cn,Female,6/30/2018
943,Clem,Darque,cdarqueq6@about.me,Male,5/2/2018
944,Binni,Stagg,bstaggq7@studiopress.com,Female,5/1/2018
945,Meara,Kayley,mkayleyq8@chicagotribune.com,Female,10/19/2018
946,Bernarr,Chastenet,bchastenetq9@abc.net.au,Male,5/4/2018
947,Laverna,Extence,lextenceqa@marketwatch.com,Female,7/15/2018
948,Riordan,Le Jean,rlejeanqb@artisteer.com,Male,9/25/2018
949,Martainn,Shurmer,mshurmerqc@usa.gov,Male,4/19/2018
950,Gerhardine,MacDearmont,gmacdearmontqd@aboutads.info,Female,6/8/2018
951,Jazmin,Rae,jraeqe@apple.com,Female,11/13/2018
952,Rem,Marven,rmarvenqf@deliciousdays.com,Male,3/14/2018
953,Kellyann,Avarne,kavarneqg@friendfeed.com,Female,2/10/2018
954,Teresa,Quilty,tquiltyqh@nationalgeographic.com,Female,5/12/2018
955,Bryn,Sheard,bsheardqi@bloomberg.com,Male,5/3/2018
956,Glyn,Dofty,gdoftyqj@shareasale.com,Male,4/27/2018
957,Claudio,McAllister,cmcallisterqk@i2i.jp,Male,7/25/2018
958,Thane,Attfield,tattfieldql@netvibes.com,Male,8/6/2018
959,Ham,Timeby,htimebyqm@github.com,Male,2/18/2018
960,Benita,St Ange,bstangeqn@comcast.net,Female,10/4/2018
961,Allen,Denzilow,adenzilowqo@livejournal.com,Male,7/8/2018
962,Elita,Plan,eplanqp@redcross.org,Female,9/15/2018
963,Moreen,Burtt,mburttqq@reddit.com,Female,12/2/2018
964,Tedman,O'Hannay,tohannayqr@whitehouse.gov,Male,6/30/2018
965,Thatcher,Montacute,tmontacuteqs@bloglines.com,Male,4/5/2018
966,Reginald,Renfield,rrenfieldqt@devhub.com,Male,1/10/2018
967,Ambrosio,Tolchar,atolcharqu@ed.gov,Male,5/4/2018
968,Tremaine,Braybrookes,tbraybrookesqv@techcrunch.com,Male,6/9/2018
969,Lloyd,Matejovsky,lmatejovskyqw@weebly.com,Male,7/12/2018
970,Georgy,Alford,galfordqx@multiply.com,Male,8/4/2018
971,North,Myatt,nmyattqy@devhub.com,Male,5/24/2018
972,Sigismond,Ellesworthe,selleswortheqz@oakley.com,Male,5/7/2018
973,Else,Paulmann,epaulmannr0@bing.com,Female,6/30/2018
974,Lynsey,Totterdell,ltotterdellr1@miibeian.gov.cn,Female,4/9/2018
975,Dilly,Lowers,dlowersr2@pbs.org,Male,10/8/2018
976,Joelie,Biasotti,jbiasottir3@bbb.org,Female,9/17/2018
977,Uri,Stancliffe,ustancliffer4@hibu.com,Male,7/16/2018
978,Troy,Bradley,tbradleyr5@issuu.com,Male,11/22/2018
979,Cecilla,Romaint,cromaintr6@house.gov,Female,8/28/2018
980,Andree,Inglish,ainglishr7@merriam-webster.com,Female,10/5/2018
981,Fredra,Lusher,flusherr8@illinois.edu,Female,9/6/2018
982,Xavier,Sargeant,xsargeantr9@japanpost.jp,Male,8/2/2018
983,Hayyim,Dradey,hdradeyra@spotify.com,Male,9/11/2018
984,Roland,McCuffie,rmccuffierb@wsj.com,Male,5/29/2018
985,Nev,Duigenan,nduigenanrc@about.com,Male,6/30/2018
986,Gennifer,McCrillis,gmccrillisrd@photobucket.com,Female,4/11/2018
987,Mario,Pretsell,mpretsellre@hao123.com,Male,5/5/2018
988,Ashien,Santry,asantryrf@bloomberg.com,Female,10/28/2018
989,Raymond,Stilldale,rstilldalerg@hao123.com,Male,11/17/2018
990,Kassi,Nodin,knodinrh@fema.gov,Female,6/14/2018
991,Itch,Brunstan,ibrunstanri@sciencedirect.com,Male,1/11/2018
992,Matt,Bleakman,mbleakmanrj@so-net.ne.jp,Male,3/11/2018
993,Carma,Mankor,cmankorrk@abc.net.au,Female,4/12/2018
994,Kayne,Hugk,khugkrl@biglobe.ne.jp,Male,10/22/2018
995,Becky,De Biasio,bdebiasiorm@kickstarter.com,Female,7/9/2018
996,Benoit,Cochern,bcochernrn@drupal.org,Male,7/26/2018
997,Alexio,Viant,aviantro@mlb.com,Male,3/10/2018
998,Olympia,Caulkett,ocaulkettrp@google.cn,Female,8/20/2018
999,Ado,Culligan,aculliganrq@parallels.com,Male,5/11/2018
1000,Lauretta,Brandes,lbrandesrr@nps.gov,Female,4/20/2018
