id,first_name,last_name,email,gender,birth_date
1,Giselle,Engeham,gengeham0@nydailynews.com,Female,5/24/2018
2,Bobby,Maysor,bmaysor1@feedburner.com,Male,11/7/2018
3,Wally,Mildmott,wmildmott2@bbc.co.uk,Male,3/5/2018
4,Cedric,Labrenz,clabrenz3@simplemachines.org,Male,4/28/2018
5,Revkah,Denny,rdenny4@sbwire.com,Female,6/8/2018
6,Jay,Sketcher,jsketcher5@fastcompany.com,Male,11/3/2018
7,Nissie,Beniesh,nbeniesh6@google.cn,Female,9/15/2018
8,Waite,Barclay,wbarclay7@usda.gov,Male,2/10/2018
9,Eustacia,Fetter,efetter8@adobe.com,Female,9/27/2018
10,Isobel,Mcettrick,imcettrick9@behance.net,Female,5/31/2018
11,Brunhilda,Whymark,bwhymarka@nasa.gov,Female,1/5/2018
12,Tabbie,Havers,thaversb@desdev.cn,Male,10/16/2018
13,Reba,Purchall,rpurchallc@washington.edu,Female,10/22/2018
14,Rozanne,Burchfield,rburchfieldd@pbs.org,Female,3/26/2018
15,Vonny,Greally,vgreallye@patch.com,Female,9/22/2018
16,Penny,Whiteford,pwhitefordf@businesswire.com,Male,5/1/2018
17,Hi,Jowling,hjowlingg@pcworld.com,Male,12/9/2018
18,Irvin,Jowitt,ijowitth@biblegateway.com,Male,1/23/2018
19,Jarvis,Grigoli,jgrigolii@wix.com,Male,5/24/2018
20,Bliss,Mabbs,bmabbsj@linkedin.com,Female,5/15/2018
21,Sherry,Raulston,sraulstonk@csmonitor.com,Female,11/12/2018
22,Humphrey,Henken,hhenkenl@ezinearticles.com,Male,6/5/2018
23,Rubi,Sandeson,rsandesonm@ocn.ne.jp,Female,4/7/2018
24,Dale,Guillard,dguillardn@ted.com,Male,4/30/2018
25,Kevon,Sails,ksailso@weebly.com,Male,5/28/2018
26,Bryn,Whetton,bwhettonp@redcross.org,Female,11/3/2018
27,Lynda,Bloore,lblooreq@4shared.com,Female,11/6/2018
28,Emiline,Carragher,ecarragherr@xinhuanet.com,Female,6/14/2018
29,Maddie,Drinnan,mdrinnans@google.de,Female,5/3/2018
30,Ambrosius,Willbraham,awillbrahamt@craigslist.org,Male,11/11/2018
31,Osborn,Hiscoe,ohiscoeu@ftc.gov,Male,7/11/2018
32,Cordi,Medhurst,cmedhurstv@princeton.edu,Female,3/24/2018
33,Dennison,Stracey,dstraceyw@shinystat.com,Male,12/30/2017
34,Flore,Cotter,fcotterx@sun.com,Female,3/26/2018
35,Liza,Ayce,laycey@auda.org.au,Female,6/9/2018
36,Ogdan,Sawyers,osawyersz@wikispaces.com,Male,6/11/2018
37,Jsandye,Siddaley,jsiddaley10@earthlink.net,Female,5/31/2018
38,Tim,Levet,tlevet11@unesco.org,Male,11/18/2018
39,Shani,Henkmann,shenkmann12@utexas.edu,Female,5/5/2018
40,Dannel,Aldersea,daldersea13@weibo.com,Male,8/12/2018
41,Kelley,Brandrick,kbrandrick14@fda.gov,Male,2/6/2018
42,Mattie,De Gouy,mdegouy15@epa.gov,Female,10/29/2018
43,Granger,Sayers,gsayers16@arstechnica.com,Male,8/3/2018
44,Lotty,People,lpeople17@epa.gov,Female,1/1/2018
45,Carney,Vannah,cvannah18@ucla.edu,Male,6/19/2018
46,Say,Confait,sconfait19@naver.com,Male,9/13/2018
47,Ailyn,Fennessy,afennessy1a@google.co.jp,Female,3/17/2018
48,Fae,Tisun,ftisun1b@jugem.jp,Female,5/11/2018
49,Gherardo,Pirrie,gpirrie1c@dagondesign.com,Male,12/25/2017
50,Carol,Ovens,covens1d@bing.com,Female,2/16/2018
51,Cash,Boniface,cboniface1e@barnesandnoble.com,Male,10/30/2018
52,Lisetta,Ovens,lovens1f@youtu.be,Female,5/25/2018
53,Karen,Kondratowicz,kkondratowicz1g@addthis.com,Female,5/4/2018
54,Ailene,Dann,adann1h@google.com.br,Female,6/25/2018
55,Persis,Sharper,psharper1i@xinhuanet.com,Female,1/18/2018
56,Gerianne,Backshell,gbackshell1j@cam.ac.uk,Female,2/7/2018
57,Aldin,Gladwish,agladwish1k@ezinearticles.com,Male,3/19/2018
58,Malynda,Minett,mminett1l@list-manage.com,Female,11/13/2018
59,Tuesday,Howel,thowel1m@cdc.gov,Female,4/10/2018
60,Scottie,Fulcher,sfulcher1n@wired.com,Male,5/2/2018
61,Faydra,Osinin,fosinin1o@simplemachines.org,Female,3/31/2018
62,Martyn,Skechley,mskechley1p@webmd.com,Male,9/8/2018
63,Tamar,Fike,tfike1q@dailymotion.com,Female,10/21/2018
64,Davin,Sandon,dsandon1r@yandex.ru,Male,3/31/2018
65,Constantina,Geale,cgeale1s@123-reg.co.uk,Female,4/28/2018
66,Aldridge,Baszniak,abaszniak1t@thetimes.co.uk,Male,10/27/2018
67,Adelle,Sugarman,asugarman1u@nytimes.com,Female,10/19/2018
68,Courtney,Halpeine,chalpeine1v@imdb.com,Male,7/16/2018
69,Lonni,Georgiev,lgeorgiev1w@yellowbook.com,Female,9/10/2018
70,Miles,Vayro,mvayro1x@nhs.uk,Male,11/19/2018
71,Demetria,Roy,droy1y@pcworld.com,Female,1/3/2018
72,Britteny,Francesch,bfrancesch1z@mtv.com,Female,11/1/2018
73,Harley,Ecob,hecob20@independent.co.uk,Female,5/19/2018
74,Skyler,Pettipher,spettipher21@smugmug.com,Male,3/22/2018
75,Frankie,McAllan,fmcallan22@unesco.org,Male,8/27/2018
76,Selie,Sharram,ssharram23@g.co,Female,10/19/2018
77,Tabbatha,Elsey,telsey24@si.edu,Female,8/15/2018
78,Norean,Jiruch,njiruch25@china.com.cn,Female,3/7/2018
79,Gard,Loads,gloads26@huffingtonpost.com,Male,12/20/2017
80,Jereme,Worsell,jworsell27@usnews.com,Male,4/7/2018
81,Lyndsey,Rowling,lrowling28@earthlink.net,Female,10/2/2018
82,Adrienne,Bentz,abentz29@mapy.cz,Female,8/4/2018
83,Antoinette,Witherington,awitherington2a@artisteer.com,Female,11/20/2018
84,Jaime,Fewless,jfewless2b@un.org,Male,10/8/2018
85,Aldon,Fellos,afellos2c@jalbum.net,Male,8/23/2018
86,Tiertza,Colrein,tcolrein2d@hao123.com,Female,4/12/2018
87,Lynette,Derbyshire,lderbyshire2e@infoseek.co.jp,Female,5/30/2018
88,Isac,Gethings,igethings2f@google.fr,Male,7/10/2018
89,Becky,Fassman,bfassman2g@irs.gov,Female,9/16/2018
90,Genna,Proppers,gproppers2h@lycos.com,Female,3/14/2018
91,Zola,Rogerot,zrogerot2i@ihg.com,Female,8/25/2018
92,Barde,Calbert,bcalbert2j@i2i.jp,Male,4/5/2018
93,Morley,Vasnetsov,mvasnetsov2k@sfgate.com,Male,2/11/2018
94,Clementius,Smurthwaite,csmurthwaite2l@bigcartel.com,Male,9/18/2018
95,Bonita,Barge,bbarge2m@sourceforge.net,Female,9/12/2018
96,Bryan,Vitte,bvitte2n@bigcartel.com,Male,12/31/2017
97,Melly,Kleinberer,mkleinberer2o@netvibes.com,Female,1/25/2018
98,Filippa,Heams,fheams2p@rambler.ru,Female,2/23/2018
99,Eben,Andrusyak,eandrusyak2q@ustream.tv,Male,8/23/2018
100,Mikkel,Gawkes,mgawkes2r@pbs.org,Male,4/12/2018
101,Jemmie,Kalinowsky,jkalinowsky2s@bloomberg.com,Female,6/21/2018
102,Keir,Tolliday,ktolliday2t@epa.gov,Male,2/27/2018
103,Tallou,Laverenz,tlaverenz2u@yellowpages.com,Female,10/10/2018
104,Frederic,Mogridge,fmogridge2v@buzzfeed.com,Male,10/14/2018
105,Chico,Gurry,cgurry2w@mozilla.org,Male,11/28/2018
106,Antonio,St. Hill,asthill2x@icq.com,Male,3/16/2018
107,Koressa,Clurow,kclurow2y@cbsnews.com,Female,8/21/2018
108,Frederico,Acey,facey2z@theatlantic.com,Male,8/29/2018
109,Noreen,McCormick,nmccormick30@google.it,Female,1/17/2018
110,Dulcy,Sare,dsare31@addtoany.com,Female,12/6/2018
111,Pryce,Klambt,pklambt32@vk.com,Male,1/4/2018
112,Roshelle,Joslin,rjoslin33@comcast.net,Female,9/30/2018
113,Rodi,Glowacki,rglowacki34@stanford.edu,Female,1/5/2018
114,Bea,Kubyszek,bkubyszek35@mapy.cz,Female,7/5/2018
115,Peirce,Scholling,pscholling36@indiegogo.com,Male,4/27/2018
116,Jamesy,Stradling,jstradling37@sakura.ne.jp,Male,6/24/2018
117,Nessie,Breakspear,nbreakspear38@gnu.org,Female,10/9/2018
118,Inna,Vine,ivine39@si.edu,Female,12/21/2017
119,Christin,Imos,cimos3a@about.com,Female,7/4/2018
120,Valle,Sparrowe,vsparrowe3b@bloglovin.com,Male,8/21/2018
121,Peta,Aldrin,paldrin3c@ameblo.jp,Female,2/16/2018
122,Cheryl,Dudden,cdudden3d@nps.gov,Female,1/30/2018
123,Ilse,Cornilli,icornilli3e@t-online.de,Female,8/1/2018
124,Abbe,Lindwasser,alindwasser3f@topsy.com,Male,5/29/2018
125,Uri,Jouanet,ujouanet3g@odnoklassniki.ru,Male,10/21/2018
126,Hagan,Birtonshaw,hbirtonshaw3h@hostgator.com,Male,2/2/2018
127,Natka,L'Hommeau,nlhommeau3i@omniture.com,Female,1/9/2018
128,Galven,Chessum,gchessum3j@csmonitor.com,Male,6/5/2018
129,Olimpia,Battell,obattell3k@deviantart.com,Female,2/18/2018
130,Tannie,Crut,tcrut3l@howstuffworks.com,Male,12/9/2018
131,Scotti,La Rosa,slarosa3m@miibeian.gov.cn,Male,4/30/2018
132,Jillie,Yurinov,jyurinov3n@nifty.com,Female,10/23/2018
133,Osmund,Stang-Gjertsen,ostanggjertsen3o@acquirethisname.com,Male,11/25/2018
134,Anissa,Lorrimer,alorrimer3p@sciencedaily.com,Female,11/8/2018
135,Cordy,Fossord,cfossord3q@nationalgeographic.com,Male,6/25/2018
136,Torre,Finlayson,tfinlayson3r@4shared.com,Male,11/1/2018
137,Ayn,Grugerr,agrugerr3s@theglobeandmail.com,Female,4/7/2018
138,Keefer,Coryndon,kcoryndon3t@google.nl,Male,11/30/2018
139,Ciel,Vasichev,cvasichev3u@usatoday.com,Female,1/6/2018
140,Hartwell,Ferenc,hferenc3v@godaddy.com,Male,12/24/2017
141,Shaylynn,Ventam,sventam3w@pbs.org,Female,12/31/2017
142,Gayler,Corbert,gcorbert3x@nih.gov,Male,12/13/2017
143,Wrennie,Hulke,whulke3y@sitemeter.com,Female,4/5/2018
144,Isabelle,Berthon,iberthon3z@sphinn.com,Female,10/28/2018
145,Kathryne,Blenkinsop,kblenkinsop40@wordpress.org,Female,1/16/2018
146,Bobina,Grealish,bgrealish41@pagesperso-orange.fr,Female,4/2/2018
147,Venus,Londing,vlonding42@amazon.com,Female,10/13/2018
148,Mace,Adamec,madamec43@histats.com,Male,10/31/2018
149,Eva,Vickerman,evickerman44@cornell.edu,Female,6/20/2018
150,Uriel,Currell,ucurrell45@jugem.jp,Male,8/24/2018
151,Chrysler,Rumbelow,crumbelow46@state.tx.us,Female,1/14/2018
152,Leese,Skiplorne,lskiplorne47@mapquest.com,Female,4/9/2018
153,Fiona,Persich,fpersich48@amazon.com,Female,2/17/2018
154,Madge,Seer,mseer49@goo.gl,Female,2/26/2018
155,Marnie,Korpal,mkorpal4a@whitehouse.gov,Female,4/7/2018
156,Ripley,Dakin,rdakin4b@themeforest.net,Male,12/22/2017
157,Martelle,Honacker,mhonacker4c@cbslocal.com,Female,5/5/2018
158,Dela,Tennison,dtennison4d@disqus.com,Female,11/19/2018
159,Kathrine,Grinvalds,kgrinvalds4e@weebly.com,Female,7/12/2018
160,Drucy,Gallaher,dgallaher4f@biblegateway.com,Female,5/26/2018
161,Hetty,Rutley,hrutley4g@rambler.ru,Female,9/10/2018
162,Adore,McCritchie,amccritchie4h@altervista.org,Female,12/27/2017
163,Aile,Hughes,ahughes4i@utexas.edu,Female,5/30/2018
164,Ondrea,Freebury,ofreebury4j@ucoz.com,Female,2/13/2018
165,Westbrook,Jury,wjury4k@hibu.com,Male,3/27/2018
166,Waldo,Riolfi,wriolfi4l@diigo.com,Male,6/10/2018
167,Gwenneth,Cryer,gcryer4m@goodreads.com,Female,7/21/2018
168,Sharyl,Puddicombe,spuddicombe4n@hibu.com,Female,10/30/2018
169,Tiphanie,Meriott,tmeriott4o@i2i.jp,Female,10/5/2018
170,Malissa,Kinforth,mkinforth4p@house.gov,Female,5/6/2018
171,Ronalda,Rainer,rrainer4q@biblegateway.com,Female,12/23/2017
172,Johannes,Berriball,jberriball4r@mac.com,Male,8/15/2018
173,Cassandry,Gildroy,cgildroy4s@webnode.com,Female,9/17/2018
174,Karol,Colthurst,kcolthurst4t@mysql.com,Female,1/1/2018
175,Wainwright,Idill,widill4u@deviantart.com,Male,11/22/2018
176,Debi,Dampney,ddampney4v@theatlantic.com,Female,3/8/2018
177,Willi,Stowgill,wstowgill4w@hhs.gov,Male,6/7/2018
178,Evangeline,Aston,easton4x@cisco.com,Female,11/20/2018
179,Giacomo,Kliment,gkliment4y@cornell.edu,Male,5/25/2018
180,Andras,Trevains,atrevains4z@phoca.cz,Male,4/3/2018
181,Stephie,Mummery,smummery50@twitpic.com,Female,8/24/2018
182,Corey,Zeale,czeale51@arstechnica.com,Male,12/3/2018
183,Caryl,Goade,cgoade52@wordpress.com,Male,7/11/2018
184,Ron,Haswell,rhaswell53@netvibes.com,Male,8/3/2018
185,Josepha,Hedditch,jhedditch54@examiner.com,Female,5/5/2018
186,Harris,Berryann,hberryann55@dagondesign.com,Male,1/25/2018
187,Torin,Trenaman,ttrenaman56@toplist.cz,Male,12/25/2017
188,Yolane,Ewestace,yewestace57@blogspot.com,Female,7/9/2018
189,Lenore,Grosvener,lgrosvener58@hao123.com,Female,5/6/2018
190,Olivette,Pedrollo,opedrollo59@ucoz.com,Female,9/6/2018
191,Shirline,Rehor,srehor5a@salon.com,Female,11/22/2018
192,Angelica,Shwenn,ashwenn5b@wikimedia.org,Female,8/5/2018
193,Brittani,Tommeo,btommeo5c@google.it,Female,12/2/2018
194,Templeton,Van Zon,tvanzon5d@google.pl,Male,5/17/2018
195,Aaron,Brick,abrick5e@yandex.ru,Male,3/13/2018
196,Dimitry,Kennealy,dkennealy5f@edublogs.org,Male,2/7/2018
197,Bertrand,Durtnel,bdurtnel5g@sina.com.cn,Male,5/10/2018
198,Jami,Frankes,jfrankes5h@godaddy.com,Female,6/2/2018
199,Valerie,Klimp,vklimp5i@usa.gov,Female,9/8/2018
200,Susanne,Crosland,scrosland5j@imageshack.us,Female,4/27/2018
201,Glad,Gouldthorp,ggouldthorp5k@paypal.com,Female,12/8/2018
202,Rustie,Littleton,rlittleton5l@howstuffworks.com,Male,12/28/2017
203,Lilla,Farris,lfarris5m@archive.org,Female,2/7/2018
204,Ashby,Kernell,akernell5n@pbs.org,Male,1/12/2018
205,Mab,Coners,mconers5o@earthlink.net,Female,11/15/2018
206,Ambrosi,Micheli,amicheli5p@redcross.org,Male,4/24/2018
207,Salvidor,Dorie,sdorie5q@yelp.com,Male,1/21/2018
208,Vanda,Gauden,vgauden5r@techcrunch.com,Female,1/11/2018
209,Nadean,Tuft,ntuft5s@google.co.uk,Female,10/28/2018
210,Ferrell,Tytterton,ftytterton5t@dmoz.org,Male,5/23/2018
211,Roselia,Arnholtz,rarnholtz5u@who.int,Female,8/7/2018
212,Alena,Wallege,awallege5v@myspace.com,Female,2/11/2018
213,Lewiss,Baitey,lbaitey5w@vinaora.com,Male,2/3/2018
214,Thadeus,Abdie,tabdie5x@nih.gov,Male,3/27/2018
215,Friederike,Haugh,fhaugh5y@csmonitor.com,Female,8/24/2018
216,Pieter,Marsy,pmarsy5z@sohu.com,Male,6/13/2018
217,Bernadene,Housaman,bhousaman60@drupal.org,Female,12/13/2017
218,Allix,Innott,ainnott61@bandcamp.com,Female,5/5/2018
219,Olag,Domnick,odomnick62@live.com,Male,8/25/2018
220,Tania,Shimwall,tshimwall63@blog.com,Female,12/19/2017
221,Opaline,Kermeen,okermeen64@goodreads.com,Female,7/22/2018
222,Meredeth,Marten,mmarten65@paypal.com,Male,6/7/2018
223,Ripley,O' Neligan,roneligan66@boston.com,Male,9/8/2018
224,Gregorio,Skule,gskule67@yolasite.com,Male,10/21/2018
225,Fulton,Brick,fbrick68@ifeng.com,Male,1/29/2018
226,Fairfax,Gleed,fgleed69@php.net,Male,2/20/2018
227,Frannie,Jellico,fjellico6a@ft.com,Female,3/6/2018
228,Brennen,Munton,bmunton6b@webs.com,Male,1/21/2018
229,Roslyn,Bompass,rbompass6c@people.com.cn,Female,11/22/2018
230,Rutger,Titley,rtitley6d@bandcamp.com,Male,11/16/2018
231,Vincenty,Cartmail,vcartmail6e@diigo.com,Male,3/11/2018
232,Donnell,Gook,dgook6f@newsvine.com,Male,11/24/2018
233,Chryste,Simkins,csimkins6g@typepad.com,Female,1/4/2018
234,Piggy,Tabour,ptabour6h@sogou.com,Male,1/9/2018
235,Meris,Attewill,mattewill6i@typepad.com,Female,7/28/2018
236,Meggie,Shitliffe,mshitliffe6j@desdev.cn,Female,4/7/2018
237,Harri,Magill,hmagill6k@webs.com,Female,5/30/2018
238,Marget,McKennan,mmckennan6l@bbc.co.uk,Female,8/17/2018
239,Felipa,Cogle,fcogle6m@ucoz.ru,Female,3/6/2018
240,Ramsay,Charpling,rcharpling6n@mashable.com,Male,3/27/2018
241,Christi,Bowerbank,cbowerbank6o@nature.com,Female,5/10/2018
242,Kori,Emons,kemons6p@miitbeian.gov.cn,Female,10/13/2018
243,Raine,Aggio,raggio6q@hao123.com,Female,5/5/2018
244,Sherlock,Rous,srous6r@epa.gov,Male,2/5/2018
245,Linnie,MacAskie,lmacaskie6s@walmart.com,Female,12/8/2018
246,Kalila,Tremollet,ktremollet6t@craigslist.org,Female,11/2/2018
247,Rosene,Barok,rbarok6u@jiathis.com,Female,6/28/2018
248,Doloritas,Cawthron,dcawthron6v@unc.edu,Female,1/17/2018
249,Noam,Blaney,nblaney6w@cpanel.net,Male,1/2/2018
250,Theressa,Pidler,tpidler6x@is.gd,Female,10/18/2018
251,Lucy,Bahia,lbahia6y@paypal.com,Female,3/1/2018
252,Sayers,Forman,sforman6z@yahoo.co.jp,Male,12/5/2018
253,Serena,Anfonsi,sanfonsi70@blog.com,Female,12/14/2017
254,Brigg,Taleworth,btaleworth71@accuweather.com,Male,11/13/2018
255,Gray,Tolhurst,gtolhurst72@google.co.uk,Male,5/27/2018
256,Dick,Nern,dnern73@pbs.org,Male,6/20/2018
257,Sharl,Hunnywell,shunnywell74@shutterfly.com,Female,12/12/2017
258,Obadias,Bott,obott75@nbcnews.com,Male,5/28/2018
259,Karin,Polon,kpolon76@amazon.com,Female,5/3/2018
260,Charmian,Peer,cpeer77@alibaba.com,Female,3/23/2018
261,Arlina,Ever,aever78@alexa.com,Female,7/2/2018
262,Karlyn,Vinnick,kvinnick79@digg.com,Female,8/5/2018
263,Cori,Schirok,cschirok7a@istockphoto.com,Female,5/23/2018
264,Floria,Gouldstraw,fgouldstraw7b@answers.com,Female,6/19/2018
265,Edythe,Birdwistle,ebirdwistle7c@java.com,Female,1/2/2018
266,Hollis,Beavington,hbeavington7d@nytimes.com,Male,2/9/2018
267,Burlie,Critten,bcritten7e@opensource.org,Male,4/22/2018
268,Amos,Saffill,asaffill7f@live.com,Male,1/10/2018
269,Farrell,Soldner,fsoldner7g@nyu.edu,Male,4/6/2018
270,Guntar,Dobbs,gdobbs7h@weather.com,Male,5/28/2018
271,Yvor,Bracer,ybracer7i@sfgate.com,Male,6/1/2018
272,Sherry,Fortnum,sfortnum7j@artisteer.com,Female,9/7/2018
273,Solly,Kohn,skohn7k@cnet.com,Male,2/28/2018
274,Will,Tweedell,wtweedell7l@diigo.com,Male,2/16/2018
275,Jenelle,Kerswill,jkerswill7m@answers.com,Female,9/10/2018
276,Meredeth,Currell,mcurrell7n@buzzfeed.com,Male,4/14/2018
277,Lauraine,Nassie,lnassie7o@howstuffworks.com,Female,4/21/2018
278,Emiline,Trenchard,etrenchard7p@mediafire.com,Female,9/19/2018
279,Bernelle,Dulany,bdulany7q@altervista.org,Female,11/16/2018
280,Ileane,Soal,isoal7r@imdb.com,Female,5/25/2018
281,Salvidor,Morland,smorland7s@cafepress.com,Male,8/8/2018
282,Nicolette,Jiroutek,njiroutek7t@thetimes.co.uk,Female,2/21/2018
283,Rozelle,Petrik,rpetrik7u@chron.com,Female,7/26/2018
284,Cher,Cordrey,ccordrey7v@princeton.edu,Female,4/15/2018
285,Linnell,Fardell,lfardell7w@wikia.com,Female,2/2/2018
286,Nappie,Goggen,ngoggen7x@squidoo.com,Male,1/16/2018
287,Sawyer,Balnaves,sbalnaves7y@mapquest.com,Male,4/26/2018
288,Robbert,Rustadge,rrustadge7z@npr.org,Male,7/16/2018
289,Win,Rowlings,wrowlings80@moonfruit.com,Male,12/9/2018
290,Erl,Challenor,echallenor81@who.int,Male,2/16/2018
291,Miof mela,MacGillivrie,mmacgillivrie82@dion.ne.jp,Female,5/5/2018
292,Rubi,Banke,rbanke83@xinhuanet.com,Female,1/7/2018
293,Astrid,Orrom,aorrom84@ow.ly,Female,9/27/2018
294,Grazia,Kelway,gkelway85@clickbank.net,Female,8/20/2018
295,Stephie,Cakes,scakes86@archive.org,Female,3/4/2018
296,Demetrius,Isakovic,disakovic87@indiatimes.com,Male,7/31/2018
297,Tory,Hand,thand88@ning.com,Female,7/30/2018
298,Sinclare,Syce,ssyce89@wsj.com,Male,10/10/2018
299,Lise,Brandle,lbrandle8a@altervista.org,Female,10/5/2018
300,Nana,Blything,nblything8b@bizjournals.com,Female,1/8/2018
301,Marion,Legerwood,mlegerwood8c@wp.com,Male,3/10/2018
302,Yasmeen,Saulter,ysaulter8d@acquirethisname.com,Female,12/11/2017
303,Julio,Scutching,jscutching8e@gizmodo.com,Male,12/2/2018
304,Thomasin,Birch,tbirch8f@surveymonkey.com,Female,12/15/2017
305,Richie,Capron,rcapron8g@cam.ac.uk,Male,7/16/2018
306,Wilie,Goldsbrough,wgoldsbrough8h@google.pl,Female,3/29/2018
307,Edgardo,Deakes,edeakes8i@t-online.de,Male,4/26/2018
308,Miller,Lowndes,mlowndes8j@upenn.edu,Male,12/1/2018
309,Julia,Allwright,jallwright8k@wsj.com,Female,4/19/2018
310,Tabbatha,Caustic,tcaustic8l@oaic.gov.au,Female,4/24/2018
311,Granger,Harwood,gharwood8m@odnoklassniki.ru,Male,8/4/2018
312,Ophelia,Terram,oterram8n@shutterfly.com,Female,11/3/2018
313,Haslett,Richly,hrichly8o@shop-pro.jp,Male,1/8/2018
314,Simon,Stove,sstove8p@spiegel.de,Male,3/7/2018
315,Marlin,Breese,mbreese8q@about.me,Male,12/11/2017
316,Ardeen,Wayon,awayon8r@jimdo.com,Female,1/9/2018
317,Susannah,Manderson,smanderson8s@creativecommons.org,Female,1/27/2018
318,Danica,Ovendon,dovendon8t@techcrunch.com,Female,12/20/2017
319,Maxie,Buckel,mbuckel8u@abc.net.au,Male,12/3/2018
320,Lisle,Isley,lisley8v@marketwatch.com,Male,7/25/2018
321,Patrizius,Bangley,pbangley8w@ca.gov,Male,7/25/2018
322,Eberto,Dufall,edufall8x@cbslocal.com,Male,4/5/2018
323,Virgil,Yesinov,vyesinov8y@gnu.org,Male,12/11/2017
324,Alyce,Curbishley,acurbishley8z@yale.edu,Female,11/20/2018
325,Myrwyn,Hymor,mhymor90@spotify.com,Male,3/16/2018
326,Eirena,Elesander,eelesander91@independent.co.uk,Female,10/1/2018
327,Griffie,Birtonshaw,gbirtonshaw92@census.gov,Male,1/6/2018
328,Belinda,Ribchester,bribchester93@surveymonkey.com,Female,6/14/2018
329,Crysta,Cardenoza,ccardenoza94@live.com,Female,6/4/2018
330,Daron,Snasdell,dsnasdell95@ocn.ne.jp,Male,11/13/2018
331,Padriac,Ramiro,pramiro96@imgur.com,Male,3/23/2018
332,Adam,Sturton,asturton97@ca.gov,Male,1/19/2018
333,Chuck,McQuillan,cmcquillan98@163.com,Male,11/23/2018
334,Junette,Alam,jalam99@google.pl,Female,1/11/2018
335,Dukey,Pretor,dpretor9a@oaic.gov.au,Male,7/9/2018
336,Olav,Hencke,ohencke9b@1688.com,Male,7/19/2018
337,Briano,Vedekhov,bvedekhov9c@cnbc.com,Male,5/8/2018
338,Horten,Farrar,hfarrar9d@google.com.au,Male,12/6/2018
339,Evania,Bentote,ebentote9e@rediff.com,Female,4/29/2018
340,Eleni,Marks,emarks9f@issuu.com,Female,3/30/2018
341,Tremain,Hellen,thellen9g@intel.com,Male,4/29/2018
342,Riane,Linguard,rlinguard9h@buzzfeed.com,Female,9/4/2018
343,Gino,Dagworthy,gdagworthy9i@163.com,Male,9/3/2018
344,Alysia,Rake,arake9j@loc.gov,Female,5/18/2018
345,Sheila,Privost,sprivost9k@flickr.com,Female,11/24/2018
346,Allard,Nani,anani9l@lycos.com,Male,8/25/2018
347,Sebastiano,Urquhart,surquhart9m@adobe.com,Male,7/4/2018
348,Kore,Rivaland,krivaland9n@about.me,Female,9/6/2018
349,Giffie,De Mattia,gdemattia9o@biglobe.ne.jp,Male,6/9/2018
350,Artemus,Helling,ahelling9p@aol.com,Male,10/4/2018
351,Brandtr,Phizakarley,bphizakarley9q@g.co,Male,7/5/2018
352,Marcelline,Blowfield,mblowfield9r@youtube.com,Female,8/25/2018
353,Nina,Sanger,nsanger9s@soup.io,Female,8/7/2018
354,Kelli,Stachini,kstachini9t@answers.com,Female,8/3/2018
355,Cecil,Otto,cotto9u@acquirethisname.com,Male,6/23/2018
356,Jocelyne,Rankcom,jrankcom9v@arstechnica.com,Female,12/21/2017
357,Demetris,Reinhart,dreinhart9w@phoca.cz,Female,4/12/2018
358,Silas,Bodicam,sbodicam9x@webmd.com,Male,8/1/2018
359,Pepe,Pawlowicz,ppawlowicz9y@columbia.edu,Male,5/22/2018
360,Brod,Woodburne,bwoodburne9z@rakuten.co.jp,Male,12/4/2018
361,Bernhard,Spellworth,bspellwortha0@naver.com,Male,9/6/2018
362,Drugi,Cassely,dcasselya1@hc360.com,Male,2/8/2018
363,Nicolea,Bruster,nbrustera2@marketwatch.com,Female,9/28/2018
364,Seamus,Summerskill,ssummerskilla3@tiny.cc,Male,10/20/2018
365,Reinhold,Quainton,rquaintona4@rambler.ru,Male,9/20/2018
366,Hermine,Rupel,hrupela5@arizona.edu,Female,11/26/2018
367,Rhys,Challenger,rchallengera6@earthlink.net,Male,2/1/2018
368,Robby,Hollidge,rhollidgea7@skype.com,Female,11/6/2018
369,Melli,Scaice,mscaicea8@wp.com,Female,3/9/2018
370,Petrina,Eivers,peiversa9@pinterest.com,Female,1/31/2018
371,Hilly,Hurley,hhurleyaa@com.com,Male,1/26/2018
372,Hakim,Keepe,hkeepeab@over-blog.com,Male,6/27/2018
373,Dani,Coller,dcollerac@redcross.org,Male,4/24/2018
374,Hunfredo,Petow,hpetowad@howstuffworks.com,Male,12/3/2018
375,Katlin,Winterflood,kwinterfloodae@hatena.ne.jp,Female,6/11/2018
376,Theo,Robardley,trobardleyaf@bigcartel.com,Male,6/21/2018
377,Irwin,Graben,igrabenag@archive.org,Male,12/26/2017
378,Miguel,Cottrell,mcottrellah@google.co.jp,Male,11/19/2018
379,Jeff,Crawford,jcrawfordai@addthis.com,Male,7/25/2018
380,Ruprecht,O'Sharkey,rosharkeyaj@japanpost.jp,Male,6/24/2018
381,Broderic,Joesbury,bjoesburyak@istockphoto.com,Male,1/21/2018
382,Bennie,Dumingo,bdumingoal@hugedomains.com,Male,3/6/2018
383,Gideon,Bignell,gbignellam@earthlink.net,Male,1/4/2018
384,Inge,Gifkins,igifkinsan@booking.com,Female,1/15/2018
385,Theodoric,Welsh,twelshao@com.com,Male,3/24/2018
386,Hasheem,Ferrai,hferraiap@washingtonpost.com,Male,5/6/2018
387,Nady,McQuode,nmcquodeaq@prlog.org,Female,1/20/2018
388,Griffy,Dommersen,gdommersenar@umich.edu,Male,12/9/2018
389,Rhodia,Iiannoni,riiannonias@scientificamerican.com,Female,9/27/2018
390,Hailee,Lorrain,hlorrainat@harvard.edu,Female,2/6/2018
391,Angel,Peracco,aperaccoau@senate.gov,Female,11/30/2018
392,Onofredo,Harbottle,oharbottleav@linkedin.com,Male,4/7/2018
393,Jakob,Rainton,jraintonaw@buzzfeed.com,Male,8/26/2018
394,Shermy,Batey,sbateyax@hibu.com,Male,4/12/2018
395,Burnard,Stansell,bstansellay@icq.com,Male,11/20/2018
396,Linda,Quilligan,lquilliganaz@google.com.hk,Female,11/26/2018
397,Ricky,Samart,rsamartb0@wsj.com,Female,10/16/2018
398,Clem,Gilogly,cgiloglyb1@exblog.jp,Male,2/20/2018
399,Glenn,Foyston,gfoystonb2@cisco.com,Female,11/6/2018
400,Laryssa,Kier,lkierb3@youku.com,Female,12/29/2017
401,Bambi,Crayton,bcraytonb4@seattletimes.com,Female,3/4/2018
402,Bambie,Veare,bveareb5@ca.gov,Female,11/9/2018
403,Maxim,Elward,melwardb6@elegantthemes.com,Male,9/28/2018
404,Barby,Regglar,bregglarb7@cnet.com,Female,8/14/2018
405,Nickey,Crossthwaite,ncrossthwaiteb8@tuttocitta.it,Male,4/26/2018
406,Karry,Feely,kfeelyb9@barnesandnoble.com,Female,12/25/2017
407,Hobard,Dines,hdinesba@phpbb.com,Male,5/22/2018
408,Lemmie,Screeton,lscreetonbb@cam.ac.uk,Male,7/28/2018
409,Garald,Burmaster,gburmasterbc@soundcloud.com,Male,9/4/2018
410,Davey,Sandeson,dsandesonbd@ibm.com,Male,12/22/2017
411,Keane,Mundy,kmundybe@multiply.com,Male,3/7/2018
412,Sim,Milsom,smilsombf@mapquest.com,Male,8/27/2018
413,Quentin,D'Alessandro,qdalessandrobg@senate.gov,Female,7/12/2018
414,Lowe,Hutton,lhuttonbh@wired.com,Male,12/12/2017
415,Moreen,Goodreid,mgoodreidbi@reference.com,Female,3/17/2018
416,Stewart,Deluca,sdelucabj@prnewswire.com,Male,12/16/2017
417,Todd,Lesor,tlesorbk@europa.eu,Male,5/3/2018
418,Kinnie,Smallpeice,ksmallpeicebl@seesaa.net,Male,6/20/2018
419,Cam,Nunan,cnunanbm@netlog.com,Female,11/24/2018
420,Leeanne,Benza,lbenzabn@msu.edu,Female,11/29/2018
421,Prudence,Pauncefoot,ppauncefootbo@time.com,Female,3/31/2018
422,Mandel,Dawdry,mdawdrybp@reuters.com,Male,5/13/2018
423,Herc,Scutching,hscutchingbq@bigcartel.com,Male,4/14/2018
424,Jerrylee,Liddon,jliddonbr@toplist.cz,Female,12/2/2018
425,Cullen,Kennea,ckenneabs@ifeng.com,Male,5/10/2018
426,Nettle,Spencer,nspencerbt@instagram.com,Female,10/18/2018
427,Maegan,Chennells,mchennellsbu@parallels.com,Female,11/24/2018
428,Chris,Cope,ccopebv@thetimes.co.uk,Male,8/21/2018
429,Lacy,Jako,ljakobw@adobe.com,Female,11/30/2018
430,Gustavus,Puckring,gpuckringbx@tinypic.com,Male,8/31/2018
431,Bobette,Melross,bmelrossby@google.pl,Female,5/12/2018
432,Bliss,Lampel,blampelbz@hugedomains.com,Female,9/17/2018
433,Caril,Goodey,cgoodeyc0@webmd.com,Female,3/7/2018
434,Frankie,Rickard,frickardc1@newsvine.com,Female,10/9/2018
435,Kara-lynn,Ollivierre,kollivierrec2@jugem.jp,Female,7/31/2018
436,Izaak,Cleave,icleavec3@merriam-webster.com,Male,11/10/2018
437,Tedman,Jagielski,tjagielskic4@xrea.com,Male,4/30/2018
438,Cathie,Tackes,ctackesc5@mapquest.com,Female,2/18/2018
439,May,Walhedd,mwalheddc6@chron.com,Female,11/11/2018
440,Robbin,Eberst,reberstc7@mail.ru,Female,8/31/2018
441,Mikol,Cristou,mcristouc8@economist.com,Male,9/29/2018
442,Ortensia,Handley,ohandleyc9@biblegateway.com,Female,4/14/2018
443,Pauly,Devo,pdevoca@mit.edu,Male,10/26/2018
444,Inness,Cowmeadow,icowmeadowcb@princeton.edu,Male,8/5/2018
445,Jacklin,Tollett,jtollettcc@goo.ne.jp,Female,12/26/2017
446,Winfred,MacLeese,wmacleesecd@topsy.com,Male,5/14/2018
447,Beau,Pandey,bpandeyce@wix.com,Male,11/29/2018
448,Elsworth,Beyer,ebeyercf@multiply.com,Male,1/31/2018
449,Ford,Adnett,fadnettcg@unesco.org,Male,3/23/2018
450,Rurik,Mooring,rmooringch@elpais.com,Male,10/16/2018
451,Kristi,Belcham,kbelchamci@stumbleupon.com,Female,7/24/2018
452,Melodee,Oley,moleycj@yandex.ru,Female,11/5/2018
453,Helenelizabeth,Blumire,hblumireck@rakuten.co.jp,Female,11/13/2018
454,Tessie,Ingry,tingrycl@t-online.de,Female,9/30/2018
455,Ira,Havesides,ihavesidescm@ovh.net,Male,6/19/2018
456,Frannie,Stanyard,fstanyardcn@networkadvertising.org,Male,8/24/2018
457,Brennen,M'Chirrie,bmchirrieco@cnbc.com,Male,6/29/2018
458,Wernher,Chattoe,wchattoecp@163.com,Male,6/9/2018
459,Ara,Wigzell,awigzellcq@narod.ru,Male,5/7/2018
460,Elden,Bootes,ebootescr@4shared.com,Male,9/27/2018
461,Glynn,Ewells,gewellscs@globo.com,Male,8/9/2018
462,Conrad,Schonfelder,cschonfelderct@issuu.com,Male,5/25/2018
463,Arlyn,Ryles,arylescu@ox.ac.uk,Female,1/23/2018
464,Rutger,Tomaszkiewicz,rtomaszkiewiczcv@unc.edu,Male,5/23/2018
465,Saundra,Linneman,slinnemancw@china.com.cn,Male,1/26/2018
466,Court,O'Flaverty,coflavertycx@privacy.gov.au,Male,4/17/2018
467,Olenka,Perchard,operchardcy@nhs.uk,Female,10/6/2018
468,Tracie,Mitham,tmithamcz@si.edu,Male,10/23/2018
469,Midge,Cleave,mcleaved0@stanford.edu,Female,10/30/2018
470,Harvey,Orrett,horrettd1@seesaa.net,Male,1/28/2018
471,Merralee,Orpin,morpind2@google.com.au,Female,4/18/2018
472,Dill,Essam,dessamd3@wisc.edu,Male,12/29/2017
473,Ailyn,Ellesworth,aellesworthd4@cisco.com,Female,12/8/2018
474,Lanie,Redford,lredfordd5@cbsnews.com,Male,5/8/2018
475,Zorana,Isack,zisackd6@omniture.com,Female,4/4/2018
476,Tudor,Clemensen,tclemensend7@ft.com,Male,8/28/2018
477,Brett,Gianni,bgiannid8@paypal.com,Female,9/16/2018
478,Keenan,Timny,ktimnyd9@aol.com,Male,6/24/2018
479,Karina,Cayet,kcayetda@cbc.ca,Female,11/29/2018
480,Brady,Oehm,boehmdb@example.com,Male,2/18/2018
481,Ernesta,Borsi,eborsidc@tinyurl.com,Female,11/1/2018
482,Rance,Micheli,rmichelidd@redcross.org,Male,12/1/2018
483,Aileen,Coffee,acoffeede@theguardian.com,Female,11/29/2018
484,Merlina,Crews,mcrewsdf@youku.com,Female,7/29/2018
485,Glenden,Sharrock,gsharrockdg@msu.edu,Male,8/11/2018
486,Nial,Foskett,nfoskettdh@eventbrite.com,Male,11/17/2018
487,Abbie,Bales,abalesdi@github.com,Female,10/22/2018
488,Ashley,Rought,aroughtdj@census.gov,Male,5/5/2018
489,Lynett,Bulley,lbulleydk@reddit.com,Female,1/19/2018
490,Janna,McCawley,jmccawleydl@unc.edu,Female,3/28/2018
491,Rosalind,Fawdrey,rfawdreydm@people.com.cn,Female,9/17/2018
492,Selig,Klaus,sklausdn@yelp.com,Male,12/18/2017
493,Natale,Alejandro,nalejandrodo@cornell.edu,Male,10/28/2018
494,Myrtle,Misk,mmiskdp@merriam-webster.com,Female,9/16/2018
495,Tobie,Rekes,trekesdq@example.com,Male,9/7/2018
496,Christian,Wixey,cwixeydr@google.de,Male,12/21/2017
497,Nessi,Zelley,nzelleyds@webmd.com,Female,3/25/2018
498,Any,Pele,apeledt@xinhuanet.com,Male,7/15/2018
499,Teena,Engall,tengalldu@opensource.org,Female,6/13/2018
500,Dur,Speake,dspeakedv@sitemeter.com,Male,10/7/2018
501,Danika,Grinvalds,dgrinvaldsdw@ask.com,Female,4/5/2018
502,Paige,Kedward,pkedwarddx@xinhuanet.com,Female,10/3/2018
503,Nesta,Clackers,nclackersdy@msu.edu,Female,8/26/2018
504,Kathe,Shelley,kshelleydz@meetup.com,Female,1/9/2018
505,Sandi,Kik,skike0@pagesperso-orange.fr,Female,11/29/2018
506,Lefty,Patillo,lpatilloe1@t.co,Male,10/14/2018
507,Cammy,Winsom,cwinsome2@psu.edu,Female,1/31/2018
508,Cindra,Trenfield,ctrenfielde3@paypal.com,Female,1/3/2018
509,Melany,Alwood,malwoode4@weebly.com,Female,8/26/2018
510,Robinia,Loding,rlodinge5@zimbio.com,Female,5/11/2018
511,Malachi,Brody,mbrodye6@wunderground.com,Male,7/12/2018
512,Gregg,Learmount,glearmounte7@chicagotribune.com,Male,9/13/2018
513,Wanids,Hawtin,whawtine8@bloglovin.com,Female,5/16/2018
514,Cheri,Reihm,creihme9@flickr.com,Female,12/18/2017
515,Rinaldo,Weedall,rweedallea@t.co,Male,3/22/2018
516,Vernice,Dearnaley,vdearnaleyeb@sitemeter.com,Female,11/21/2018
517,Filide,Peaple,fpeapleec@disqus.com,Female,6/24/2018
518,Ruddie,Pyvis,rpyvised@deviantart.com,Male,7/12/2018
519,Trudie,Timmins,ttimminsee@google.ru,Female,5/22/2018
520,Cary,Soanes,csoanesef@scribd.com,Male,6/13/2018
521,Fonzie,Hardin,fhardineg@networksolutions.com,Male,1/8/2018
522,Kellie,Farherty,kfarhertyeh@homestead.com,Female,9/20/2018
523,Kissie,Beardmore,kbeardmoreei@yellowbook.com,Female,8/9/2018
524,Alisun,Cattanach,acattanachej@e-recht24.de,Female,10/6/2018
525,Kristo,Sibille,ksibilleek@pbs.org,Male,3/26/2018
526,Kirstyn,Cansdell,kcansdellel@issuu.com,Female,11/22/2018
527,Cristian,Barsham,cbarshamem@amazon.co.jp,Male,5/15/2018
528,Josias,Mussalli,jmussallien@blogtalkradio.com,Male,7/13/2018
529,Izaak,Hinksen,ihinkseneo@pinterest.com,Male,4/18/2018
530,Kandace,Gascard,kgascardep@wix.com,Female,1/14/2018
531,Basil,Cours,bcourseq@utexas.edu,Male,8/31/2018
532,Edd,Puncher,epuncherer@squidoo.com,Male,4/10/2018
533,Darrick,Moxstead,dmoxsteades@people.com.cn,Male,11/7/2018
534,Pearl,Danielou,pdanielouet@theguardian.com,Female,12/2/2018
535,Lauri,Grinnikov,lgrinnikoveu@typepad.com,Female,10/23/2018
536,Adams,Hussell,ahussellev@si.edu,Male,1/1/2018
537,Aile,Glennie,aglennieew@amazon.co.jp,Female,3/18/2018
538,Betty,Crayton,bcraytonex@nationalgeographic.com,Female,7/16/2018
539,Maude,Andreuzzi,mandreuzziey@imdb.com,Female,9/23/2018
540,Harwilll,Pesticcio,hpesticcioez@noaa.gov,Male,2/26/2018
541,Joel,Braunfeld,jbraunfeldf0@usnews.com,Male,6/8/2018
542,Jillene,Spellman,jspellmanf1@phoca.cz,Female,3/25/2018
543,Raeann,Tamplin,rtamplinf2@google.ca,Female,2/3/2018
544,Olimpia,Pentycross,opentycrossf3@apple.com,Female,5/20/2018
545,Antone,Keeton,akeetonf4@seesaa.net,Male,10/21/2018
546,Wynn,Jager,wjagerf5@nymag.com,Female,11/17/2018
547,Fedora,Josipovic,fjosipovicf6@about.me,Female,12/5/2018
548,Nanete,Barrass,nbarrassf7@va.gov,Female,7/17/2018
549,Gwenneth,Attryde,gattrydef8@ehow.com,Female,10/25/2018
550,Larine,Fishleigh,lfishleighf9@sina.com.cn,Female,7/12/2018
551,Winslow,Ferrer,wferrerfa@cloudflare.com,Male,4/13/2018
552,Boyd,Cornner,bcornnerfb@topsy.com,Male,12/5/2018
553,Gilemette,Storres,gstorresfc@woothemes.com,Female,7/1/2018
554,Zebadiah,Bennison,zbennisonfd@admin.ch,Male,9/9/2018
555,Husein,Headford,hheadfordfe@nsw.gov.au,Male,11/29/2018
556,Gabriela,Coaster,gcoasterff@gizmodo.com,Female,3/9/2018
557,Humfried,Roberson,hrobersonfg@4shared.com,Male,10/8/2018
558,Mattie,Gall,mgallfh@wikimedia.org,Female,2/12/2018
559,Vera,Potbury,vpotburyfi@kickstarter.com,Female,4/16/2018
560,Betty,Crucetti,bcrucettifj@sfgate.com,Female,11/24/2018
561,Twila,Kinnoch,tkinnochfk@rambler.ru,Female,11/26/2018
562,Retha,Robertot,rrobertotfl@qq.com,Female,3/9/2018
563,Hamil,Barnsdale,hbarnsdalefm@1und1.de,Male,7/1/2018
564,Isabel,O'Brian,iobrianfn@clickbank.net,Female,11/20/2018
565,Boot,Agott,bagottfo@census.gov,Male,6/29/2018
566,Shem,Pighills,spighillsfp@1und1.de,Male,8/22/2018
567,Damiano,Kleis,dkleisfq@t.co,Male,8/4/2018
568,Corrinne,Walley,cwalleyfr@ycombinator.com,Female,4/11/2018
569,Nady,McOwan,nmcowanfs@msn.com,Female,4/17/2018
570,Grantley,Bosward,gboswardft@meetup.com,Male,7/26/2018
571,Renaud,O'Clery,rocleryfu@cargocollective.com,Male,4/14/2018
572,Charmian,Vanderson,cvandersonfv@imgur.com,Female,10/12/2018
573,Brigg,Blaik,bblaikfw@wp.com,Male,3/7/2018
574,Clayson,Tregido,ctregidofx@google.ru,Male,1/6/2018
575,Danyelle,Stalman,dstalmanfy@elegantthemes.com,Female,8/11/2018
576,Erl,Bellhouse,ebellhousefz@shareasale.com,Male,9/21/2018
577,Allene,Jarrett,ajarrettg0@businessweek.com,Female,11/27/2018
578,Melantha,Pendrick,mpendrickg1@yelp.com,Female,7/14/2018
579,Samuel,Jurczik,sjurczikg2@gnu.org,Male,6/5/2018
580,Jeannine,Priscott,jpriscottg3@wufoo.com,Female,11/1/2018
581,Wallis,Wyness,wwynessg4@mediafire.com,Female,9/18/2018
582,Linnie,Newey,lneweyg5@privacy.gov.au,Female,11/19/2018
583,Micheal,Wedlake,mwedlakeg6@wikispaces.com,Male,7/11/2018
584,Darrel,Khosa,dkhosag7@fotki.com,Male,3/18/2018
585,Simeon,Oblein,sobleing8@weebly.com,Male,5/5/2018
586,Lelia,Onslow,lonslowg9@nydailynews.com,Female,6/3/2018
587,Dalton,Blacksell,dblacksellga@deliciousdays.com,Male,3/30/2018
588,Kenneth,Napolitano,knapolitanogb@paginegialle.it,Male,7/1/2018
589,Zia,Ramme,zrammegc@istockphoto.com,Female,9/13/2018
590,Vittoria,Ride,vridegd@hexun.com,Female,1/18/2018
591,Dale,Dockery,ddockeryge@cyberchimps.com,Male,3/12/2018
592,Scarface,Ghidoli,sghidoligf@goo.ne.jp,Male,6/11/2018
593,Haslett,Lalley,hlalleygg@acquirethisname.com,Male,5/8/2018
594,Garvy,Askie,gaskiegh@slideshare.net,Male,11/15/2018
595,Cordey,Sellick,csellickgi@icio.us,Female,6/8/2018
596,Helge,Cathersides,hcathersidesgj@scientificamerican.com,Female,5/8/2018
597,Gorden,Murgatroyd,gmurgatroydgk@wsj.com,Male,8/10/2018
598,Sheilakathryn,Dalley,sdalleygl@netlog.com,Female,7/25/2018
599,Rudiger,Tadgell,rtadgellgm@cnet.com,Male,6/10/2018
600,Vladimir,Hailes,vhailesgn@artisteer.com,Male,7/8/2018
601,Otho,McKiernan,omckiernango@ed.gov,Male,6/29/2018
602,Shela,Robun,srobungp@technorati.com,Female,11/15/2018
603,Cyndy,Chasier,cchasiergq@goo.ne.jp,Female,2/15/2018
604,Humberto,Chstney,hchstneygr@bloglines.com,Male,3/18/2018
605,Dell,Clutten,dcluttengs@sciencedaily.com,Male,3/2/2018
606,Gabbey,Lucius,gluciusgt@disqus.com,Female,5/25/2018
607,Polly,Hintze,phintzegu@squarespace.com,Female,10/10/2018
608,Brigham,Almond,balmondgv@scientificamerican.com,Male,4/28/2018
609,Falito,Theunissen,ftheunissengw@huffingtonpost.com,Male,9/29/2018
610,Adena,Ganter,agantergx@freewebs.com,Female,11/2/2018
611,Kean,Marrington,kmarringtongy@photobucket.com,Male,3/22/2018
612,Bank,Birts,bbirtsgz@toplist.cz,Male,7/18/2018
613,Harris,Sandom,hsandomh0@va.gov,Male,10/18/2018
614,Henrieta,Algeo,halgeoh1@jugem.jp,Female,1/28/2018
615,Petrina,Basketter,pbasketterh2@nytimes.com,Female,8/18/2018
616,Leonid,Merwede,lmerwedeh3@baidu.com,Male,4/25/2018
617,Ransell,Radcliffe,rradcliffeh4@yahoo.co.jp,Male,7/20/2018
618,Julio,Franks,jfranksh5@barnesandnoble.com,Male,6/5/2018
619,Ewan,Stronack,estronackh6@nasa.gov,Male,8/6/2018
620,Isabeau,Hickin,ihickinh7@utexas.edu,Female,8/14/2018
621,Dulcia,Bourget,dbourgeth8@ask.com,Female,3/20/2018
622,Ivor,Anthonsen,ianthonsenh9@ted.com,Male,4/5/2018
623,Lorry,Tyndall,ltyndallha@ebay.co.uk,Male,12/28/2017
624,Meade,Bambra,mbambrahb@elegantthemes.com,Male,1/1/2018
625,Thelma,Kirkhouse,tkirkhousehc@yellowpages.com,Female,2/6/2018
626,Natalie,Bilovsky,nbilovskyhd@com.com,Female,5/23/2018
627,Lorin,Blacket,lblackethe@time.com,Male,7/31/2018
628,Stillmann,Lenormand,slenormandhf@mashable.com,Male,12/17/2017
629,Arvin,Savin,asavinhg@jimdo.com,Male,8/19/2018
630,Brian,Cuskery,bcuskeryhh@youtube.com,Male,10/12/2018
631,Becki,Clynter,bclynterhi@amazon.co.uk,Female,4/30/2018
632,Neville,Loughlan,nloughlanhj@apple.com,Male,6/10/2018
633,Merrill,Mitchall,mmitchallhk@delicious.com,Male,9/6/2018
634,Corey,Lickorish,clickorishhl@deviantart.com,Female,1/18/2018
635,Brier,Swidenbank,bswidenbankhm@utexas.edu,Female,12/30/2017
636,Halsy,Arnholdt,harnholdthn@gmpg.org,Male,2/7/2018
637,Fayina,Taveriner,ftaverinerho@cafepress.com,Female,11/3/2018
638,Dot,Biernat,dbiernathp@google.fr,Female,11/27/2018
639,Gae,Fitzharris,gfitzharrishq@paypal.com,Female,1/1/2018
640,Cedric,Mawditt,cmawditthr@buzzfeed.com,Male,1/17/2018
641,Crissy,Rothman,crothmanhs@prlog.org,Female,4/3/2018
642,Ronnica,Tideswell,rtideswellht@xinhuanet.com,Female,11/20/2018
643,Ginnie,Tasseler,gtasselerhu@shinystat.com,Female,12/30/2017
644,Giles,Vasilik,gvasilikhv@pcworld.com,Male,4/1/2018
645,Guthrie,Nannetti,gnannettihw@com.com,Male,5/6/2018
646,Barris,Marrow,bmarrowhx@illinois.edu,Male,12/7/2018
647,Lurline,Ivashchenko,livashchenkohy@lycos.com,Female,10/24/2018
648,Urson,Dysert,udyserthz@ed.gov,Male,6/10/2018
649,Fin,Klaves,fklavesi0@marketwatch.com,Male,3/7/2018
650,Bamby,Hansana,bhansanai1@google.co.uk,Female,6/16/2018
651,Pepito,Burren,pburreni2@pbs.org,Male,12/26/2017
652,Bobette,Ashlee,bashleei3@baidu.com,Female,6/2/2018
653,Valina,Crankshaw,vcrankshawi4@boston.com,Female,3/16/2018
654,Ardelia,Lashford,alashfordi5@jimdo.com,Female,10/17/2018
655,Lezley,Brussell,lbrusselli6@npr.org,Male,3/29/2018
656,Goldy,Sumner,gsumneri7@blog.com,Female,3/10/2018
657,Angeline,Strathern,astratherni8@cocolog-nifty.com,Female,10/11/2018
658,Gerrilee,Bjorkan,gbjorkani9@loc.gov,Female,5/21/2018
659,Sigmund,Berryann,sberryannia@123-reg.co.uk,Male,5/2/2018
660,Jeffry,De la Eglise,jdelaegliseib@psu.edu,Male,7/14/2018
661,Noreen,McGlade,nmcgladeic@senate.gov,Female,2/20/2018
662,Jenifer,Hug,jhugid@wired.com,Female,1/7/2018
663,Bren,Lawty,blawtyie@last.fm,Male,4/19/2018
664,Rosemarie,Breem,rbreemif@topsy.com,Female,9/20/2018
665,Michel,Ellit,mellitig@google.es,Male,5/12/2018
666,Veronike,McAvey,vmcaveyih@elegantthemes.com,Female,3/6/2018
667,Devonne,Atley,datleyii@naver.com,Female,5/12/2018
668,Luise,Craw,lcrawij@mayoclinic.com,Female,4/15/2018
669,Amalia,Stockow,astockowik@liveinternet.ru,Female,6/27/2018
670,Joellyn,Abberley,jabberleyil@canalblog.com,Female,11/16/2018
671,Renato,Charrette,rcharretteim@nps.gov,Male,9/30/2018
672,Theressa,McGlue,tmcgluein@rambler.ru,Female,7/26/2018
673,Francklyn,Coffelt,fcoffeltio@freewebs.com,Male,2/22/2018
674,Sigmund,Cummine,scummineip@earthlink.net,Male,12/8/2018
675,Mallorie,Stanlike,mstanlikeiq@ibm.com,Female,5/10/2018
676,Scotty,Chalfant,schalfantir@ucla.edu,Male,8/19/2018
677,Raddy,Alishoner,ralishoneris@sciencedirect.com,Male,4/21/2018
678,Verine,Northedge,vnorthedgeit@themeforest.net,Female,7/21/2018
679,Mariam,Sidaway,msidawayiu@blogs.com,Female,12/8/2018
680,Natal,Mahaffey,nmahaffeyiv@webmd.com,Male,9/17/2018
681,Corilla,Casillis,ccasillisiw@admin.ch,Female,5/3/2018
682,Hollyanne,Taunton,htauntonix@europa.eu,Female,8/10/2018
683,Bar,Tinan,btinaniy@google.cn,Male,6/25/2018
684,Fanya,Bartot,fbartotiz@senate.gov,Female,10/9/2018
685,Katlin,Keefe,kkeefej0@wordpress.org,Female,4/2/2018
686,Carie,Waleran,cwaleranj1@abc.net.au,Female,7/29/2018
687,Elvis,Pennini,epenninij2@netlog.com,Male,6/4/2018
688,Cynthie,Havock,chavockj3@bravesites.com,Female,3/8/2018
689,Tymon,Arsnell,tarsnellj4@msn.com,Male,7/8/2018
690,Constantine,Klimentov,cklimentovj5@blogtalkradio.com,Male,11/27/2018
691,Jere,Halbord,jhalbordj6@shareasale.com,Male,6/25/2018
692,Harland,Heisler,hheislerj7@slashdot.org,Male,4/5/2018
693,Brock,Burkill,bburkillj8@blogtalkradio.com,Male,9/27/2018
694,Angelica,Baylis,abaylisj9@constantcontact.com,Female,5/17/2018
695,Oralie,Pereira,opereiraja@mayoclinic.com,Female,7/31/2018
696,Carolan,Lindeboom,clindeboomjb@godaddy.com,Female,6/9/2018
697,Alexandre,Kirstein,akirsteinjc@nhs.uk,Male,1/6/2018
698,Hanny,Skip,hskipjd@example.com,Female,4/18/2018
699,Leslie,Autry,lautryje@cloudflare.com,Male,12/20/2017
700,Nina,De Laci,ndelacijf@cnbc.com,Female,5/5/2018
701,Brenda,Baynon,bbaynonjg@vk.com,Female,1/24/2018
702,Jory,Labrow,jlabrowjh@epa.gov,Male,10/3/2018
703,Bridgette,Riceards,briceardsji@cdc.gov,Female,7/1/2018
704,Melodee,Troubridge,mtroubridgejj@dagondesign.com,Female,10/16/2018
705,Jerrilee,Bambra,jbambrajk@hubpages.com,Female,4/29/2018
706,Donovan,Collis,dcollisjl@freewebs.com,Male,6/23/2018
707,Lindsey,Blaszczynski,lblaszczynskijm@twitpic.com,Male,12/30/2017
708,Jordanna,Pietrzak,jpietrzakjn@ihg.com,Female,11/8/2018
709,Odetta,Roffe,oroffejo@ft.com,Female,4/29/2018
710,Sherm,Arsnell,sarsnelljp@thetimes.co.uk,Male,7/9/2018
711,Christiane,Grigor,cgrigorjq@cbslocal.com,Female,3/30/2018
712,Gris,Draysey,gdrayseyjr@friendfeed.com,Male,7/18/2018
713,Rochette,Robens,rrobensjs@odnoklassniki.ru,Female,8/10/2018
714,Lana,Bouchard,lbouchardjt@state.gov,Female,2/8/2018
715,Gilberta,Lehemann,glehemannju@imdb.com,Female,5/3/2018
716,Cassandra,Dansie,cdansiejv@unicef.org,Female,5/15/2018
717,Nickey,Bartle,nbartlejw@narod.ru,Male,6/4/2018
718,Bernita,Lille,blillejx@yellowpages.com,Female,7/29/2018
719,Horatia,Heaysman,hheaysmanjy@jugem.jp,Female,7/26/2018
720,Gualterio,Hibling,ghiblingjz@fema.gov,Male,10/14/2018
721,Dyan,Bruckshaw,dbruckshawk0@github.com,Female,6/4/2018
722,Zacherie,Goodredge,zgoodredgek1@state.gov,Male,7/5/2018
723,Husein,Fardy,hfardyk2@google.com.br,Male,2/14/2018
724,Martina,Jeness,mjenessk3@exblog.jp,Female,2/13/2018
725,Torey,Quartermaine,tquartermainek4@alexa.com,Female,1/2/2018
726,Buffy,Filippucci,bfilippuccik5@netscape.com,Female,7/28/2018
727,Theodora,Lebbon,tlebbonk6@cpanel.net,Female,12/19/2017
728,Zak,Harrington,zharringtonk7@google.com,Male,1/13/2018
729,Dukie,Cromie,dcromiek8@hubpages.com,Male,12/28/2017
730,Cchaddie,Jakeway,cjakewayk9@sohu.com,Male,6/6/2018
731,Christian,Brombell,cbrombellka@rambler.ru,Male,4/9/2018
732,Peadar,Stancer,pstancerkb@dyndns.org,Male,7/31/2018
733,Karin,Hawkswood,khawkswoodkc@jimdo.com,Female,7/29/2018
734,Dominga,Kinman,dkinmankd@amazon.co.uk,Female,9/28/2018
735,Alejandra,Seale,asealeke@army.mil,Female,11/14/2018
736,Ervin,Demangeon,edemangeonkf@yandex.ru,Male,8/17/2018
737,Petronella,Kayne,pkaynekg@usatoday.com,Female,1/13/2018
738,Waldo,Taplin,wtaplinkh@istockphoto.com,Male,5/8/2018
739,Melinda,Cuppitt,mcuppittki@barnesandnoble.com,Female,11/27/2018
740,Teressa,Pooke,tpookekj@wp.com,Female,10/30/2018
741,Eran,Jefferys,ejefferyskk@accuweather.com,Female,2/13/2018
742,Nolly,Sallarie,nsallariekl@time.com,Male,7/8/2018
743,Alford,Geary,agearykm@earthlink.net,Male,4/14/2018
744,Yankee,Barbosa,ybarbosakn@cbc.ca,Male,6/20/2018
745,Marleah,Crummey,mcrummeyko@cam.ac.uk,Female,4/22/2018
746,Angelo,Georgeon,ageorgeonkp@ycombinator.com,Male,7/24/2018
747,Austin,Simmins,asimminskq@sphinn.com,Female,8/29/2018
748,Erich,Cornewell,ecornewellkr@goo.gl,Male,7/17/2018
749,Delmar,Raith,draithks@businessinsider.com,Male,12/21/2017
750,Hussein,Bandy,hbandykt@yahoo.com,Male,3/28/2018
751,Linnet,Symson,lsymsonku@ted.com,Female,6/23/2018
752,Cathryn,Dunkley,cdunkleykv@cbc.ca,Female,2/17/2018
753,Gallagher,Cardoso,gcardosokw@spiegel.de,Male,12/19/2017
754,Melloney,Addekin,maddekinkx@columbia.edu,Female,6/3/2018
755,Fairlie,MacLucais,fmaclucaisky@soundcloud.com,Male,5/25/2018
756,Alikee,Pietruszka,apietruszkakz@smugmug.com,Female,2/21/2018
757,Lyndell,Senecaut,lsenecautl0@cornell.edu,Female,7/2/2018
758,Truman,Czajka,tczajkal1@amazon.com,Male,4/6/2018
759,Elyn,Roomes,eroomesl2@friendfeed.com,Female,10/27/2018
760,Cati,Barlie,cbarliel3@ucoz.ru,Female,3/10/2018
761,Lucais,Iashvili,liashvilil4@ustream.tv,Male,12/28/2017
762,Joyous,Heggie,jheggiel5@adobe.com,Female,8/6/2018
763,Melvyn,Brownlea,mbrownleal6@naver.com,Male,10/10/2018
764,Pattie,Farrah,pfarrahl7@xrea.com,Male,4/2/2018
765,Saundra,Golborne,sgolbornel8@dyndns.org,Male,8/6/2018
766,Ashby,Cator,acatorl9@yellowbook.com,Male,8/19/2018
767,Murry,Agutter,magutterla@creativecommons.org,Male,5/7/2018
768,Emory,Helversen,ehelversenlb@ucoz.ru,Male,2/2/2018
769,Francklyn,Costin,fcostinlc@xinhuanet.com,Male,2/14/2018
770,Ozzy,Witheridge,owitheridgeld@privacy.gov.au,Male,8/31/2018
771,Lou,Cassimer,lcassimerle@123-reg.co.uk,Male,4/10/2018
772,Lorie,Rubbert,lrubbertlf@hc360.com,Female,2/23/2018
773,Nickey,Jacomb,njacomblg@dedecms.com,Male,1/24/2018
774,Sara,Lehmann,slehmannlh@about.com,Female,6/9/2018
775,Zechariah,Rittelmeyer,zrittelmeyerli@mlb.com,Male,8/13/2018
776,Rica,Holbury,rholburylj@ftc.gov,Female,1/2/2018
777,Noak,Harryman,nharrymanlk@fotki.com,Male,1/21/2018
778,Bengt,Janaszewski,bjanaszewskill@kickstarter.com,Male,2/4/2018
779,Nat,Schwander,nschwanderlm@canalblog.com,Male,9/26/2018
780,Rooney,Meyrick,rmeyrickln@admin.ch,Male,1/3/2018
781,Flossi,Roycroft,froycroftlo@liveinternet.ru,Female,3/8/2018
782,Barth,Hartmann,bhartmannlp@biblegateway.com,Male,4/3/2018
783,Lyssa,Syres,lsyreslq@techcrunch.com,Female,5/30/2018
784,Gianni,Church,gchurchlr@admin.ch,Male,8/15/2018
785,Ester,Frake,efrakels@deliciousdays.com,Female,4/18/2018
786,Evered,McQuin,emcquinlt@abc.net.au,Male,1/6/2018
787,Daphna,Dalgardno,ddalgardnolu@patch.com,Female,6/22/2018
788,Inger,Mace,imacelv@cam.ac.uk,Female,11/13/2018
789,Ewan,Spendlove,espendlovelw@seesaa.net,Male,7/31/2018
790,Alanson,Farahar,afaraharlx@jiathis.com,Male,10/10/2018
791,Bartram,Rosenfelt,brosenfeltly@nifty.com,Male,5/19/2018
792,Latrena,Van den Velde,lvandenveldelz@statcounter.com,Female,5/5/2018
793,Dominick,Worland,dworlandm0@about.com,Male,2/24/2018
794,Bibbie,Powlesland,bpowleslandm1@51.la,Female,2/17/2018
795,Melitta,Goldhawk,mgoldhawkm2@nih.gov,Female,4/24/2018
796,Cyndy,Phonix,cphonixm3@baidu.com,Female,11/17/2018
797,Roseann,Wilsdon,rwilsdonm4@cnbc.com,Female,3/12/2018
798,Lyell,Gadd,lgaddm5@uiuc.edu,Male,5/23/2018
799,Leon,Dundredge,ldundredgem6@gizmodo.com,Male,12/7/2018
800,Salvador,Rosenzveig,srosenzveigm7@wunderground.com,Male,4/23/2018
801,Ottilie,Stretton,ostrettonm8@com.com,Female,10/25/2018
802,Marybelle,Willgoss,mwillgossm9@newsvine.com,Female,4/25/2018
803,Langsdon,Thwaite,lthwaitema@yelp.com,Male,8/12/2018
804,Ramonda,Sherrell,rsherrellmb@phoca.cz,Female,12/20/2017
805,Angelia,Prichard,aprichardmc@cnn.com,Female,3/20/2018
806,Sherye,Lambourne,slambournemd@tuttocitta.it,Female,11/23/2018
807,Denny,Punton,dpuntonme@abc.net.au,Female,9/1/2018
808,Vanda,Abraham,vabrahammf@cocolog-nifty.com,Female,3/9/2018
809,Ashli,Cahn,acahnmg@shop-pro.jp,Female,6/3/2018
810,Billie,Huckle,bhucklemh@springer.com,Female,5/13/2018
811,Cara,Hayter,chaytermi@rambler.ru,Female,6/1/2018
812,King,Tasseler,ktasselermj@microsoft.com,Male,12/2/2018
813,Odo,Lainge,olaingemk@marriott.com,Male,6/18/2018
814,Vyky,Quincey,vquinceyml@flickr.com,Female,4/3/2018
815,Merralee,Readings,mreadingsmm@opensource.org,Female,11/5/2018
816,Brocky,Hamner,bhamnermn@usnews.com,Male,2/6/2018
817,Ralph,Copland,rcoplandmo@nsw.gov.au,Male,2/1/2018
818,Tisha,Maxwale,tmaxwalemp@reference.com,Female,9/3/2018
819,Thedric,Jeens,tjeensmq@hao123.com,Male,8/30/2018
820,Fiona,Vamplus,fvamplusmr@about.com,Female,6/8/2018
821,Jenelle,Yewdall,jyewdallms@dmoz.org,Female,5/11/2018
822,Constancy,Bradshaw,cbradshawmt@who.int,Female,7/2/2018
823,Dedie,Hopkyns,dhopkynsmu@unesco.org,Female,3/30/2018
824,Kin,Stears,kstearsmv@seesaa.net,Male,1/21/2018
825,Verna,Sinkin,vsinkinmw@multiply.com,Female,11/20/2018
826,Hillel,Robb,hrobbmx@twitpic.com,Male,2/14/2018
827,Emmaline,Lyes,elyesmy@yelp.com,Female,11/14/2018
828,Christina,Giller,cgillermz@cbsnews.com,Female,6/26/2018
829,June,Proudman,jproudmann0@tripod.com,Female,1/1/2018
830,Jo-anne,Bartod,jbartodn1@domainmarket.com,Female,5/18/2018
831,Maxie,Callendar,mcallendarn2@vkontakte.ru,Male,7/1/2018
832,Tamma,Tiptaft,ttiptaftn3@list-manage.com,Female,6/7/2018
833,Quent,Savidge,qsavidgen4@mashable.com,Male,3/18/2018
834,Aggi,Walthall,awalthalln5@gravatar.com,Female,9/7/2018
835,Jessey,Dacey,jdaceyn6@google.de,Male,12/3/2018
836,Larina,Dragge,ldraggen7@acquirethisname.com,Female,3/25/2018
837,Archibold,Tankus,atankusn8@ted.com,Male,4/10/2018
838,Emmalynne,Kelway,ekelwayn9@seesaa.net,Female,6/3/2018
839,Elliott,Cordero,ecorderona@flavors.me,Male,3/20/2018
840,Minnaminnie,Frame,mframenb@people.com.cn,Female,1/18/2018
841,Ailbert,Devanny,adevannync@state.gov,Male,11/11/2018
842,Dulcie,Jursch,djurschnd@kickstarter.com,Female,10/24/2018
843,Mabel,Harhoff,mharhoffne@amazon.co.uk,Female,6/3/2018
844,Claudio,Saffle,csafflenf@geocities.com,Male,5/22/2018
845,Fransisco,Summerhayes,fsummerhayesng@wsj.com,Male,7/8/2018
846,Corri,Hovenden,chovendennh@hexun.com,Female,6/8/2018
847,Malanie,Affron,maffronni@infoseek.co.jp,Female,3/10/2018
848,Niko,Crecy,ncrecynj@uol.com.br,Male,3/30/2018
849,Roscoe,Delacourt,rdelacourtnk@privacy.gov.au,Male,2/19/2018
850,Demetris,Dionisetti,ddionisettinl@imdb.com,Female,4/5/2018
851,Terrill,Ianne,tiannenm@slashdot.org,Male,6/15/2018
852,Cookie,Piggin,cpigginnn@woothemes.com,Female,10/24/2018
853,Giulia,Laughlin,glaughlinno@sitemeter.com,Female,12/13/2017
854,Wendi,Kalkofen,wkalkofennp@sun.com,Female,3/31/2018
855,Stevena,Gierth,sgierthnq@nasa.gov,Female,5/13/2018
856,Izaak,Dubois,iduboisnr@berkeley.edu,Male,12/29/2017
857,Clare,Straneo,cstraneons@freewebs.com,Male,6/11/2018
858,Ivette,Yakobowitch,iyakobowitchnt@ftc.gov,Female,10/26/2018
859,Petronia,Arboin,parboinnu@plala.or.jp,Female,12/4/2018
860,Jodi,Revens,jrevensnv@e-recht24.de,Male,11/3/2018
861,Regina,oldey,roldeynw@pen.io,Female,11/10/2018
862,Joscelin,Bispham,jbisphamnx@bluehost.com,Female,7/24/2018
863,Sollie,Cisar,scisarny@census.gov,Male,3/15/2018
864,Lisette,Maybey,lmaybeynz@icq.com,Female,9/23/2018
865,Marcelo,Shore,mshoreo0@ning.com,Male,10/15/2018
866,Georges,Towner,gtownero1@exblog.jp,Male,12/8/2018
867,Merle,Rignall,mrignallo2@tinypic.com,Male,12/31/2017
868,Tommi,Kupec,tkupeco3@diigo.com,Female,2/12/2018
869,Merrel,Mattea,mmatteao4@godaddy.com,Male,7/30/2018
870,Noella,Nussen,nnusseno5@independent.co.uk,Female,1/31/2018
871,Elfrieda,Plumptre,eplumptreo6@ehow.com,Female,6/21/2018
872,Merv,Wansbury,mwansburyo7@printfriendly.com,Male,8/14/2018
873,Leroi,McCarle,lmccarleo8@tripod.com,Male,12/5/2018
874,Shepherd,Giddy,sgiddyo9@mapquest.com,Male,3/9/2018
875,Felike,Dutteridge,fdutteridgeoa@youtu.be,Male,5/12/2018
876,Wendall,Tettersell,wtettersellob@google.es,Male,6/26/2018
877,Xenos,Lawranson,xlawransonoc@blog.com,Male,4/8/2018
878,Isak,Dufour,idufourod@gnu.org,Male,6/17/2018
879,Dale,Swede,dswedeoe@usatoday.com,Male,3/5/2018
880,Franny,Yendle,fyendleof@gnu.org,Male,6/28/2018
881,Imelda,Halle,ihalleog@mashable.com,Female,11/11/2018
882,Brigg,Kissick,bkissickoh@storify.com,Male,3/9/2018
883,Ansel,Hultberg,ahultbergoi@imgur.com,Male,11/22/2018
884,Gale,Chessum,gchessumoj@weather.com,Male,4/22/2018
885,Danna,Jonuzi,djonuziok@pen.io,Female,7/16/2018
886,Celestyn,Delacote,cdelacoteol@last.fm,Female,5/15/2018
887,Deni,Oslar,doslarom@shop-pro.jp,Female,5/10/2018
888,Ivie,Somerfield,isomerfieldon@ihg.com,Female,8/29/2018
889,Noelle,Gobeaux,ngobeauxoo@tuttocitta.it,Female,3/13/2018
890,Allistir,Witherdon,awitherdonop@census.gov,Male,11/6/2018
891,Gregorio,Ales,galesoq@dedecms.com,Male,11/1/2018
892,Arabele,Baugh,abaughor@ucoz.ru,Female,9/11/2018
893,Teodoro,Titchmarsh,ttitchmarshos@macromedia.com,Male,1/8/2018
894,Johnette,Farlowe,jfarloweot@jimdo.com,Female,12/26/2017
895,Kiele,Corradetti,kcorradettiou@etsy.com,Female,2/5/2018
896,Romain,Whilder,rwhilderov@instagram.com,Male,8/1/2018
897,Reed,Grimbleby,rgrimblebyow@omniture.com,Male,7/19/2018
898,Brandie,Charlson,bcharlsonox@goodreads.com,Female,7/7/2018
899,Garland,Spon,gsponoy@wiley.com,Female,9/29/2018
900,Caresa,Letterick,cletterickoz@pinterest.com,Female,10/1/2018
901,Carolynn,Biggans,cbiggansp0@arizona.edu,Female,8/7/2018
902,Drake,Campana,dcampanap1@t-online.de,Male,7/28/2018
903,Carley,Cashell,ccashellp2@go.com,Female,12/31/2017
904,Christi,Lowten,clowtenp3@cbslocal.com,Female,2/14/2018
905,Jeane,Hann,jhannp4@wordpress.com,Female,3/4/2018
906,George,Wooton,gwootonp5@berkeley.edu,Female,1/21/2018
907,Ewan,Fossick,efossickp6@merriam-webster.com,Male,6/23/2018
908,Anatollo,Kilmary,akilmaryp7@upenn.edu,Male,7/11/2018
909,Yale,Reyner,yreynerp8@ihg.com,Male,10/23/2018
910,Devonne,Feak,dfeakp9@aol.com,Female,7/6/2018
911,Manfred,Barczewski,mbarczewskipa@un.org,Male,4/8/2018
912,Abey,Hugonin,ahugoninpb@issuu.com,Male,4/18/2018
913,Tyson,Rounsefell,trounsefellpc@addtoany.com,Male,8/2/2018
914,Suzi,Corselles,scorsellespd@mysql.com,Female,4/23/2018
915,Petrina,Doeg,pdoegpe@bloglovin.com,Female,5/13/2018
916,Amandy,Proudlove,aproudlovepf@chronoengine.com,Female,3/22/2018
917,Estrellita,Auckland,eaucklandpg@bizjournals.com,Female,12/2/2018
918,North,Clarage,nclarageph@mozilla.com,Male,8/29/2018
919,Sylvia,Cawdery,scawderypi@trellian.com,Female,7/31/2018
920,Anjanette,Vedyasov,avedyasovpj@amazon.com,Female,8/15/2018
921,Fremont,Reardon,freardonpk@webeden.co.uk,Male,1/7/2018
922,Mandel,Hayhoe,mhayhoepl@pagesperso-orange.fr,Male,12/4/2018
923,Malcolm,Bicknell,mbicknellpm@about.com,Male,9/11/2018
924,Angelika,Snugg,asnuggpn@seattletimes.com,Female,2/6/2018
925,Thornie,Langer,tlangerpo@shareasale.com,Male,7/2/2018
926,Ervin,Eddoes,eeddoespp@yolasite.com,Male,7/5/2018
927,See,Haywood,shaywoodpq@cnet.com,Male,7/13/2018
928,Cinda,Allitt,callittpr@earthlink.net,Female,5/1/2018
929,Shayne,Quest,squestps@bizjournals.com,Female,5/28/2018
930,Jasen,Boscher,jboscherpt@51.la,Male,6/6/2018
931,Davin,Roft,droftpu@tripadvisor.com,Male,3/29/2018
932,Rog,Wabb,rwabbpv@jimdo.com,Male,7/21/2018
933,Caterina,Kembrey,ckembreypw@weibo.com,Female,11/20/2018
934,Neala,Galler,ngallerpx@chronoengine.com,Female,6/14/2018
935,Lyon,Aristide,laristidepy@wikipedia.org,Male,4/22/2018
936,Caleb,Heyworth,cheyworthpz@webs.com,Male,5/12/2018
937,Giffer,Gonnelly,ggonnellyq0@eventbrite.com,Male,3/8/2018
938,Yule,Cusick,ycusickq1@example.com,Male,10/24/2018
939,Willard,Macieiczyk,wmacieiczykq2@fotki.com,Male,11/5/2018
940,Donny,Borrie,dborrieq3@disqus.com,Male,9/23/2018
941,Genni,Arr,garrq4@yahoo.co.jp,Female,12/4/2018
942,Talbert,Ephson,tephsonq5@sun.com,Male,9/2/2018
943,Bella,Texton,btextonq6@reddit.com,Female,10/30/2018
944,Nicholle,Matejka,nmatejkaq7@ucsd.edu,Female,2/1/2018
945,Hartley,Penfold,hpenfoldq8@istockphoto.com,Male,1/22/2018
946,Bjorn,McKleod,bmckleodq9@infoseek.co.jp,Male,12/22/2017
947,Ly,Corsham,lcorshamqa@cdc.gov,Male,1/1/2018
948,Doti,Castro,dcastroqb@mayoclinic.com,Female,5/27/2018
949,Muffin,Joscelin,mjoscelinqc@freewebs.com,Male,2/19/2018
950,Burke,Mooring,bmooringqd@stumbleupon.com,Male,4/18/2018
951,Kenon,Malling,kmallingqe@illinois.edu,Male,11/12/2018
952,Nowell,Gilardi,ngilardiqf@creativecommons.org,Male,6/12/2018
953,Winslow,Van,wvanqg@imdb.com,Male,4/26/2018
954,Imojean,Mansbridge,imansbridgeqh@foxnews.com,Female,11/13/2018
955,Guenevere,Merrisson,gmerrissonqi@bravesites.com,Female,10/16/2018
956,Madelina,Giuron,mgiuronqj@accuweather.com,Female,11/9/2018
957,Flossy,Kahen,fkahenqk@about.me,Female,12/2/2018
958,Silvana,Guiton,sguitonql@storify.com,Female,3/15/2018
959,Kacie,Giacopelo,kgiacopeloqm@sitemeter.com,Female,8/25/2018
960,Daren,Sirman,dsirmanqn@phpbb.com,Male,8/22/2018
961,Sylas,Gabbott,sgabbottqo@domainmarket.com,Male,12/5/2018
962,Bennie,Clemas,bclemasqp@illinois.edu,Male,5/11/2018
963,Berna,McFarland,bmcfarlandqq@vk.com,Female,10/25/2018
964,Eustacia,Fisby,efisbyqr@epa.gov,Female,6/18/2018
965,Georg,Stirton,gstirtonqs@kickstarter.com,Male,10/11/2018
966,Darb,Brookesbie,dbrookesbieqt@cbc.ca,Male,10/24/2018
967,Camella,Lissandre,clissandrequ@umich.edu,Female,7/1/2018
968,Kakalina,Kairns,kkairnsqv@imageshack.us,Female,8/12/2018
969,Vinson,Minichi,vminichiqw@ftc.gov,Male,4/3/2018
970,Kylie,Fairlamb,kfairlambqx@artisteer.com,Male,1/23/2018
971,Jarret,Spaxman,jspaxmanqy@uiuc.edu,Male,2/25/2018
972,Alexander,Fishly,afishlyqz@ehow.com,Male,6/11/2018
973,Debby,Bumpus,dbumpusr0@wikispaces.com,Female,12/7/2018
974,Waldon,Broxup,wbroxupr1@washington.edu,Male,10/27/2018
975,Scotty,Paulack,spaulackr2@slideshare.net,Male,4/17/2018
976,Nestor,Pfeffel,npfeffelr3@php.net,Male,5/2/2018
977,Zechariah,Rayworth,zrayworthr4@digg.com,Male,10/8/2018
978,Joe,Pykerman,jpykermanr5@eventbrite.com,Male,4/17/2018
979,Jerri,Maddocks,jmaddocksr6@theguardian.com,Male,8/2/2018
980,Yvette,Bownd,ybowndr7@yolasite.com,Female,10/4/2018
981,Meaghan,Fawckner,mfawcknerr8@pagesperso-orange.fr,Female,1/7/2018
982,Burty,Croall,bcroallr9@sciencedaily.com,Male,7/24/2018
983,Owen,Bediss,obedissra@eventbrite.com,Male,2/9/2018
984,Ignacio,Janning,ijanningrb@biblegateway.com,Male,5/10/2018
985,Marsiella,Szachniewicz,mszachniewiczrc@stanford.edu,Female,9/5/2018
986,Burl,Keyhoe,bkeyhoerd@dion.ne.jp,Male,8/11/2018
987,Wolfy,Elleray,wellerayre@biglobe.ne.jp,Male,9/22/2018
988,Ariadne,Churchyard,achurchyardrf@reverbnation.com,Female,5/10/2018
989,Town,Rampage,trampagerg@gravatar.com,Male,2/15/2018
990,Bartholomeus,Sellman,bsellmanrh@delicious.com,Male,6/4/2018
991,Barbie,Burkin,bburkinri@house.gov,Female,3/19/2018
992,Biddie,Miettinen,bmiettinenrj@japanpost.jp,Female,7/15/2018
993,Calv,Roma,cromark@loc.gov,Male,4/12/2018
994,Wald,Applegarth,wapplegarthrl@paypal.com,Male,11/9/2018
995,Berri,Hamshaw,bhamshawrm@archive.org,Female,5/23/2018
996,Doll,Simmers,dsimmersrn@blogger.com,Female,2/6/2018
997,Marmaduke,Saphir,msaphirro@dropbox.com,Male,1/17/2018
998,Jerrold,Hare,jharerp@hatena.ne.jp,Male,1/7/2018
999,Beltran,Tower,btowerrq@example.com,Male,7/9/2018
1000,Susi,Sambiedge,ssambiedgerr@hud.gov,Female,1/31/2018
