id,first_name,last_name,email,gender,birth_date
1,Bobine,Richens,brichens0@usa.gov,Female,12/6/2018
2,Alla,Chaston,achaston1@hhs.gov,Female,4/9/2018
3,Bertine,Gledstane,bgledstane2@blog.com,Female,3/7/2018
4,Dru,Rixon,drixon3@java.com,Male,6/6/2018
5,Cross,Waith,cwaith4@a8.net,Male,10/29/2018
6,Winifield,Greedyer,wgreedyer5@barnesandnoble.com,Male,4/29/2018
7,Gertruda,Hughes,ghughes6@networkadvertising.org,Female,12/8/2018
8,Rodd,Roelvink,rroelvink7@sciencedaily.com,Male,8/16/2018
9,Orsa,Brigstock,obrigstock8@nba.com,Female,2/15/2018
10,Boycie,Rootes,brootes9@sourceforge.net,Male,8/1/2018
11,Al,Ladyman,aladymana@umn.edu,Male,1/17/2018
12,Dalston,Millmoe,dmillmoeb@amazonaws.com,Male,11/16/2018
13,Muffin,Brimson,mbrimsonc@google.de,Female,3/25/2018
14,Timmie,Hinkes,thinkesd@state.tx.us,Male,3/28/2018
15,Alwin,Wauchope,awauchopee@paypal.com,Male,6/26/2018
16,Brennan,McLemon,bmclemonf@a8.net,Male,6/6/2018
17,Wynnie,Muggleton,wmuggletong@friendfeed.com,Female,4/3/2018
18,Jamal,Rings,jringsh@360.cn,Male,9/2/2018
19,Renee,Enston,renstoni@icq.com,Female,5/21/2018
20,Zaria,Haycox,zhaycoxj@gnu.org,Female,2/18/2018
21,Edouard,Oldknow,eoldknowk@fda.gov,Male,2/22/2018
22,Gard,Voak,gvoakl@w3.org,Male,7/26/2018
23,Niels,Garvie,ngarviem@pinterest.com,Male,4/30/2018
24,Gwenore,MacAlpin,gmacalpinn@yolasite.com,Female,10/7/2018
25,Weylin,De Castri,wdecastrio@spiegel.de,Male,9/5/2018
26,Livy,Lamburne,llamburnep@weather.com,Female,11/23/2018
27,Kata,Sarre,ksarreq@elpais.com,Female,3/13/2018
28,Urbain,Di Matteo,udimatteor@home.pl,Male,10/3/2018
29,Fawne,Cardillo,fcardillos@pen.io,Female,1/19/2018
30,Barbabas,Lyddy,blyddyt@unblog.fr,Male,11/4/2018
31,Caty,Grooby,cgroobyu@symantec.com,Female,12/5/2018
32,Adriena,Penrice,apenricev@goo.ne.jp,Female,5/20/2018
33,Hermy,Shillom,hshillomw@va.gov,Male,11/12/2018
34,Quintus,Krysiak,qkrysiakx@hp.com,Male,11/15/2018
35,Rodie,Iannetti,riannettiy@vinaora.com,Female,9/23/2018
36,Ulberto,Featherstonhaugh,ufeatherstonhaughz@people.com.cn,Male,4/1/2018
37,Sly,Hounson,shounson10@ucoz.ru,Male,3/13/2018
38,Ernst,Bemlott,ebemlott11@webs.com,Male,6/15/2018
39,Perceval,Denge,pdenge12@mapquest.com,Male,2/14/2018
40,Nat,Lapish,nlapish13@unicef.org,Female,6/9/2018
41,Jephthah,Lynd,jlynd14@jimdo.com,Male,3/31/2018
42,Otis,Espinoza,oespinoza15@washington.edu,Male,1/1/2018
43,Vanny,Hriinchenko,vhriinchenko16@usatoday.com,Female,9/30/2018
44,Kirsten,Goodband,kgoodband17@blogs.com,Female,6/21/2018
45,Pietrek,Gorioli,pgorioli18@bing.com,Male,10/13/2018
46,Elvina,Zoane,ezoane19@4shared.com,Female,12/17/2017
47,Celinda,Nairne,cnairne1a@google.it,Female,9/1/2018
48,Raphael,Dodman,rdodman1b@yelp.com,Male,3/25/2018
49,Nichols,Adin,nadin1c@accuweather.com,Male,11/12/2018
50,Sax,Lampitt,slampitt1d@biblegateway.com,Male,8/21/2018
51,Gerald,Raft,graft1e@patch.com,Male,2/19/2018
52,Colet,Barca,cbarca1f@ibm.com,Male,12/13/2017
53,Vivienne,Heardman,vheardman1g@earthlink.net,Female,7/12/2018
54,Chandra,Voak,cvoak1h@51.la,Female,1/18/2018
55,Reamonn,Beasleigh,rbeasleigh1i@people.com.cn,Male,10/18/2018
56,Emelda,Dench,edench1j@howstuffworks.com,Female,3/28/2018
57,Ulla,Dreakin,udreakin1k@meetup.com,Female,11/3/2018
58,Edan,Dood,edood1l@rediff.com,Male,4/23/2018
59,Ezekiel,Jean,ejean1m@over-blog.com,Male,4/15/2018
60,Dorothee,Antusch,dantusch1n@so-net.ne.jp,Female,7/15/2018
61,Lari,McGannon,lmcgannon1o@canalblog.com,Female,12/31/2017
62,Ronnie,Runcie,rruncie1p@dagondesign.com,Male,10/9/2018
63,Hershel,Birchett,hbirchett1q@mayoclinic.com,Male,3/3/2018
64,Sharyl,Adamthwaite,sadamthwaite1r@twitter.com,Female,3/30/2018
65,Datha,Haggerston,dhaggerston1s@arizona.edu,Female,11/17/2018
66,Duane,Mepsted,dmepsted1t@marketwatch.com,Male,8/15/2018
67,Amabel,Finnick,afinnick1u@163.com,Female,4/14/2018
68,Kane,O'Farrell,kofarrell1v@g.co,Male,3/1/2018
69,Artur,McDonnell,amcdonnell1w@businessinsider.com,Male,1/14/2018
70,Daniella,Clemens,dclemens1x@dailymotion.com,Female,1/4/2018
71,Leopold,Mowett,lmowett1y@addthis.com,Male,9/6/2018
72,Kayle,Cramond,kcramond1z@hugedomains.com,Female,4/14/2018
73,Barbara-anne,Rowledge,browledge20@pen.io,Female,1/9/2018
74,Vida,Gladdin,vgladdin21@histats.com,Female,5/11/2018
75,Pepita,Coulston,pcoulston22@huffingtonpost.com,Female,1/19/2018
76,Hilary,Totaro,htotaro23@newyorker.com,Female,10/6/2018
77,Gerik,Catterall,gcatterall24@godaddy.com,Male,5/20/2018
78,Yetty,Welch,ywelch25@patch.com,Female,2/16/2018
79,Gage,Horwell,ghorwell26@4shared.com,Male,6/1/2018
80,Sutton,Ducastel,sducastel27@typepad.com,Male,11/16/2018
81,Timotheus,Chisnall,tchisnall28@youku.com,Male,2/12/2018
82,Humberto,Hallard,hhallard29@shareasale.com,Male,12/15/2017
83,Blisse,Duffrie,bduffrie2a@sciencedirect.com,Female,10/14/2018
84,Arron,Charville,acharville2b@wikipedia.org,Male,1/9/2018
85,Danika,Stookes,dstookes2c@fema.gov,Female,9/30/2018
86,Merralee,Coughan,mcoughan2d@bloomberg.com,Female,12/29/2017
87,Rodd,Gaunt,rgaunt2e@pbs.org,Male,9/13/2018
88,Cherye,Lilloe,clilloe2f@diigo.com,Female,2/3/2018
89,Nonna,Headley,nheadley2g@studiopress.com,Female,2/12/2018
90,Vivyanne,Hasselby,vhasselby2h@whitehouse.gov,Female,4/8/2018
91,Geralda,Mueller,gmueller2i@histats.com,Female,9/2/2018
92,Neel,Fehely,nfehely2j@tamu.edu,Male,4/5/2018
93,Mac,Ardley,mardley2k@dailymotion.com,Male,8/2/2018
94,Chance,Henke,chenke2l@nydailynews.com,Male,10/23/2018
95,Etheline,Dionisi,edionisi2m@stanford.edu,Female,5/15/2018
96,Renie,Spyvye,rspyvye2n@addtoany.com,Female,5/30/2018
97,Gilly,Marciskewski,gmarciskewski2o@last.fm,Female,1/30/2018
98,Daveen,Besset,dbesset2p@webmd.com,Female,11/28/2018
99,Wang,Geratasch,wgeratasch2q@dailymotion.com,Male,3/13/2018
100,Nicola,Sandercock,nsandercock2r@loc.gov,Male,12/18/2017
101,Trace,Toulch,ttoulch2s@ustream.tv,Male,3/15/2018
102,Ellsworth,Ebourne,eebourne2t@chicagotribune.com,Male,1/10/2018
103,Pepito,Belleny,pbelleny2u@samsung.com,Male,5/25/2018
104,Karlee,Bridgewood,kbridgewood2v@patch.com,Female,12/21/2017
105,Natividad,Hatfield,nhatfield2w@japanpost.jp,Female,12/12/2017
106,Alexandr,Kornalik,akornalik2x@chicagotribune.com,Male,3/1/2018
107,Carla,De Clairmont,cdeclairmont2y@gmpg.org,Female,4/24/2018
108,Dana,Aldis,daldis2z@bandcamp.com,Male,3/29/2018
109,Calli,Dillicate,cdillicate30@loc.gov,Female,11/19/2018
110,Sandy,Bamell,sbamell31@oaic.gov.au,Male,6/20/2018
111,Zeke,Haines,zhaines32@ft.com,Male,8/28/2018
112,Hanny,Pavey,hpavey33@skype.com,Female,2/10/2018
113,Patin,Gopsell,pgopsell34@upenn.edu,Male,2/13/2018
114,Ervin,Tombling,etombling35@yahoo.com,Male,4/7/2018
115,Indira,Bullant,ibullant36@google.com.au,Female,8/15/2018
116,Torey,Tyler,ttyler37@mashable.com,Male,6/20/2018
117,Josefa,Bromwich,jbromwich38@ow.ly,Female,11/14/2018
118,Cordie,Pohls,cpohls39@reuters.com,Male,12/19/2017
119,Nealon,Hexam,nhexam3a@ning.com,Male,10/4/2018
120,Padraig,Heustice,pheustice3b@senate.gov,Male,8/28/2018
121,Libbie,Rabson,lrabson3c@biblegateway.com,Female,11/13/2018
122,Rich,Mars,rmars3d@privacy.gov.au,Male,5/12/2018
123,Sonnie,Brombell,sbrombell3e@virginia.edu,Female,6/10/2018
124,Loleta,Precious,lprecious3f@epa.gov,Female,2/7/2018
125,Tabina,Camus,tcamus3g@netlog.com,Female,7/30/2018
126,Jedidiah,Chipping,jchipping3h@ask.com,Male,12/29/2017
127,Roana,Ponceford,rponceford3i@java.com,Female,12/25/2017
128,Alphonse,Berisford,aberisford3j@oaic.gov.au,Male,8/13/2018
129,Adrien,Grinyer,agrinyer3k@liveinternet.ru,Male,9/16/2018
130,Kizzie,Binning,kbinning3l@bing.com,Female,10/24/2018
131,Arthur,Vian,avian3m@geocities.com,Male,9/5/2018
132,Kent,O'Docherty,kodocherty3n@mac.com,Male,6/25/2018
133,Tobiah,Tebb,ttebb3o@shinystat.com,Male,6/4/2018
134,Gianni,Blaby,gblaby3p@nhs.uk,Male,1/22/2018
135,Maire,Dutton,mdutton3q@shutterfly.com,Female,9/2/2018
136,Shay,McCallister,smccallister3r@digg.com,Female,9/29/2018
137,Nichol,Leaver,nleaver3s@miitbeian.gov.cn,Female,6/28/2018
138,Meryl,Pogue,mpogue3t@spotify.com,Male,4/28/2018
139,Edna,Capey,ecapey3u@nba.com,Female,5/13/2018
140,Franchot,Rathe,frathe3v@newsvine.com,Male,9/13/2018
141,Cindra,Jakov,cjakov3w@artisteer.com,Female,8/20/2018
142,Buiron,Bilham,bbilham3x@shop-pro.jp,Male,1/24/2018
143,Nikos,Pynn,npynn3y@istockphoto.com,Male,8/27/2018
144,Felicdad,Searles,fsearles3z@xinhuanet.com,Female,12/5/2018
145,Davine,Barkaway,dbarkaway40@cdbaby.com,Female,11/21/2018
146,Etan,Shelford,eshelford41@dailymotion.com,Male,6/16/2018
147,Henka,Vodden,hvodden42@sfgate.com,Female,8/27/2018
148,Brew,Whittick,bwhittick43@wufoo.com,Male,3/13/2018
149,Iosep,Querree,iquerree44@dell.com,Male,9/30/2018
150,Chariot,Spreull,cspreull45@npr.org,Male,2/28/2018
151,Kara,Van der Son,kvanderson46@squidoo.com,Female,12/8/2018
152,Patton,Cuttings,pcuttings47@bravesites.com,Male,1/1/2018
153,Sallie,Seymark,sseymark48@technorati.com,Female,1/20/2018
154,Matt,Hallworth,mhallworth49@nydailynews.com,Male,4/16/2018
155,Montague,Palfreeman,mpalfreeman4a@studiopress.com,Male,12/26/2017
156,Cordy,Jurczyk,cjurczyk4b@photobucket.com,Male,3/11/2018
157,Neile,Mulder,nmulder4c@webeden.co.uk,Female,5/28/2018
158,Drake,Boys,dboys4d@mysql.com,Male,5/13/2018
159,Pasquale,Dearsley,pdearsley4e@tuttocitta.it,Male,2/26/2018
160,Obadias,Skittreal,oskittreal4f@lulu.com,Male,7/12/2018
161,Bennett,Jansey,bjansey4g@businesswire.com,Male,11/17/2018
162,Wenonah,McMeekan,wmcmeekan4h@telegraph.co.uk,Female,3/25/2018
163,Trev,Akhurst,takhurst4i@joomla.org,Male,12/20/2017
164,Cob,McCuffie,cmccuffie4j@va.gov,Male,8/30/2018
165,Catie,Beernt,cbeernt4k@tripadvisor.com,Female,10/7/2018
166,Chev,Chrystie,cchrystie4l@cocolog-nifty.com,Male,8/14/2018
167,Elenore,Boddis,eboddis4m@cnn.com,Female,9/30/2018
168,Chrisse,Yannoni,cyannoni4n@over-blog.com,Male,6/15/2018
169,Euell,Druhan,edruhan4o@buzzfeed.com,Male,9/19/2018
170,Dolores,Kolyagin,dkolyagin4p@nba.com,Female,7/27/2018
171,Lanny,Yakebovich,lyakebovich4q@google.com.hk,Male,7/13/2018
172,Dene,Aronsohn,daronsohn4r@webmd.com,Male,3/24/2018
173,Nathanial,Dairton,ndairton4s@ning.com,Male,8/15/2018
174,Mace,Sampey,msampey4t@issuu.com,Male,10/13/2018
175,Hattie,O'Moylane,homoylane4u@seesaa.net,Female,6/4/2018
176,Granville,Pea,gpea4v@virginia.edu,Male,10/5/2018
177,Geralda,Veldstra,gveldstra4w@examiner.com,Female,4/15/2018
178,Vernon,Madigan,vmadigan4x@boston.com,Male,12/8/2018
179,Emmye,Round,eround4y@shop-pro.jp,Female,1/17/2018
180,Cole,Craske,ccraske4z@example.com,Male,4/10/2018
181,Garald,Scaife,gscaife50@mail.ru,Male,10/10/2018
182,Honey,Scrauniage,hscrauniage51@google.ca,Female,1/30/2018
183,Terence,Ormonde,tormonde52@desdev.cn,Male,9/8/2018
184,Dennie,Melanaphy,dmelanaphy53@auda.org.au,Female,8/10/2018
185,Norris,Roggers,nroggers54@chicagotribune.com,Male,11/1/2018
186,Art,Child,achild55@xing.com,Male,2/8/2018
187,Keriann,Lowdeane,klowdeane56@plala.or.jp,Female,2/2/2018
188,Adolph,Marmon,amarmon57@accuweather.com,Male,6/29/2018
189,Rowena,Goldberg,rgoldberg58@discuz.net,Female,8/25/2018
190,Prudence,Collopy,pcollopy59@ovh.net,Female,11/6/2018
191,Jo,Glencross,jglencross5a@uol.com.br,Female,7/18/2018
192,Wolfgang,Howes,whowes5b@aol.com,Male,7/29/2018
193,Amy,Missington,amissington5c@apache.org,Female,2/21/2018
194,Fabio,Vogel,fvogel5d@tuttocitta.it,Male,4/9/2018
195,Sorcha,Hakonsen,shakonsen5e@mail.ru,Female,9/11/2018
196,Ramonda,Mallett,rmallett5f@businessinsider.com,Female,4/16/2018
197,Marie,Wastell,mwastell5g@furl.net,Female,7/30/2018
198,Milt,Lebbon,mlebbon5h@utexas.edu,Male,6/6/2018
199,Karita,Kirkup,kkirkup5i@barnesandnoble.com,Female,10/7/2018
200,Michal,Smewing,msmewing5j@hexun.com,Female,7/12/2018
201,Irma,Rowe,irowe5k@blogspot.com,Female,9/23/2018
202,Kenyon,McCrystal,kmccrystal5l@youku.com,Male,4/1/2018
203,Ethelind,Waszkiewicz,ewaszkiewicz5m@live.com,Female,11/15/2018
204,Jody,Laxton,jlaxton5n@theglobeandmail.com,Male,9/20/2018
205,Jeffrey,Trengrove,jtrengrove5o@senate.gov,Male,8/7/2018
206,Welsh,Melluish,wmelluish5p@storify.com,Male,12/18/2017
207,Merla,Pridden,mpridden5q@intel.com,Female,2/19/2018
208,Lalo,Da Costa,ldacosta5r@yellowbook.com,Male,2/21/2018
209,Aguistin,Luker,aluker5s@google.com.br,Male,3/5/2018
210,Vite,Oldaker,voldaker5t@bluehost.com,Male,5/2/2018
211,Stephanus,Viney,sviney5u@globo.com,Male,5/22/2018
212,Josiah,Worcs,jworcs5v@ftc.gov,Male,12/22/2017
213,Donavon,Raiman,draiman5w@behance.net,Male,4/16/2018
214,Sherie,Ricciardelli,sricciardelli5x@list-manage.com,Female,12/11/2017
215,Tristam,Chinnock,tchinnock5y@yahoo.co.jp,Male,5/11/2018
216,Gabi,Scollan,gscollan5z@devhub.com,Male,10/20/2018
217,Seana,Coakley,scoakley60@google.cn,Female,1/4/2018
218,Bertine,Keveren,bkeveren61@ed.gov,Female,7/28/2018
219,Ynez,Thoma,ythoma62@paypal.com,Female,1/30/2018
220,Kasper,Swynfen,kswynfen63@guardian.co.uk,Male,7/4/2018
221,Jesus,Burt,jburt64@ebay.com,Male,4/23/2018
222,Erin,Thomtson,ethomtson65@netvibes.com,Female,3/30/2018
223,Logan,Fadian,lfadian66@liveinternet.ru,Male,7/6/2018
224,Tess,Stanning,tstanning67@rakuten.co.jp,Female,4/15/2018
225,Kellby,Mockford,kmockford68@example.com,Male,5/26/2018
226,Madlin,Whisson,mwhisson69@eventbrite.com,Female,11/1/2018
227,Goldie,Twiname,gtwiname6a@ezinearticles.com,Female,7/25/2018
228,Brittani,Craster,bcraster6b@booking.com,Female,1/16/2018
229,Hilton,McIlhagga,hmcilhagga6c@networksolutions.com,Male,10/7/2018
230,Agnella,Thames,athames6d@github.com,Female,11/19/2018
231,Burr,Curneen,bcurneen6e@spotify.com,Male,9/16/2018
232,Rosabella,Maxworthy,rmaxworthy6f@washingtonpost.com,Female,2/14/2018
233,Nahum,Kenn,nkenn6g@altervista.org,Male,12/7/2018
234,Ruthe,Holbie,rholbie6h@google.com.hk,Female,8/10/2018
235,Leupold,Ellul,lellul6i@aol.com,Male,1/21/2018
236,Chelsae,Ortner,cortner6j@wp.com,Female,11/9/2018
237,Gardner,Boskell,gboskell6k@mlb.com,Male,9/18/2018
238,Waldon,Christophersen,wchristophersen6l@mediafire.com,Male,10/25/2018
239,Dannie,Kilgrove,dkilgrove6m@tmall.com,Male,9/5/2018
240,Obie,Eard,oeard6n@scientificamerican.com,Male,1/23/2018
241,Calvin,Caine,ccaine6o@usa.gov,Male,12/5/2018
242,Emmet,Cadwaladr,ecadwaladr6p@taobao.com,Male,10/2/2018
243,Raynor,Matthis,rmatthis6q@dedecms.com,Male,1/9/2018
244,Lutero,Rapier,lrapier6r@smugmug.com,Male,6/14/2018
245,Worthington,Finney,wfinney6s@illinois.edu,Male,7/29/2018
246,Tracey,Weaver,tweaver6t@topsy.com,Male,2/18/2018
247,Toinette,Dignum,tdignum6u@bloglovin.com,Female,3/11/2018
248,Mattheus,Gipps,mgipps6v@miibeian.gov.cn,Male,10/22/2018
249,Magdalena,Ollarenshaw,mollarenshaw6w@independent.co.uk,Female,5/10/2018
250,Robinette,Netley,rnetley6x@google.es,Female,9/13/2018
251,Major,LLelweln,mllelweln6y@cloudflare.com,Male,11/4/2018
252,Noam,Jaume,njaume6z@e-recht24.de,Male,9/9/2018
253,Rogerio,MacCurtain,rmaccurtain70@qq.com,Male,3/29/2018
254,Theodosia,Stonebanks,tstonebanks71@aol.com,Female,3/19/2018
255,Homer,Arnason,harnason72@mtv.com,Male,5/16/2018
256,Christiane,Coucha,ccoucha73@angelfire.com,Female,1/15/2018
257,Marge,Freeth,mfreeth74@51.la,Female,2/21/2018
258,Irwinn,Lamden,ilamden75@cbsnews.com,Male,7/12/2018
259,Horst,Hammelberg,hhammelberg76@mayoclinic.com,Male,8/4/2018
260,Tymon,Mineghelli,tmineghelli77@time.com,Male,1/15/2018
261,Shellysheldon,Schroter,sschroter78@cdbaby.com,Male,6/23/2018
262,Gayelord,Collumbell,gcollumbell79@drupal.org,Male,9/30/2018
263,Bunni,Glazer,bglazer7a@mapquest.com,Female,7/15/2018
264,Shandie,Codlin,scodlin7b@bandcamp.com,Female,9/19/2018
265,Prince,Videan,pvidean7c@gnu.org,Male,4/22/2018
266,Emlyn,Greggersen,egreggersen7d@people.com.cn,Female,2/8/2018
267,Margette,Pulster,mpulster7e@theatlantic.com,Female,10/22/2018
268,Eugenius,Hurne,ehurne7f@usatoday.com,Male,6/22/2018
269,Lindsey,Christer,lchrister7g@cargocollective.com,Female,11/30/2018
270,Laurella,Crippes,lcrippes7h@opensource.org,Female,8/20/2018
271,Edythe,Frontczak,efrontczak7i@msu.edu,Female,10/19/2018
272,Artie,Jacobsson,ajacobsson7j@booking.com,Male,5/25/2018
273,Nikolaus,Pittson,npittson7k@reddit.com,Male,5/25/2018
274,Emmaline,Ord,eord7l@google.de,Female,6/9/2018
275,Reiko,Plank,rplank7m@epa.gov,Female,4/27/2018
276,Nixie,Gostridge,ngostridge7n@discuz.net,Female,11/28/2018
277,Carrissa,Hansill,chansill7o@wordpress.org,Female,2/23/2018
278,Garfield,Huckle,ghuckle7p@columbia.edu,Male,10/7/2018
279,Erie,O'Brogane,eobrogane7q@usnews.com,Male,3/9/2018
280,Ogdon,Brandsma,obrandsma7r@reference.com,Male,9/5/2018
281,Rene,Blunsden,rblunsden7s@si.edu,Male,9/26/2018
282,Shannah,Smalles,ssmalles7t@alibaba.com,Female,5/22/2018
283,Wash,Moston,wmoston7u@netvibes.com,Male,10/28/2018
284,Bernardina,Geany,bgeany7v@ted.com,Female,4/9/2018
285,Alistair,Egel,aegel7w@microsoft.com,Male,10/23/2018
286,Emmalyn,Arens,earens7x@google.es,Female,2/4/2018
287,Bary,Skym,bskym7y@tamu.edu,Male,4/17/2018
288,Claudetta,Schuster,cschuster7z@biglobe.ne.jp,Female,11/5/2018
289,Hale,MacGillespie,hmacgillespie80@jiathis.com,Male,4/14/2018
290,Nahum,Bowser,nbowser81@oaic.gov.au,Male,4/20/2018
291,Quintina,Tynnan,qtynnan82@dailymail.co.uk,Female,12/12/2017
292,Cazzie,Alecock,calecock83@booking.com,Male,11/19/2018
293,Emilee,Koenraad,ekoenraad84@nifty.com,Female,10/29/2018
294,Jayme,Pulman,jpulman85@jalbum.net,Female,5/4/2018
295,Gillan,Sawrey,gsawrey86@photobucket.com,Female,7/23/2018
296,Wilek,Fountaine,wfountaine87@ihg.com,Male,11/17/2018
297,Meridel,Bedow,mbedow88@oaic.gov.au,Female,1/23/2018
298,Camilla,Billingham,cbillingham89@ow.ly,Female,1/8/2018
299,Andria,Bernardinelli,abernardinelli8a@craigslist.org,Female,1/31/2018
300,Arel,Cohn,acohn8b@dell.com,Male,12/12/2017
301,Alonzo,Mathan,amathan8c@opensource.org,Male,3/15/2018
302,Ashia,Hadlington,ahadlington8d@cafepress.com,Female,9/4/2018
303,Myrwyn,O'Murtagh,momurtagh8e@phoca.cz,Male,2/27/2018
304,Hildy,Curme,hcurme8f@tiny.cc,Female,10/10/2018
305,Ardella,Rodliff,arodliff8g@xrea.com,Female,1/18/2018
306,Peg,Ricson,pricson8h@cdbaby.com,Female,7/7/2018
307,Raynard,Maudling,rmaudling8i@freewebs.com,Male,4/14/2018
308,Halette,Szachniewicz,hszachniewicz8j@sbwire.com,Female,2/21/2018
309,Demetria,Losselyong,dlosselyong8k@mysql.com,Female,11/19/2018
310,Margalit,Luesley,mluesley8l@xing.com,Female,12/25/2017
311,Jephthah,Ivanchikov,jivanchikov8m@soundcloud.com,Male,11/1/2018
312,Frans,Lankester,flankester8n@chicagotribune.com,Male,4/24/2018
313,Teador,de Merida,tdemerida8o@shareasale.com,Male,8/15/2018
314,Jordon,Beausang,jbeausang8p@cafepress.com,Male,4/16/2018
315,Blake,Robertet,brobertet8q@ebay.com,Male,11/4/2018
316,Pate,Rosenvasser,prosenvasser8r@moonfruit.com,Male,5/12/2018
317,Frederique,Delahunty,fdelahunty8s@blog.com,Female,3/14/2018
318,Homerus,Garmston,hgarmston8t@blinklist.com,Male,11/25/2018
319,Maridel,Stopp,mstopp8u@tamu.edu,Female,7/20/2018
320,Rubin,Oguz,roguz8v@hp.com,Male,11/2/2018
321,Janenna,McWhorter,jmcwhorter8w@flickr.com,Female,4/1/2018
322,Virgie,Wenman,vwenman8x@si.edu,Male,5/6/2018
323,Benedict,Hatchman,bhatchman8y@networkadvertising.org,Male,4/8/2018
324,Sheryl,Mariet,smariet8z@linkedin.com,Female,11/5/2018
325,Lotte,Kienlein,lkienlein90@discuz.net,Female,10/11/2018
326,Inga,Josephs,ijosephs91@fema.gov,Female,8/6/2018
327,Gretchen,Metzel,gmetzel92@bravesites.com,Female,12/15/2017
328,Debera,Knight,dknight93@mapy.cz,Female,1/17/2018
329,Stu,Mayall,smayall94@nsw.gov.au,Male,8/29/2018
330,Eldredge,Deason,edeason95@webnode.com,Male,7/9/2018
331,Anderea,Pesterfield,apesterfield96@comsenz.com,Female,8/10/2018
332,Else,Slafford,eslafford97@posterous.com,Female,2/28/2018
333,Trudy,Hastelow,thastelow98@furl.net,Female,1/19/2018
334,Charity,Hullock,chullock99@ehow.com,Female,3/26/2018
335,Vittoria,Gallamore,vgallamore9a@usda.gov,Female,10/14/2018
336,Felisha,Bossons,fbossons9b@sogou.com,Female,8/20/2018
337,Vincenz,Yurlov,vyurlov9c@privacy.gov.au,Male,7/8/2018
338,Babbie,Clubley,bclubley9d@privacy.gov.au,Female,12/21/2017
339,Fidelity,Penwright,fpenwright9e@edublogs.org,Female,4/6/2018
340,Banky,Gammidge,bgammidge9f@soundcloud.com,Male,12/29/2017
341,Rhona,Causer,rcauser9g@nytimes.com,Female,7/22/2018
342,Lindon,O'Harney,loharney9h@oaic.gov.au,Male,3/5/2018
343,Christie,Redford,credford9i@answers.com,Male,1/14/2018
344,Basil,FitzAlan,bfitzalan9j@phoca.cz,Male,12/16/2017
345,Warner,Brixey,wbrixey9k@i2i.jp,Male,10/28/2018
346,Elmira,Riddlesden,eriddlesden9l@blogtalkradio.com,Female,12/1/2018
347,Gherardo,Anniwell,ganniwell9m@jigsy.com,Male,11/7/2018
348,Fran,Tumbridge,ftumbridge9n@go.com,Female,11/14/2018
349,Stacie,Miskin,smiskin9o@house.gov,Female,10/29/2018
350,Pierre,Finlaison,pfinlaison9p@google.es,Male,8/11/2018
351,Duane,Pember,dpember9q@psu.edu,Male,4/16/2018
352,Janet,Dorie,jdorie9r@dagondesign.com,Female,4/27/2018
353,Vinny,Coldtart,vcoldtart9s@virginia.edu,Male,7/19/2018
354,Larry,Goodband,lgoodband9t@trellian.com,Male,1/6/2018
355,Lemuel,Malshinger,lmalshinger9u@home.pl,Male,5/18/2018
356,Erv,Jimenez,ejimenez9v@hostgator.com,Male,12/18/2017
357,Juieta,Isacoff,jisacoff9w@wordpress.com,Female,2/12/2018
358,Genny,Osgerby,gosgerby9x@nhs.uk,Female,1/8/2018
359,Merl,Godbehere,mgodbehere9y@skype.com,Female,10/30/2018
360,Valene,Ozanne,vozanne9z@rambler.ru,Female,1/2/2018
361,Doug,Markus,dmarkusa0@furl.net,Male,10/20/2018
362,Sheppard,Hiorn,shiorna1@nytimes.com,Male,5/21/2018
363,Sam,Ludee,sludeea2@privacy.gov.au,Male,9/3/2018
364,Katy,Mulrooney,kmulrooneya3@zdnet.com,Female,9/24/2018
365,Clayborn,Assiratti,cassirattia4@dmoz.org,Male,10/19/2018
366,Jobie,Whitsun,jwhitsuna5@google.com.au,Female,12/27/2017
367,Billy,Rablen,brablena6@prlog.org,Female,10/26/2018
368,Allyn,Fiske,afiskea7@mit.edu,Male,3/12/2018
369,Stanislaus,Worham,sworhama8@jiathis.com,Male,12/21/2017
370,Elinore,Andretti,eandrettia9@twitpic.com,Female,7/22/2018
371,Denyse,O'Mara,domaraaa@friendfeed.com,Female,7/15/2018
372,Darryl,Wayt,dwaytab@oracle.com,Female,6/15/2018
373,Maximilian,Lowey,mloweyac@sbwire.com,Male,12/21/2017
374,Abbey,Valdes,avaldesad@goodreads.com,Female,8/10/2018
375,Clayborn,Koschke,ckoschkeae@reference.com,Male,5/28/2018
376,Jo-anne,Gaspard,jgaspardaf@state.gov,Female,4/7/2018
377,Antonie,Naulty,anaultyag@de.vu,Female,3/19/2018
378,Helenelizabeth,Veal,hvealah@g.co,Female,3/11/2018
379,Johnny,Petrelli,jpetrelliai@unc.edu,Male,3/15/2018
380,Norry,Demaid,ndemaidaj@imgur.com,Male,9/8/2018
381,Essie,Statham,estathamak@surveymonkey.com,Female,6/21/2018
382,Lon,Pues,lpuesal@alexa.com,Male,11/17/2018
383,Artemas,Ternott,aternottam@shutterfly.com,Male,2/6/2018
384,Augustine,Mattsson,amattssonan@house.gov,Female,12/31/2017
385,Revkah,Leggott,rleggottao@google.pl,Female,10/11/2018
386,Georgeanna,Stevenson,gstevensonap@adobe.com,Female,11/11/2018
387,Sallee,Westbrook,swestbrookaq@artisteer.com,Female,5/31/2018
388,Cesya,Attryde,cattrydear@yahoo.com,Female,3/23/2018
389,Kiley,Hands,khandsas@jiathis.com,Male,7/22/2018
390,Ddene,Lum,dlumat@hugedomains.com,Female,6/18/2018
391,Timmy,Dennidge,tdennidgeau@istockphoto.com,Male,12/14/2017
392,Leann,Dzenisenka,ldzenisenkaav@marriott.com,Female,9/20/2018
393,Inigo,Dudson,idudsonaw@bloglines.com,Male,4/1/2018
394,Ellwood,Commuzzo,ecommuzzoax@aol.com,Male,12/5/2018
395,Alleen,Kilborn,akilbornay@webeden.co.uk,Female,7/29/2018
396,Courtnay,Hopfner,chopfneraz@fema.gov,Female,11/15/2018
397,Ashlie,Bresson,abressonb0@topsy.com,Female,4/26/2018
398,Akim,Nuss,anussb1@indiatimes.com,Male,12/29/2017
399,Boony,Worviell,bworviellb2@home.pl,Male,6/6/2018
400,Dalt,Purle,dpurleb3@surveymonkey.com,Male,10/24/2018
401,Barrie,Southerns,bsouthernsb4@flavors.me,Female,11/30/2018
402,Missy,Bader,mbaderb5@google.it,Female,5/5/2018
403,Krystle,Goggin,kgogginb6@vinaora.com,Female,2/14/2018
404,Alvin,Tremontana,atremontanab7@nps.gov,Male,2/27/2018
405,Ilse,Maryott,imaryottb8@w3.org,Female,1/16/2018
406,Penrod,Weymouth,pweymouthb9@weebly.com,Male,6/22/2018
407,Edi,Forsythe,eforsytheba@bing.com,Female,2/11/2018
408,Rickie,Caton,rcatonbb@desdev.cn,Male,6/1/2018
409,Lucien,Gannicleff,lgannicleffbc@google.ru,Male,4/12/2018
410,Terry,Habershon,thabershonbd@xrea.com,Male,3/25/2018
411,Mommy,Paulou,mpauloube@ted.com,Female,8/27/2018
412,Lanny,Cristofol,lcristofolbf@ask.com,Female,6/30/2018
413,Ericha,Algeo,ealgeobg@sakura.ne.jp,Female,12/19/2017
414,Terrijo,Muggleton,tmuggletonbh@chron.com,Female,11/27/2018
415,Tommy,Tennet,ttennetbi@bbb.org,Female,11/22/2018
416,Yankee,Burden,yburdenbj@tinyurl.com,Male,9/12/2018
417,Janaye,Giorgeschi,jgiorgeschibk@list-manage.com,Female,3/12/2018
418,Arney,Kelberer,akelbererbl@yellowpages.com,Male,10/10/2018
419,Dorie,Lethby,dlethbybm@utexas.edu,Male,7/22/2018
420,Edmon,Eyrl,eeyrlbn@columbia.edu,Male,8/19/2018
421,Inigo,Edsall,iedsallbo@yellowbook.com,Male,2/22/2018
422,Mikol,Shepherd,mshepherdbp@cnn.com,Male,1/24/2018
423,Andeee,Stoving,astovingbq@tmall.com,Female,5/2/2018
424,Calida,Tevelov,ctevelovbr@nationalgeographic.com,Female,7/28/2018
425,Alistair,Hartly,ahartlybs@4shared.com,Male,3/25/2018
426,Fulton,Blanchette,fblanchettebt@weather.com,Male,6/6/2018
427,Haydon,Chazerand,hchazerandbu@taobao.com,Male,9/18/2018
428,Lin,Devinn,ldevinnbv@dailymail.co.uk,Female,7/24/2018
429,Osbourn,Kemmons,okemmonsbw@wordpress.com,Male,12/26/2017
430,Sheff,Piatto,spiattobx@barnesandnoble.com,Male,10/7/2018
431,Doloritas,Tweedlie,dtweedlieby@ftc.gov,Female,11/7/2018
432,Martguerita,Merwe,mmerwebz@gnu.org,Female,3/3/2018
433,Rania,Handscomb,rhandscombc0@mozilla.org,Female,7/23/2018
434,Billie,Dannohl,bdannohlc1@samsung.com,Female,6/29/2018
435,Bradney,Smithson,bsmithsonc2@nps.gov,Male,4/13/2018
436,Carrol,Tyer,ctyerc3@auda.org.au,Male,2/3/2018
437,Victoria,Blinkhorn,vblinkhornc4@java.com,Female,5/29/2018
438,Lilias,Grigolli,lgrigollic5@slashdot.org,Female,2/25/2018
439,Sherline,Safell,ssafellc6@toplist.cz,Female,2/20/2018
440,Goran,Lawes,glawesc7@networkadvertising.org,Male,11/29/2018
441,Bridie,Boult,bboultc8@unc.edu,Female,8/14/2018
442,Court,Kunneke,ckunnekec9@wordpress.org,Male,2/13/2018
443,Jordan,Dimblebee,jdimblebeeca@quantcast.com,Male,10/16/2018
444,Dean,Beartup,dbeartupcb@ifeng.com,Male,12/8/2018
445,Waly,O'Sherin,wosherincc@last.fm,Female,6/7/2018
446,Wynn,Skermer,wskermercd@mac.com,Male,7/12/2018
447,Berton,Parris,bparrisce@comcast.net,Male,9/1/2018
448,Shepard,Inkin,sinkincf@unc.edu,Male,9/2/2018
449,Byram,Richold,bricholdcg@skyrock.com,Male,11/14/2018
450,Jackqueline,Emney,jemneych@topsy.com,Female,5/25/2018
451,Benjy,Chasmar,bchasmarci@ebay.co.uk,Male,7/2/2018
452,Gene,Shawley,gshawleycj@google.cn,Male,12/2/2018
453,Pedro,Chuter,pchuterck@edublogs.org,Male,3/12/2018
454,Krystyna,Shinefield,kshinefieldcl@networkadvertising.org,Female,4/4/2018
455,Nevins,Jouanet,njouanetcm@mozilla.org,Male,6/3/2018
456,Junie,Heart,jheartcn@cbslocal.com,Female,8/28/2018
457,Anabal,Larrosa,alarrosaco@printfriendly.com,Female,2/22/2018
458,Langston,Southon,lsouthoncp@mozilla.org,Male,7/18/2018
459,Charlean,Pettegre,cpettegrecq@amazonaws.com,Female,7/5/2018
460,Dunstan,Fontaine,dfontainecr@ftc.gov,Male,3/9/2018
461,Rex,Rosenboim,rrosenboimcs@vkontakte.ru,Male,6/2/2018
462,Gustaf,Ambrosoni,gambrosonict@so-net.ne.jp,Male,11/17/2018
463,Goldarina,Kemish,gkemishcu@utexas.edu,Female,7/10/2018
464,Eben,Metcalf,emetcalfcv@dell.com,Male,6/24/2018
465,Marena,Braven,mbravencw@com.com,Female,8/28/2018
466,Maryann,Ruggles,mrugglescx@tmall.com,Female,1/15/2018
467,Noell,Baume,nbaumecy@webmd.com,Female,8/8/2018
468,Elfrieda,Georgeot,egeorgeotcz@weebly.com,Female,8/26/2018
469,Daniel,Jeens,djeensd0@seesaa.net,Male,5/6/2018
470,Blisse,Barrott,bbarrottd1@google.cn,Female,6/28/2018
471,Timothea,Kenney,tkenneyd2@buzzfeed.com,Female,7/16/2018
472,Caressa,Bartolijn,cbartolijnd3@mayoclinic.com,Female,12/4/2018
473,Cletus,Finder,cfinderd4@seesaa.net,Male,6/26/2018
474,Astrid,Hatley,ahatleyd5@independent.co.uk,Female,1/9/2018
475,Wilton,Smidmoor,wsmidmoord6@elegantthemes.com,Male,1/1/2018
476,Pieter,Wegner,pwegnerd7@miibeian.gov.cn,Male,9/24/2018
477,Chase,Fairfoul,cfairfould8@networksolutions.com,Male,9/10/2018
478,Morlee,Wisniowski,mwisniowskid9@unc.edu,Male,10/2/2018
479,Ynes,Lawes,ylawesda@over-blog.com,Female,8/5/2018
480,Brod,Gershom,bgershomdb@digg.com,Male,3/17/2018
481,Junia,Lakenton,jlakentondc@gizmodo.com,Female,10/8/2018
482,Gusta,Kingston,gkingstondd@ucoz.com,Female,4/18/2018
483,Carey,Fomichkin,cfomichkinde@smugmug.com,Male,11/6/2018
484,Sheila-kathryn,Lippatt,slippattdf@constantcontact.com,Female,1/19/2018
485,Meade,Leynham,mleynhamdg@icio.us,Female,3/16/2018
486,Horst,Massingham,hmassinghamdh@latimes.com,Male,4/10/2018
487,Allina,Bellanger,abellangerdi@gravatar.com,Female,4/27/2018
488,Donnie,Boom,dboomdj@hao123.com,Female,7/12/2018
489,Trudy,Banting,tbantingdk@tripadvisor.com,Female,1/18/2018
490,Sherye,MacAnelley,smacanelleydl@nps.gov,Female,4/6/2018
491,Glenn,Spraggs,gspraggsdm@mac.com,Female,4/1/2018
492,Dugald,Messitt,dmessittdn@tamu.edu,Male,12/16/2017
493,Stace,Dulake,sdulakedo@jimdo.com,Female,10/30/2018
494,Hunfredo,Cisneros,hcisnerosdp@boston.com,Male,10/10/2018
495,Randie,Lillee,rlilleedq@usda.gov,Male,4/30/2018
496,Kayla,Dufton,kduftondr@hp.com,Female,3/30/2018
497,Schuyler,Neubigging,sneubiggingds@yandex.ru,Male,11/17/2018
498,Penny,Durtnall,pdurtnalldt@latimes.com,Male,11/15/2018
499,Karrah,Hatchard,khatcharddu@go.com,Female,6/22/2018
500,Maxine,Bernuzzi,mbernuzzidv@bandcamp.com,Female,3/13/2018
501,Karola,Cooley,kcooleydw@so-net.ne.jp,Female,8/27/2018
502,Pierce,Sheraton,psheratondx@google.ru,Male,1/20/2018
503,Julianna,Griston,jgristondy@nydailynews.com,Female,7/16/2018
504,Thorin,Hue,thuedz@noaa.gov,Male,6/3/2018
505,Parrnell,Dunkinson,pdunkinsone0@google.pl,Male,11/24/2018
506,Raf,De Dantesie,rdedantesiee1@thetimes.co.uk,Female,4/29/2018
507,Constancy,Mussettini,cmussettinie2@eventbrite.com,Female,7/18/2018
508,Tatiana,Hoys,thoyse3@tumblr.com,Female,12/6/2018
509,Denys,Marquese,dmarquesee4@opera.com,Female,11/22/2018
510,Sylas,Rape,srapee5@who.int,Male,6/12/2018
511,Judas,Axelby,jaxelbye6@hud.gov,Male,5/1/2018
512,Kylen,Perdue,kperduee7@cornell.edu,Female,6/5/2018
513,Joby,Kubat,jkubate8@dmoz.org,Female,10/1/2018
514,Shalne,Handforth,shandforthe9@baidu.com,Female,3/28/2018
515,Howey,Kyne,hkyneea@sciencedaily.com,Male,11/10/2018
516,Windham,Lorain,wloraineb@tiny.cc,Male,2/23/2018
517,Henrieta,Burnham,hburnhamec@typepad.com,Female,7/7/2018
518,Jerome,Tunkin,jtunkined@techcrunch.com,Male,8/12/2018
519,Johann,Ord,jordee@webeden.co.uk,Male,8/8/2018
520,Reggis,Alsobrook,ralsobrookef@geocities.com,Male,1/31/2018
521,Brigida,Mougeot,bmougeoteg@princeton.edu,Female,10/2/2018
522,Nicolette,Mustchin,nmustchineh@npr.org,Female,7/3/2018
523,Jaye,Udell,judellei@yahoo.co.jp,Male,7/27/2018
524,Wit,Dreossi,wdreossiej@flickr.com,Male,10/15/2018
525,Dara,Blazdell,dblazdellek@msu.edu,Female,8/16/2018
526,Ginelle,Howkins,ghowkinsel@statcounter.com,Female,5/10/2018
527,Rab,Goathrop,rgoathropem@ameblo.jp,Male,2/25/2018
528,Allistir,Furmonger,afurmongeren@furl.net,Male,7/6/2018
529,Anabal,Benettini,abenettinieo@va.gov,Female,10/26/2018
530,Valentina,Firmage,vfirmageep@ocn.ne.jp,Female,7/9/2018
531,Dale,Edel,dedeleq@opera.com,Female,2/17/2018
532,Niven,Welfare,nwelfareer@ebay.co.uk,Male,5/9/2018
533,Dunn,Fulop,dfulopes@umich.edu,Male,8/27/2018
534,Elayne,Davidai,edavidaiet@vkontakte.ru,Female,6/30/2018
535,Reinwald,de Voiels,rdevoielseu@desdev.cn,Male,1/31/2018
536,Jasen,Huncoot,jhuncootev@cdc.gov,Male,11/1/2018
537,Malachi,Shadbolt,mshadboltew@google.fr,Male,8/20/2018
538,Alane,Swepstone,aswepstoneex@apache.org,Female,9/11/2018
539,Ruby,Whitlock,rwhitlockey@gizmodo.com,Male,5/13/2018
540,Roxy,Pinkerton,rpinkertonez@dagondesign.com,Female,10/14/2018
541,Babita,Koppe,bkoppef0@google.com,Female,5/11/2018
542,Hoebart,Elwyn,helwynf1@fc2.com,Male,9/4/2018
543,Beilul,Chasmer,bchasmerf2@ted.com,Female,8/2/2018
544,Malchy,Gulley,mgulleyf3@bloomberg.com,Male,8/9/2018
545,Millard,Kean,mkeanf4@fc2.com,Male,1/19/2018
546,Rivalee,Klaff,rklafff5@ucsd.edu,Female,8/19/2018
547,Carlota,Willavoys,cwillavoysf6@salon.com,Female,2/9/2018
548,Rosemonde,Elfe,relfef7@jimdo.com,Female,1/7/2018
549,Gordy,Squire,gsquiref8@utexas.edu,Male,4/1/2018
550,Jude,Lineker,jlinekerf9@bbb.org,Male,4/7/2018
551,Tiffanie,Welfare,twelfarefa@creativecommons.org,Female,9/2/2018
552,Zechariah,Filyakov,zfilyakovfb@purevolume.com,Male,8/28/2018
553,Gilberta,Linzee,glinzeefc@slate.com,Female,5/23/2018
554,Mabel,Gasgarth,mgasgarthfd@springer.com,Female,3/24/2018
555,Lew,MacAfee,lmacafeefe@devhub.com,Male,6/9/2018
556,Fayette,Rizzi,frizziff@howstuffworks.com,Female,8/18/2018
557,Ransell,Batram,rbatramfg@youtu.be,Male,8/27/2018
558,Herby,Donke,hdonkefh@vistaprint.com,Male,6/19/2018
559,Peria,Bartrop,pbartropfi@msu.edu,Female,6/2/2018
560,Lindy,Healks,lhealksfj@goo.ne.jp,Male,10/1/2018
561,Andie,Panter,apanterfk@globo.com,Male,2/6/2018
562,Urbanus,McKeurtan,umckeurtanfl@icq.com,Male,6/9/2018
563,Dorisa,Morais,dmoraisfm@answers.com,Female,2/24/2018
564,Sasha,Butteris,sbutterisfn@shop-pro.jp,Male,11/5/2018
565,Betta,Cruickshank,bcruickshankfo@a8.net,Female,6/9/2018
566,Maurie,Pane,mpanefp@w3.org,Male,11/9/2018
567,Auria,Wildey,awildeyfq@japanpost.jp,Female,12/3/2018
568,Cissiee,Tenpenny,ctenpennyfr@theglobeandmail.com,Female,5/2/2018
569,Ashley,Charleston,acharlestonfs@live.com,Male,7/27/2018
570,Karalee,Tregunna,ktregunnaft@theatlantic.com,Female,10/4/2018
571,Agace,Monkhouse,amonkhousefu@pagesperso-orange.fr,Female,9/8/2018
572,Ryan,Arrighini,rarrighinifv@blog.com,Male,2/27/2018
573,Bernadene,Fairnington,bfairningtonfw@sun.com,Female,2/17/2018
574,Paquito,Poxson,ppoxsonfx@usa.gov,Male,4/19/2018
575,Weston,Adriano,wadrianofy@imgur.com,Male,1/20/2018
576,Stanly,Butte,sbuttefz@cmu.edu,Male,6/17/2018
577,Angie,Arkwright,aarkwrightg0@shinystat.com,Female,6/28/2018
578,Roxanna,Barefoot,rbarefootg1@kickstarter.com,Female,9/7/2018
579,Amalia,Stolworthy,astolworthyg2@amazon.de,Female,1/10/2018
580,Abra,Scholl,aschollg3@booking.com,Female,4/13/2018
581,Lydon,Cribbin,lcribbing4@xinhuanet.com,Male,5/9/2018
582,Cher,Jehu,cjehug5@addthis.com,Female,5/11/2018
583,Prisca,Fibbitts,pfibbittsg6@wsj.com,Female,10/14/2018
584,Kylen,Mulloch,kmullochg7@go.com,Female,12/2/2018
585,Mamie,Jannings,mjanningsg8@businessweek.com,Female,1/8/2018
586,Alis,Shaylor,ashaylorg9@ning.com,Female,5/24/2018
587,Breena,Lauritzen,blauritzenga@forbes.com,Female,2/18/2018
588,Baxter,Learmount,blearmountgb@printfriendly.com,Male,8/31/2018
589,Hillier,Gabbitas,hgabbitasgc@freewebs.com,Male,6/27/2018
590,Milka,Hilland,mhillandgd@amazon.com,Female,3/7/2018
591,Dylan,Langcaster,dlangcasterge@canalblog.com,Male,5/1/2018
592,Bent,Milligan,bmilligangf@acquirethisname.com,Male,7/30/2018
593,Bard,Brashier,bbrashiergg@sohu.com,Male,2/3/2018
594,Ebonee,Thomassin,ethomassingh@ucoz.com,Female,6/6/2018
595,Brnaby,McKinty,bmckintygi@lycos.com,Male,10/19/2018
596,Drusi,Haet,dhaetgj@icio.us,Female,11/7/2018
597,Diandra,Souter,dsoutergk@etsy.com,Female,3/6/2018
598,Sam,Frisdick,sfrisdickgl@yale.edu,Female,11/6/2018
599,Karel,Preuvost,kpreuvostgm@instagram.com,Female,2/1/2018
600,Elia,Deer,edeergn@census.gov,Male,11/9/2018
601,Olin,Hollow,ohollowgo@epa.gov,Male,5/27/2018
602,Aldous,Jansik,ajansikgp@histats.com,Male,11/6/2018
603,Saloma,Hinder,shindergq@youtu.be,Female,5/3/2018
604,Jandy,Klehn,jklehngr@pinterest.com,Female,9/9/2018
605,Bibbie,Jevons,bjevonsgs@facebook.com,Female,8/29/2018
606,Tandie,Byllam,tbyllamgt@nydailynews.com,Female,7/11/2018
607,Anneliese,Janauschek,ajanauschekgu@sourceforge.net,Female,7/10/2018
608,Tessie,Fetherston,tfetherstongv@ibm.com,Female,4/25/2018
609,Emmery,Cubberley,ecubberleygw@wikipedia.org,Male,8/13/2018
610,Nicholas,Whyke,nwhykegx@shinystat.com,Male,12/9/2018
611,Abe,Carlyon,acarlyongy@ebay.com,Male,10/15/2018
612,Annabella,Badgers,abadgersgz@ebay.com,Female,7/9/2018
613,Garvy,Musgrave,gmusgraveh0@google.co.jp,Male,3/13/2018
614,Bruce,Nicholas,bnicholash1@bloglines.com,Male,7/2/2018
615,Udell,Halstead,uhalsteadh2@pcworld.com,Male,3/20/2018
616,Thomas,Deamer,tdeamerh3@freewebs.com,Male,8/15/2018
617,Gherardo,Klas,gklash4@oaic.gov.au,Male,1/13/2018
618,Antony,Glowacz,aglowaczh5@github.io,Male,1/31/2018
619,Nolana,Assel,nasselh6@columbia.edu,Female,12/11/2017
620,Maryl,Stode,mstodeh7@blogspot.com,Female,7/11/2018
621,Domini,Moutray Read,dmoutrayreadh8@newsvine.com,Female,5/3/2018
622,Hayes,Donovin,hdonovinh9@tinypic.com,Male,8/9/2018
623,Eddie,Latter,elatterha@ebay.com,Male,7/3/2018
624,Granville,Landall,glandallhb@twitpic.com,Male,7/21/2018
625,Lauree,Aubery,lauberyhc@ebay.com,Female,8/14/2018
626,Merrily,Kubera,mkuberahd@ovh.net,Female,3/19/2018
627,Genia,Seeney,gseeneyhe@nhs.uk,Female,10/3/2018
628,Feliza,Spurett,fspuretthf@elpais.com,Female,3/4/2018
629,Brynna,Pinke,bpinkehg@cnn.com,Female,1/29/2018
630,Beverley,Abazi,babazihh@icq.com,Female,7/18/2018
631,Amata,Vondrasek,avondrasekhi@cam.ac.uk,Female,4/13/2018
632,Winona,Gatley,wgatleyhj@infoseek.co.jp,Female,12/17/2017
633,Torre,Matiebe,tmatiebehk@nhs.uk,Male,10/28/2018
634,Brock,Conquest,bconquesthl@cafepress.com,Male,5/10/2018
635,Stacia,Dewing,sdewinghm@ehow.com,Female,2/25/2018
636,Shela,Groundwater,sgroundwaterhn@vinaora.com,Female,10/22/2018
637,Matt,Loody,mloodyho@cloudflare.com,Male,5/6/2018
638,Buiron,Blazek,bblazekhp@fc2.com,Male,4/8/2018
639,Ellis,Verden,everdenhq@tuttocitta.it,Male,3/6/2018
640,Nikkie,Triggel,ntriggelhr@icq.com,Female,2/13/2018
641,Eward,Leyton,eleytonhs@reuters.com,Male,11/21/2018
642,Diana,Heims,dheimsht@accuweather.com,Female,10/30/2018
643,Ryley,Stuchburie,rstuchburiehu@cdbaby.com,Male,10/3/2018
644,Bo,Firbanks,bfirbankshv@samsung.com,Male,1/3/2018
645,Sandy,Fernez,sfernezhw@surveymonkey.com,Female,1/5/2018
646,Ilaire,Le Page,ilepagehx@scribd.com,Male,6/5/2018
647,Salvidor,Goede,sgoedehy@paypal.com,Male,3/22/2018
648,Cedric,Newvell,cnewvellhz@4shared.com,Male,6/4/2018
649,Richardo,Campos,rcamposi0@lulu.com,Male,12/22/2017
650,Deana,Charlo,dcharloi1@ycombinator.com,Female,9/6/2018
651,Val,Artois,vartoisi2@auda.org.au,Male,4/27/2018
652,Bee,O'Brogan,bobrogani3@indiegogo.com,Female,10/2/2018
653,Denna,Elcoate,delcoatei4@seesaa.net,Female,1/28/2018
654,Chucho,Sutherington,csutheringtoni5@artisteer.com,Male,2/1/2018
655,Bengt,Gansbuhler,bgansbuhleri6@jigsy.com,Male,11/9/2018
656,Sergent,Brehault,sbrehaulti7@tuttocitta.it,Male,12/28/2017
657,Wally,Coverdill,wcoverdilli8@youku.com,Male,12/23/2017
658,Aloysius,Chilvers,achilversi9@gizmodo.com,Male,1/29/2018
659,Shell,Staynes,sstaynesia@barnesandnoble.com,Male,5/4/2018
660,Katinka,Heritege,kheritegeib@soup.io,Female,12/15/2017
661,Lem,Binch,lbinchic@is.gd,Male,11/28/2018
662,Nil,Pelham,npelhamid@ycombinator.com,Male,1/27/2018
663,Rosalinda,Powner,rpownerie@yelp.com,Female,2/8/2018
664,Georgi,Muncie,gmuncieif@purevolume.com,Male,5/25/2018
665,Koral,Walkden,kwalkdenig@wordpress.com,Female,1/19/2018
666,Emerson,Hurcombe,ehurcombeih@ezinearticles.com,Male,3/22/2018
667,Coletta,Vise,cviseii@microsoft.com,Female,10/6/2018
668,Claiborne,Vatcher,cvatcherij@eventbrite.com,Male,5/18/2018
669,Grantham,Howitt,ghowittik@google.it,Male,7/9/2018
670,Ann,Twelftree,atwelftreeil@xrea.com,Female,6/7/2018
671,Bryon,Forcade,bforcadeim@reverbnation.com,Male,5/8/2018
672,Quinn,Neighbour,qneighbourin@live.com,Female,2/20/2018
673,Dinnie,Adamovicz,dadamoviczio@wisc.edu,Female,3/23/2018
674,Libby,Haldenby,lhaldenbyip@buzzfeed.com,Female,1/14/2018
675,Sonnnie,Halworth,shalworthiq@e-recht24.de,Female,6/27/2018
676,Jody,Thandi,jthandiir@narod.ru,Male,11/22/2018
677,Jon,Ivan,jivanis@phoca.cz,Male,8/20/2018
678,Danya,Keetley,dkeetleyit@intel.com,Male,6/16/2018
679,Floyd,Morican,fmoricaniu@princeton.edu,Male,11/13/2018
680,Flynn,Hymer,fhymeriv@hhs.gov,Male,6/30/2018
681,Julieta,Lugard,jlugardiw@odnoklassniki.ru,Female,8/16/2018
682,Kathe,Jarad,kjaradix@msu.edu,Female,7/23/2018
683,Morissa,Giraudy,mgiraudyiy@lycos.com,Female,4/29/2018
684,Giulio,Harley,gharleyiz@webnode.com,Male,6/9/2018
685,Crystie,Roller,crollerj0@youku.com,Female,10/26/2018
686,Anabelle,Cater,acaterj1@tuttocitta.it,Female,2/28/2018
687,Corrie,Giorgeschi,cgiorgeschij2@exblog.jp,Male,9/3/2018
688,Josepha,Collcott,jcollcottj3@washington.edu,Female,11/5/2018
689,Clarance,Lealle,cleallej4@goo.ne.jp,Male,9/12/2018
690,Flore,McGlone,fmcglonej5@cdc.gov,Female,9/3/2018
691,Steward,Rizzetti,srizzettij6@instagram.com,Male,10/4/2018
692,Tiler,Enden,tendenj7@mapquest.com,Male,10/17/2018
693,Mayne,Liveley,mliveleyj8@wordpress.org,Male,6/20/2018
694,Linzy,Molder,lmolderj9@desdev.cn,Female,11/14/2018
695,Orazio,Daens,odaensja@rakuten.co.jp,Male,11/17/2018
696,Thalia,Bonevant,tbonevantjb@wp.com,Female,3/7/2018
697,Freda,McCunn,fmccunnjc@yale.edu,Female,1/16/2018
698,Valera,Lockner,vlocknerjd@adobe.com,Female,11/13/2018
699,Luelle,McEllen,lmcellenje@columbia.edu,Female,10/25/2018
700,Tomasine,Danilovic,tdanilovicjf@sciencedirect.com,Female,7/19/2018
701,Monroe,Daltrey,mdaltreyjg@fema.gov,Male,8/26/2018
702,Alane,Wildman,awildmanjh@arizona.edu,Female,2/5/2018
703,Fred,Akker,fakkerji@t.co,Male,7/22/2018
704,Drucy,Everal,deveraljj@dell.com,Female,3/16/2018
705,Stormie,Riedel,sriedeljk@linkedin.com,Female,1/25/2018
706,Jordana,Lawrence,jlawrencejl@flavors.me,Female,6/28/2018
707,Pepe,Mountfort,pmountfortjm@ameblo.jp,Male,1/23/2018
708,Merrill,Gleasane,mgleasanejn@washingtonpost.com,Female,5/29/2018
709,Jesselyn,Chesney,jchesneyjo@tripadvisor.com,Female,12/29/2017
710,Stanford,Greasley,sgreasleyjp@ftc.gov,Male,11/10/2018
711,Carlie,MacAllaster,cmacallasterjq@army.mil,Male,11/24/2018
712,Kiley,Shellsheere,kshellsheerejr@usa.gov,Male,2/4/2018
713,Oswald,Llewhellin,ollewhellinjs@cbsnews.com,Male,6/27/2018
714,Kati,Clemente,kclementejt@over-blog.com,Female,8/12/2018
715,Caz,Vasenkov,cvasenkovju@privacy.gov.au,Male,6/4/2018
716,Cilka,Gault,cgaultjv@yahoo.com,Female,9/3/2018
717,Micki,Evins,mevinsjw@ameblo.jp,Female,11/10/2018
718,Ignacio,Biaggiotti,ibiaggiottijx@ox.ac.uk,Male,1/20/2018
719,Lou,Kybird,lkybirdjy@ezinearticles.com,Male,10/26/2018
720,Jessy,Karys,jkarysjz@hc360.com,Female,6/24/2018
721,Kordula,Benini,kbeninik0@e-recht24.de,Female,11/24/2018
722,Alexia,Croxley,acroxleyk1@sbwire.com,Female,10/28/2018
723,Daryn,Dudding,dduddingk2@mapy.cz,Female,2/1/2018
724,Layla,Kensington,lkensingtonk3@desdev.cn,Female,7/11/2018
725,Willamina,Norcock,wnorcockk4@ft.com,Female,6/25/2018
726,Tobey,Crann,tcrannk5@europa.eu,Female,10/5/2018
727,Weylin,Wibberley,wwibberleyk6@umich.edu,Male,9/2/2018
728,Garey,Sibson,gsibsonk7@last.fm,Male,8/29/2018
729,Abbey,Bard,abardk8@addthis.com,Male,5/29/2018
730,Minnaminnie,Singh,msinghk9@taobao.com,Female,2/21/2018
731,Urbanus,Duerden,uduerdenka@ebay.co.uk,Male,9/12/2018
732,Arlen,Laxson,alaxsonkb@thetimes.co.uk,Female,5/7/2018
733,Giana,Clelland,gclellandkc@alexa.com,Female,5/2/2018
734,Van,Colleford,vcollefordkd@who.int,Female,11/16/2018
735,Stefan,Piggins,spigginske@netvibes.com,Male,11/2/2018
736,Shay,MacPhail,smacphailkf@nydailynews.com,Female,5/29/2018
737,Staford,Pittman,spittmankg@smh.com.au,Male,4/22/2018
738,Banky,Kelland,bkellandkh@histats.com,Male,11/13/2018
739,Olia,Parry,oparryki@deliciousdays.com,Female,11/24/2018
740,Jemima,Coviello,jcoviellokj@auda.org.au,Female,5/1/2018
741,Bird,Titmuss,btitmusskk@upenn.edu,Female,1/17/2018
742,Rayner,Tommei,rtommeikl@ocn.ne.jp,Male,9/9/2018
743,Lynne,Portch,lportchkm@ow.ly,Female,6/23/2018
744,Leslie,Glassopp,lglassoppkn@macromedia.com,Female,2/28/2018
745,Cindelyn,Houston,choustonko@flavors.me,Female,6/29/2018
746,Thedrick,Sallans,tsallanskp@va.gov,Male,4/7/2018
747,Kincaid,Maghull,kmaghullkq@imdb.com,Male,12/7/2018
748,Bennett,Vannikov,bvannikovkr@chronoengine.com,Male,6/22/2018
749,Chloris,Endrizzi,cendrizziks@npr.org,Female,3/15/2018
750,Ashli,Stow,astowkt@imdb.com,Female,7/17/2018
751,Briano,Dutton,bduttonku@hhs.gov,Male,11/11/2018
752,Christian,Hoffmann,choffmannkv@hibu.com,Female,5/23/2018
753,Norton,Handrahan,nhandrahankw@japanpost.jp,Male,11/19/2018
754,Urson,Jolliffe,ujolliffekx@indiatimes.com,Male,4/15/2018
755,Martie,Cleobury,mcleoburyky@ca.gov,Male,2/5/2018
756,Elsey,Myderscough,emyderscoughkz@sourceforge.net,Female,4/20/2018
757,Amby,Feige,afeigel0@stumbleupon.com,Male,1/26/2018
758,Alon,Ovill,aovilll1@freewebs.com,Male,3/12/2018
759,Mariska,Letch,mletchl2@alibaba.com,Female,11/5/2018
760,Sherye,Laborda,slabordal3@tumblr.com,Female,8/21/2018
761,Elbertine,Clayfield,eclayfieldl4@guardian.co.uk,Female,2/15/2018
762,Davina,Ferrand,dferrandl5@biglobe.ne.jp,Female,9/5/2018
763,Rickert,Hustler,rhustlerl6@tiny.cc,Male,6/20/2018
764,Othelia,McCrainor,omccrainorl7@vinaora.com,Female,1/29/2018
765,Glenna,Stovin,gstovinl8@skype.com,Female,11/2/2018
766,Hercules,Babbage,hbabbagel9@hatena.ne.jp,Male,5/27/2018
767,Cyrus,Hischke,chischkela@gmpg.org,Male,9/1/2018
768,Lydia,Marcus,lmarcuslb@tuttocitta.it,Female,5/3/2018
769,Jeniece,Ruzic,jruziclc@behance.net,Female,2/13/2018
770,Dana,Qusklay,dqusklayld@biglobe.ne.jp,Female,10/13/2018
771,Aaren,Ginni,aginnile@house.gov,Female,9/5/2018
772,Osgood,Jannequin,ojannequinlf@creativecommons.org,Male,1/7/2018
773,Floyd,Barkus,fbarkuslg@geocities.com,Male,9/11/2018
774,Titus,Beverage,tbeveragelh@joomla.org,Male,7/21/2018
775,Bear,Piens,bpiensli@altervista.org,Male,7/31/2018
776,Steward,Merkle,smerklelj@samsung.com,Male,4/4/2018
777,Rees,Lamplough,rlamploughlk@bizjournals.com,Male,3/22/2018
778,Donaugh,Huntly,dhuntlyll@cargocollective.com,Male,8/26/2018
779,Aldwin,Reeks,areekslm@foxnews.com,Male,8/30/2018
780,Sim,Daveren,sdaverenln@abc.net.au,Male,1/9/2018
781,Marietta,Enbury,menburylo@hibu.com,Female,9/22/2018
782,Bentlee,Sapsforde,bsapsfordelp@sphinn.com,Male,7/5/2018
783,Brandais,Weekly,bweeklylq@nih.gov,Female,8/3/2018
784,Riannon,Burnup,rburnuplr@wikimedia.org,Female,12/15/2017
785,Roldan,Alwin,ralwinls@cam.ac.uk,Male,8/17/2018
786,Aubrey,Karlsson,akarlssonlt@abc.net.au,Female,12/1/2018
787,Blayne,Dransfield,bdransfieldlu@yandex.ru,Male,4/4/2018
788,Ezequiel,Macconachy,emacconachylv@nydailynews.com,Male,7/4/2018
789,Lucie,Coldbath,lcoldbathlw@usa.gov,Female,9/6/2018
790,Cassandra,Esmond,cesmondlx@hubpages.com,Female,4/10/2018
791,Barnard,Livesey,bliveseyly@123-reg.co.uk,Male,6/28/2018
792,James,Milmith,jmilmithlz@geocities.com,Male,5/13/2018
793,Gaspar,Wigin,gwiginm0@devhub.com,Male,8/11/2018
794,Jobey,Paroni,jparonim1@alibaba.com,Female,3/27/2018
795,Gunilla,Wallwood,gwallwoodm2@discovery.com,Female,2/3/2018
796,Marlon,Ellwood,mellwoodm3@phoca.cz,Male,5/15/2018
797,Gretal,Colton,gcoltonm4@aol.com,Female,1/22/2018
798,Danna,Blowick,dblowickm5@goo.ne.jp,Female,7/3/2018
799,Ingelbert,Blackshaw,iblackshawm6@google.ru,Male,5/4/2018
800,Shani,Kruschev,skruschevm7@eepurl.com,Female,9/23/2018
801,Dennet,Murkus,dmurkusm8@blogs.com,Male,9/15/2018
802,Verne,Stenner,vstennerm9@amazon.de,Male,12/5/2018
803,Kendrick,Stennes,kstennesma@accuweather.com,Male,4/22/2018
804,Vivianna,Lowmass,vlowmassmb@ask.com,Female,8/6/2018
805,Gusta,Curtoys,gcurtoysmc@amazonaws.com,Female,2/13/2018
806,Wayland,Mathias,wmathiasmd@goodreads.com,Male,9/5/2018
807,Dina,Rigge,driggeme@state.gov,Female,8/28/2018
808,Tobi,Marritt,tmarrittmf@dmoz.org,Female,7/21/2018
809,Rhodia,McCartan,rmccartanmg@squarespace.com,Female,6/25/2018
810,Alfreda,Dore,adoremh@printfriendly.com,Female,5/8/2018
811,Magdalene,Southouse,msouthousemi@lulu.com,Female,4/12/2018
812,Dannye,O'Lochan,dolochanmj@princeton.edu,Female,11/14/2018
813,Guillema,Yurukhin,gyurukhinmk@photobucket.com,Female,9/24/2018
814,Bartlett,Brownjohn,bbrownjohnml@oaic.gov.au,Male,9/5/2018
815,Antonius,Gabe,agabemm@mapquest.com,Male,3/18/2018
816,Fawne,Battleson,fbattlesonmn@sohu.com,Female,11/23/2018
817,Dode,Mehew,dmehewmo@alibaba.com,Female,10/1/2018
818,Bret,Morl,bmorlmp@wp.com,Male,10/25/2018
819,Baxter,Gohier,bgohiermq@cdc.gov,Male,7/25/2018
820,Audi,Furmagier,afurmagiermr@networkadvertising.org,Female,9/16/2018
821,Gerri,Proschek,gproschekms@chron.com,Female,7/15/2018
822,Jody,Oldland,joldlandmt@bluehost.com,Male,3/10/2018
823,Dru,Grichukhin,dgrichukhinmu@hostgator.com,Female,10/26/2018
824,Claiborn,Lloyd-Williams,clloydwilliamsmv@chron.com,Male,4/27/2018
825,Saunderson,Spivey,sspiveymw@psu.edu,Male,3/9/2018
826,Ernestine,Caistor,ecaistormx@yandex.ru,Female,7/14/2018
827,Daryl,Curnick,dcurnickmy@bloglines.com,Male,10/31/2018
828,Massimiliano,Cooling,mcoolingmz@acquirethisname.com,Male,9/28/2018
829,Giles,Leake,gleaken0@uol.com.br,Male,10/30/2018
830,Angie,Fourman,afourmann1@w3.org,Male,4/6/2018
831,Violette,Langthorne,vlangthornen2@4shared.com,Female,6/12/2018
832,Matias,Arkley,markleyn3@senate.gov,Male,10/3/2018
833,Sam,Heaseman,sheasemann4@opensource.org,Female,3/18/2018
834,Annora,Murfin,amurfinn5@uiuc.edu,Female,9/1/2018
835,Ricardo,Eallis,reallisn6@sun.com,Male,10/10/2018
836,Dilly,Edgerton,dedgertonn7@tinypic.com,Male,5/3/2018
837,Atalanta,Minchi,aminchin8@timesonline.co.uk,Female,6/26/2018
838,Harmonie,Sheering,hsheeringn9@weibo.com,Female,3/25/2018
839,Goldie,Simoneton,gsimonetonna@sourceforge.net,Female,5/10/2018
840,Noel,MacGinlay,nmacginlaynb@twitter.com,Female,9/26/2018
841,Addy,Swayton,aswaytonnc@pcworld.com,Male,9/1/2018
842,Lizette,Whitland,lwhitlandnd@accuweather.com,Female,8/9/2018
843,Fritz,Capitano,fcapitanone@accuweather.com,Male,10/18/2018
844,Alyse,Garmston,agarmstonnf@ebay.co.uk,Female,11/9/2018
845,Renato,Bootes,rbootesng@omniture.com,Male,10/26/2018
846,Clint,Noquet,cnoquetnh@angelfire.com,Male,10/9/2018
847,Darius,Haslam,dhaslamni@fda.gov,Male,6/16/2018
848,Natal,Sturt,nsturtnj@meetup.com,Male,10/28/2018
849,Courtney,McClaughlin,cmcclaughlinnk@free.fr,Male,5/2/2018
850,Tori,Killingbeck,tkillingbecknl@sbwire.com,Female,2/28/2018
851,Esdras,Roskams,eroskamsnm@weibo.com,Male,10/20/2018
852,Pernell,Fransoni,pfransoninn@arstechnica.com,Male,11/29/2018
853,Ellsworth,Leathem,eleathemno@home.pl,Male,3/18/2018
854,Blakeley,Garth,bgarthnp@jigsy.com,Female,3/8/2018
855,Ole,Stidson,ostidsonnq@biblegateway.com,Male,1/13/2018
856,Chet,Hillborne,chillbornenr@fda.gov,Male,6/29/2018
857,Revkah,Cicconetti,rcicconettins@ft.com,Female,10/22/2018
858,Rawley,Barde,rbardent@ox.ac.uk,Male,9/1/2018
859,Taffy,Sell,tsellnu@g.co,Female,6/3/2018
860,Nicol,Barok,nbaroknv@imgur.com,Female,3/2/2018
861,Lou,Storey,lstoreynw@usa.gov,Male,12/25/2017
862,Idalia,Roff,iroffnx@pinterest.com,Female,6/7/2018
863,Gunter,Benterman,gbentermanny@newsvine.com,Male,1/15/2018
864,Noelle,Benedite,nbeneditenz@ameblo.jp,Female,5/26/2018
865,Bettina,Stiger,bstigero0@disqus.com,Female,7/14/2018
866,Pen,Roffey,proffeyo1@multiply.com,Female,5/31/2018
867,Dirk,Marshal,dmarshalo2@stumbleupon.com,Male,11/21/2018
868,Isadora,Kelway,ikelwayo3@hao123.com,Female,10/10/2018
869,Ardyce,McPhillimey,amcphillimeyo4@seattletimes.com,Female,12/12/2017
870,Dani,Havile,dhavileo5@creativecommons.org,Male,3/20/2018
871,Phyllys,Grumble,pgrumbleo6@google.ca,Female,3/7/2018
872,Mei,Orth,mortho7@economist.com,Female,1/17/2018
873,Ebony,Franzonello,efranzonelloo8@etsy.com,Female,1/9/2018
874,Chalmers,Grono,cgronoo9@mapquest.com,Male,5/21/2018
875,Godard,Uglow,guglowoa@amazon.com,Male,4/14/2018
876,Elyn,Burtonshaw,eburtonshawob@godaddy.com,Female,4/25/2018
877,Chloette,Fishlee,cfishleeoc@google.de,Female,4/30/2018
878,Peria,Dietzler,pdietzlerod@elegantthemes.com,Female,12/5/2018
879,Frederic,Beakes,fbeakesoe@nasa.gov,Male,1/26/2018
880,Lucia,Pott,lpottof@weather.com,Female,2/22/2018
881,Alethea,Jeffry,ajeffryog@freewebs.com,Female,11/10/2018
882,Dulcie,Maylour,dmaylouroh@amazonaws.com,Female,5/30/2018
883,Rozella,Moral,rmoraloi@fastcompany.com,Female,6/28/2018
884,Theadora,Jancso,tjancsooj@springer.com,Female,9/4/2018
885,Bevon,Rapa,brapaok@reddit.com,Male,3/4/2018
886,Anatola,Tink,atinkol@google.co.uk,Female,8/16/2018
887,Myranda,Bodega,mbodegaom@altervista.org,Female,10/23/2018
888,Addy,Railton,arailtonon@shareasale.com,Female,11/7/2018
889,Bernhard,O'Concannon,boconcannonoo@barnesandnoble.com,Male,7/15/2018
890,Mirabel,Stanlike,mstanlikeop@newyorker.com,Female,1/19/2018
891,Rayner,Gorring,rgorringoq@hostgator.com,Male,5/28/2018
892,Elsy,Botcherby,ebotcherbyor@google.nl,Female,8/27/2018
893,Ardyth,McEntegart,amcentegartos@washingtonpost.com,Female,1/8/2018
894,Anica,Gethen,agethenot@yahoo.com,Female,9/16/2018
895,Brietta,Mc Coughan,bmccoughanou@com.com,Female,3/25/2018
896,Tonye,Eadmeades,teadmeadesov@gov.uk,Female,9/20/2018
897,Piotr,Canape,pcanapeow@printfriendly.com,Male,11/9/2018
898,Vinnie,Matityahu,vmatityahuox@eepurl.com,Male,7/12/2018
899,Philis,Cesaric,pcesaricoy@github.io,Female,4/21/2018
900,Dominique,Giles,dgilesoz@cocolog-nifty.com,Female,1/16/2018
901,Culver,Gelling,cgellingp0@addthis.com,Male,8/11/2018
902,Maitilde,Beiderbecke,mbeiderbeckep1@imageshack.us,Female,10/1/2018
903,Yard,Richemont,yrichemontp2@merriam-webster.com,Male,10/25/2018
904,Thorny,Piddick,tpiddickp3@amazon.com,Male,6/23/2018
905,Rollie,Carlett,rcarlettp4@deliciousdays.com,Male,1/1/2018
906,Ilka,Shortan,ishortanp5@mayoclinic.com,Female,9/13/2018
907,Phaedra,Gounel,pgounelp6@rediff.com,Female,9/12/2018
908,Jennette,Ditts,jdittsp7@skype.com,Female,2/26/2018
909,Kelvin,Wellfare,kwellfarep8@odnoklassniki.ru,Male,2/23/2018
910,Alexina,O'Curneen,aocurneenp9@telegraph.co.uk,Female,1/22/2018
911,Halimeda,Nethercott,hnethercottpa@so-net.ne.jp,Female,8/11/2018
912,Gilly,Fryett,gfryettpb@cisco.com,Female,1/28/2018
913,Clary,Gringley,cgringleypc@wikia.com,Female,10/8/2018
914,Herculie,Lias,hliaspd@discuz.net,Male,11/4/2018
915,Ruggiero,Madrell,rmadrellpe@acquirethisname.com,Male,3/12/2018
916,Giulio,Milhench,gmilhenchpf@yahoo.co.jp,Male,5/15/2018
917,Evaleen,Fielding,efieldingpg@nba.com,Female,10/22/2018
918,Saraann,Ofer,soferph@reverbnation.com,Female,1/11/2018
919,Kalinda,Lanegran,klanegranpi@bravesites.com,Female,5/29/2018
920,Edita,Dudill,edudillpj@wikimedia.org,Female,3/7/2018
921,Benoit,McIlory,bmcilorypk@epa.gov,Male,3/1/2018
922,Stuart,Harbison,sharbisonpl@umn.edu,Male,9/15/2018
923,Keene,Cardenas,kcardenaspm@vinaora.com,Male,6/16/2018
924,Emmott,Cockerill,ecockerillpn@blogger.com,Male,9/11/2018
925,Nicola,Kinnon,nkinnonpo@webnode.com,Male,12/2/2018
926,Tisha,Scotts,tscottspp@mysql.com,Female,12/4/2018
927,Phaidra,Dufton,pduftonpq@ocn.ne.jp,Female,11/20/2018
928,Leighton,Knoller,lknollerpr@bloglovin.com,Male,4/11/2018
929,Charmion,Sandys,csandysps@wikipedia.org,Female,7/14/2018
930,Uri,Brockett,ubrockettpt@linkedin.com,Male,8/22/2018
931,Nomi,Tolumello,ntolumellopu@chron.com,Female,8/3/2018
932,Tonnie,Leirmonth,tleirmonthpv@hhs.gov,Male,10/29/2018
933,Mata,Traske,mtraskepw@gravatar.com,Male,7/18/2018
934,Linet,Willcot,lwillcotpx@feedburner.com,Female,7/31/2018
935,Boote,Ivashev,bivashevpy@nsw.gov.au,Male,3/19/2018
936,Torin,Janicek,tjanicekpz@stanford.edu,Male,11/30/2018
937,Faustine,Norridge,fnorridgeq0@feedburner.com,Female,8/14/2018
938,Emmy,Phythean,ephytheanq1@craigslist.org,Male,3/29/2018
939,Loleta,Johncey,ljohnceyq2@seattletimes.com,Female,3/7/2018
940,Clevie,Charsley,ccharsleyq3@usnews.com,Male,1/24/2018
941,Sansone,Lewton,slewtonq4@com.com,Male,4/5/2018
942,Dru,Alliband,dallibandq5@studiopress.com,Female,9/5/2018
943,Friedrick,McGrouther,fmcgroutherq6@time.com,Male,4/25/2018
944,Bernadine,Derington,bderingtonq7@digg.com,Female,3/26/2018
945,Cherilynn,Mattam,cmattamq8@auda.org.au,Female,10/17/2018
946,D'arcy,Ive,diveq9@51.la,Male,7/7/2018
947,Nye,Writer,nwriterqa@latimes.com,Male,9/17/2018
948,Lance,Goodburn,lgoodburnqb@infoseek.co.jp,Male,10/22/2018
949,Gennie,Lomen,glomenqc@ameblo.jp,Female,7/24/2018
950,Fowler,Shoppee,fshoppeeqd@over-blog.com,Male,3/5/2018
951,Rufe,Kibblewhite,rkibblewhiteqe@bbb.org,Male,7/29/2018
952,Bendicty,McGirl,bmcgirlqf@imdb.com,Male,12/26/2017
953,Nicol,Borleace,nborleaceqg@nsw.gov.au,Male,10/4/2018
954,Auria,Durak,adurakqh@imageshack.us,Female,10/8/2018
955,Madge,Deesly,mdeeslyqi@earthlink.net,Female,11/30/2018
956,Madge,Duce,mduceqj@buzzfeed.com,Female,4/14/2018
957,Isidora,Tille,itilleqk@usatoday.com,Female,1/14/2018
958,Gertrud,Ortelt,gorteltql@java.com,Female,4/1/2018
959,Jessy,Leist,jleistqm@webnode.com,Female,4/20/2018
960,Rriocard,Matyas,rmatyasqn@prweb.com,Male,1/29/2018
961,Maressa,Sealove,msealoveqo@cyberchimps.com,Female,9/3/2018
962,Victoir,Gratton,vgrattonqp@friendfeed.com,Male,10/10/2018
963,Elset,Neem,eneemqq@opera.com,Female,8/20/2018
964,Hunt,Trimming,htrimmingqr@who.int,Male,12/3/2018
965,Ronalda,Bowery,rboweryqs@springer.com,Female,4/7/2018
966,Herby,Keiley,hkeileyqt@desdev.cn,Male,10/19/2018
967,Lissy,Hebblethwaite,lhebblethwaitequ@java.com,Female,4/4/2018
968,Say,Tozer,stozerqv@flickr.com,Male,1/15/2018
969,Melvyn,Attwoull,mattwoullqw@state.tx.us,Male,2/24/2018
970,Rois,Philpault,rphilpaultqx@tripod.com,Female,3/10/2018
971,Kerrin,Nobles,knoblesqy@newyorker.com,Female,3/2/2018
972,Verla,de Savery,vdesaveryqz@unicef.org,Female,7/1/2018
973,Curtice,Josselson,cjosselsonr0@loc.gov,Male,9/5/2018
974,Lilias,Vlasenkov,lvlasenkovr1@samsung.com,Female,2/10/2018
975,Markos,Ellerbeck,mellerbeckr2@ft.com,Male,2/24/2018
976,Wenonah,Bittlestone,wbittlestoner3@washingtonpost.com,Female,12/2/2018
977,Dari,Rudkin,drudkinr4@upenn.edu,Female,12/7/2018
978,Christalle,Hedon,chedonr5@ebay.com,Female,2/1/2018
979,Reece,Gager,rgagerr6@elegantthemes.com,Male,2/13/2018
980,Reeba,Laughrey,rlaughreyr7@vkontakte.ru,Female,7/4/2018
981,Bancroft,Bromell,bbromellr8@naver.com,Male,12/21/2017
982,Tish,Febvre,tfebvrer9@columbia.edu,Female,6/2/2018
983,Maryjo,Salle,msallera@oaic.gov.au,Female,12/22/2017
984,Anastasia,Plank,aplankrb@nih.gov,Female,1/9/2018
985,Nicolais,Ribchester,nribchesterrc@yahoo.co.jp,Male,2/25/2018
986,Arnoldo,Stivers,astiversrd@networksolutions.com,Male,11/20/2018
987,Philomena,Sandham,psandhamre@hugedomains.com,Female,11/23/2018
988,Bruno,Abazi,babazirf@unesco.org,Male,11/3/2018
989,Augusto,Locker,alockerrg@biglobe.ne.jp,Male,10/30/2018
990,Lissie,Ollerenshaw,lollerenshawrh@blogs.com,Female,11/11/2018
991,Laurianne,Rippin,lrippinri@geocities.jp,Female,1/9/2018
992,Hollis,Jex,hjexrj@businesswire.com,Male,5/13/2018
993,Colas,Gildersleeve,cgildersleeverk@vistaprint.com,Male,11/17/2018
994,Augusto,Kilgour,akilgourrl@comsenz.com,Male,5/21/2018
995,Kittie,Wedgbrow,kwedgbrowrm@marketwatch.com,Female,10/29/2018
996,Gan,Daines,gdainesrn@typepad.com,Male,11/20/2018
997,Rob,Mathey,rmatheyro@netlog.com,Male,7/5/2018
998,Eachelle,Shackleton,eshackletonrp@canalblog.com,Female,6/23/2018
999,Mahalia,Pennings,mpenningsrq@princeton.edu,Female,6/3/2018
1000,Abigael,Mundle,amundlerr@plala.or.jp,Female,12/3/2018
