id,first_name,last_name,email,gender,birth_date
1,Sybilla,Chifney,schifney0@netscape.com,Female,5/12/2018
2,Zahara,Tiller,ztiller1@fema.gov,Female,7/7/2018
3,Herbie,Ohlsen,hohlsen2@prlog.org,Male,11/15/2018
4,Ophelia,Girling,ogirling3@cbslocal.com,Female,2/25/2018
5,Lennie,Dollar,ldollar4@woothemes.com,Male,8/3/2018
6,Jamison,Heinicke,jheinicke5@discovery.com,Male,6/22/2018
7,Judas,Bonnick,jbonnick6@nytimes.com,Male,1/5/2018
8,Daveta,Jordine,djordine7@cafepress.com,Female,1/14/2018
9,Eddy,Tomaselli,etomaselli8@bandcamp.com,Male,1/28/2018
10,Rozalie,Raycroft,rraycroft9@ifeng.com,Female,7/21/2018
11,Neddy,Bascomb,nbascomba@taobao.com,Male,9/22/2018
12,Westleigh,Hughes,whughesb@reddit.com,Male,7/3/2018
13,Courtney,Kigelman,ckigelmanc@oakley.com,Male,5/11/2018
14,Euell,Inglesfield,einglesfieldd@github.com,Male,5/30/2018
15,Garrot,Imos,gimose@timesonline.co.uk,Male,8/18/2018
16,Milly,Grimwood,mgrimwoodf@themeforest.net,Female,3/1/2018
17,Nyssa,Catonne,ncatonneg@weebly.com,Female,6/14/2018
18,Eldon,Grishaev,egrishaevh@japanpost.jp,Male,9/28/2018
19,Desmund,Delmage,ddelmagei@google.pl,Male,4/14/2018
20,Nevile,Radsdale,nradsdalej@bigcartel.com,Male,11/9/2018
21,Eldridge,Inder,einderk@psu.edu,Male,12/17/2017
22,Layla,Siseland,lsiselandl@soup.io,Female,3/18/2018
23,Boigie,Jaffa,bjaffam@instagram.com,Male,1/14/2018
24,Audrye,von Grollmann,avongrollmannn@youtu.be,Female,6/25/2018
25,Inga,Nertney,inertneyo@godaddy.com,Female,11/13/2018
26,Jose,Casarili,jcasarilip@goo.gl,Male,2/13/2018
27,Quinn,Elkin,qelkinq@stumbleupon.com,Female,3/23/2018
28,Florinda,Ludwikiewicz,fludwikiewiczr@nhs.uk,Female,8/7/2018
29,Benedick,Kapelhoff,bkapelhoffs@ihg.com,Male,5/20/2018
30,Donia,Gerg,dgergt@webmd.com,Female,7/21/2018
31,Dotti,Hanratty,dhanrattyu@adobe.com,Female,8/13/2018
32,Adolphe,Kellog,akellogv@is.gd,Male,5/30/2018
33,Jonie,Eastridge,jeastridgew@si.edu,Female,9/15/2018
34,Shandy,Domingues,sdominguesx@cornell.edu,Female,6/30/2018
35,Imojean,Melson,imelsony@washingtonpost.com,Female,1/2/2018
36,Susi,Nisbith,snisbithz@prnewswire.com,Female,7/2/2018
37,Joellyn,Duly,jduly10@angelfire.com,Female,5/24/2018
38,Cathi,Turri,cturri11@hp.com,Female,9/30/2018
39,Hurley,Quinn,hquinn12@imdb.com,Male,2/27/2018
40,Reba,Antosik,rantosik13@mediafire.com,Female,1/31/2018
41,Roanne,Edinboro,redinboro14@cafepress.com,Female,7/18/2018
42,Susana,Newdick,snewdick15@usnews.com,Female,4/2/2018
43,Cortie,Mepham,cmepham16@about.com,Male,2/10/2018
44,Cordi,Eaglen,ceaglen17@sourceforge.net,Female,9/11/2018
45,Jermain,Swigger,jswigger18@google.fr,Male,8/4/2018
46,Kerrie,Soles,ksoles19@yale.edu,Female,6/13/2018
47,Reynard,Werny,rwerny1a@domainmarket.com,Male,9/25/2018
48,Brigit,Strugnell,bstrugnell1b@google.nl,Female,8/20/2018
49,Kippie,Cruise,kcruise1c@mail.ru,Female,2/20/2018
50,Cleo,Verissimo,cverissimo1d@google.co.uk,Female,4/9/2018
51,Odilia,Gozzett,ogozzett1e@nationalgeographic.com,Female,9/30/2018
52,Meir,Gilkison,mgilkison1f@discovery.com,Male,6/22/2018
53,Elane,Haughan,ehaughan1g@etsy.com,Female,8/7/2018
54,Adda,Rigmond,arigmond1h@symantec.com,Female,1/5/2018
55,Karen,Marshland,kmarshland1i@blog.com,Female,11/29/2018
56,Lemar,Southward,lsouthward1j@reddit.com,Male,8/1/2018
57,Giavani,Canada,gcanada1k@delicious.com,Male,12/23/2017
58,Franklyn,Maulkin,fmaulkin1l@blogspot.com,Male,8/14/2018
59,Maye,O'Lochan,molochan1m@reference.com,Female,8/10/2018
60,Ashbey,Eldon,aeldon1n@abc.net.au,Male,3/15/2018
61,Rowan,Barrows,rbarrows1o@guardian.co.uk,Male,11/4/2018
62,Kaiser,Eliez,keliez1p@t-online.de,Male,4/22/2018
63,Hilde,Shouler,hshouler1q@zdnet.com,Female,6/24/2018
64,Hanan,Crosetto,hcrosetto1r@businessinsider.com,Male,10/22/2018
65,Mable,Passe,mpasse1s@senate.gov,Female,11/13/2018
66,Pandora,Blaase,pblaase1t@mlb.com,Female,6/21/2018
67,Adaline,Tabert,atabert1u@google.ca,Female,10/15/2018
68,Juline,Southcoat,jsouthcoat1v@plala.or.jp,Female,4/16/2018
69,Don,Junifer,djunifer1w@cnn.com,Male,4/27/2018
70,Parrnell,Blumson,pblumson1x@loc.gov,Male,12/30/2017
71,Jewel,Edgcombe,jedgcombe1y@exblog.jp,Female,4/13/2018
72,Adelina,Slessor,aslessor1z@bloglovin.com,Female,11/15/2018
73,Jenica,Flatt,jflatt20@unicef.org,Female,4/3/2018
74,Garvin,Gillon,ggillon21@opera.com,Male,12/22/2017
75,Elset,Farmar,efarmar22@alibaba.com,Female,12/22/2017
76,Moss,Giacomasso,mgiacomasso23@usda.gov,Male,7/1/2018
77,Lion,Abazi,labazi24@themeforest.net,Male,1/3/2018
78,Kerby,Casoni,kcasoni25@amazon.co.jp,Male,2/13/2018
79,Kacy,Mathouse,kmathouse26@etsy.com,Female,4/10/2018
80,Lianne,Bown,lbown27@forbes.com,Female,5/20/2018
81,Gnni,Vamplus,gvamplus28@feedburner.com,Female,4/25/2018
82,Jaquenette,Faltskog,jfaltskog29@globo.com,Female,2/3/2018
83,Kenn,Robens,krobens2a@oakley.com,Male,9/29/2018
84,Adelina,Lushey,alushey2b@statcounter.com,Female,2/17/2018
85,Gabriel,Gerg,ggerg2c@weebly.com,Female,9/8/2018
86,Rodger,Howells,rhowells2d@utexas.edu,Male,9/23/2018
87,Jacquie,Hyndley,jhyndley2e@indiegogo.com,Female,9/24/2018
88,Galvin,Jose,gjose2f@europa.eu,Male,1/10/2018
89,Hunt,Elster,helster2g@bing.com,Male,10/12/2018
90,Allianora,Gratrix,agratrix2h@loc.gov,Female,7/21/2018
91,Rosemonde,Lefridge,rlefridge2i@miitbeian.gov.cn,Female,12/31/2017
92,Arley,McComiskey,amccomiskey2j@si.edu,Male,10/14/2018
93,Walliw,Tschirasche,wtschirasche2k@about.me,Female,6/6/2018
94,Robin,Shepherd,rshepherd2l@eventbrite.com,Male,9/19/2018
95,Chrystel,Yarranton,cyarranton2m@ftc.gov,Female,12/3/2018
96,Ophelie,Taillard,otaillard2n@sbwire.com,Female,9/15/2018
97,Jody,Cowlard,jcowlard2o@tinypic.com,Male,1/26/2018
98,Branden,Haken,bhaken2p@bloomberg.com,Male,9/7/2018
99,Wiatt,Kingsly,wkingsly2q@auda.org.au,Male,10/21/2018
100,Dillie,Wanklyn,dwanklyn2r@nydailynews.com,Male,7/30/2018
101,Nelia,Wynne,nwynne2s@umn.edu,Female,6/14/2018
102,Clara,Accombe,caccombe2t@ning.com,Female,9/6/2018
103,Griz,Rossiter,grossiter2u@bravesites.com,Male,3/2/2018
104,Filide,Maso,fmaso2v@amazonaws.com,Female,9/26/2018
105,Joshua,Phelp,jphelp2w@house.gov,Male,6/20/2018
106,Barbe,Walpole,bwalpole2x@msn.com,Female,10/25/2018
107,Llywellyn,Robinette,lrobinette2y@pcworld.com,Male,1/20/2018
108,Augusto,Fane,afane2z@google.nl,Male,9/9/2018
109,Sunny,Stansbury,sstansbury30@time.com,Female,4/21/2018
110,Clemente,Masarrat,cmasarrat31@businessinsider.com,Male,5/16/2018
111,Nealson,Menchenton,nmenchenton32@army.mil,Male,2/10/2018
112,Christoffer,Collcutt,ccollcutt33@friendfeed.com,Male,8/27/2018
113,Sula,De Angelis,sdeangelis34@timesonline.co.uk,Female,5/12/2018
114,Pavia,Hutable,phutable35@aol.com,Female,5/17/2018
115,Arron,Curee,acuree36@sciencedaily.com,Male,9/15/2018
116,Vikky,Fitzgerald,vfitzgerald37@dell.com,Female,4/14/2018
117,Averil,Gindghill,agindghill38@google.nl,Female,8/26/2018
118,Gorden,Coughlan,gcoughlan39@pbs.org,Male,11/10/2018
119,Rinaldo,Riccetti,rriccetti3a@ocn.ne.jp,Male,11/8/2018
120,Bonnibelle,Stein,bstein3b@microsoft.com,Female,12/12/2017
121,April,Gaggen,agaggen3c@studiopress.com,Female,1/15/2018
122,Tyler,Poker,tpoker3d@printfriendly.com,Male,1/24/2018
123,Randolph,Water,rwater3e@spotify.com,Male,10/9/2018
124,Therese,Guisby,tguisby3f@facebook.com,Female,9/5/2018
125,Myrtice,Saxton,msaxton3g@fc2.com,Female,12/18/2017
126,Audra,Murrie,amurrie3h@craigslist.org,Female,8/12/2018
127,Roma,Lune,rlune3i@sourceforge.net,Male,1/23/2018
128,Lilla,Clethro,lclethro3j@columbia.edu,Female,5/31/2018
129,Em,Draper,edraper3k@shutterfly.com,Male,6/7/2018
130,Jackson,Hulkes,jhulkes3l@addtoany.com,Male,1/22/2018
131,Stacee,Fanshawe,sfanshawe3m@whitehouse.gov,Male,10/28/2018
132,Reta,Carah,rcarah3n@cnbc.com,Female,9/5/2018
133,Barn,Hutchens,bhutchens3o@cnbc.com,Male,1/16/2018
134,Gardener,Shovelbottom,gshovelbottom3p@com.com,Male,12/7/2018
135,Clement,Cleiment,ccleiment3q@1688.com,Male,10/12/2018
136,Sal,Chaulk,schaulk3r@earthlink.net,Female,12/14/2017
137,Davine,Toffanini,dtoffanini3s@yellowbook.com,Female,3/26/2018
138,Danni,Lindborg,dlindborg3t@discuz.net,Female,7/6/2018
139,Arlina,Kaines,akaines3u@soup.io,Female,12/15/2017
140,Flora,Gaule,fgaule3v@domainmarket.com,Female,6/11/2018
141,Francoise,Overpool,foverpool3w@godaddy.com,Female,10/30/2018
142,Cecilio,Gritsaev,cgritsaev3x@yandex.ru,Male,7/9/2018
143,Winfred,Clegg,wclegg3y@drupal.org,Male,12/5/2018
144,Augustine,Congrave,acongrave3z@bloomberg.com,Male,10/2/2018
145,Boote,Gwilt,bgwilt40@springer.com,Male,11/26/2018
146,Dorotea,Mattheis,dmattheis41@geocities.jp,Female,8/21/2018
147,Baudoin,Kimbrey,bkimbrey42@cbsnews.com,Male,5/17/2018
148,Gianina,Bisatt,gbisatt43@macromedia.com,Female,8/3/2018
149,Talya,Ayllett,tayllett44@mediafire.com,Female,7/16/2018
150,Mallory,Etches,metches45@dailymail.co.uk,Female,5/18/2018
151,Gates,Kinney,gkinney46@acquirethisname.com,Female,5/7/2018
152,Warren,Jaram,wjaram47@furl.net,Male,10/4/2018
153,Sol,Brugemann,sbrugemann48@networkadvertising.org,Male,6/12/2018
154,Teodorico,Kilduff,tkilduff49@pagesperso-orange.fr,Male,4/4/2018
155,Adolphe,Gaythorpe,agaythorpe4a@hubpages.com,Male,3/12/2018
156,Alleen,Ferby,aferby4b@spiegel.de,Female,3/30/2018
157,Chick,Wofenden,cwofenden4c@live.com,Male,8/16/2018
158,Olly,Dybald,odybald4d@free.fr,Male,1/17/2018
159,Kristopher,Aery,kaery4e@i2i.jp,Male,4/3/2018
160,Tuesday,Pierro,tpierro4f@newyorker.com,Female,6/24/2018
161,Raymund,Smurfitt,rsmurfitt4g@usa.gov,Male,5/7/2018
162,Sancho,Rouge,srouge4h@google.cn,Male,4/29/2018
163,Amandi,Danev,adanev4i@ebay.com,Female,8/17/2018
164,Lyndy,Santon,lsanton4j@wiley.com,Female,5/6/2018
165,Morgen,Haruard,mharuard4k@angelfire.com,Male,1/25/2018
166,Davon,Fanton,dfanton4l@sakura.ne.jp,Male,6/8/2018
167,Petey,Willbourne,pwillbourne4m@adobe.com,Male,10/10/2018
168,Haleigh,MacSporran,hmacsporran4n@rambler.ru,Female,5/7/2018
169,Tremain,Clothier,tclothier4o@diigo.com,Male,10/3/2018
170,Arlette,Clemes,aclemes4p@bravesites.com,Female,5/10/2018
171,Mata,Sebrens,msebrens4q@exblog.jp,Male,5/19/2018
172,Trisha,Ourry,tourry4r@deviantart.com,Female,9/13/2018
173,Ganny,Kittman,gkittman4s@techcrunch.com,Male,4/22/2018
174,Taryn,Edginton,tedginton4t@uiuc.edu,Female,5/11/2018
175,Adele,Davley,adavley4u@accuweather.com,Female,12/13/2017
176,Maye,Dory,mdory4v@washingtonpost.com,Female,2/14/2018
177,Hi,Menelaws,hmenelaws4w@wiley.com,Male,6/20/2018
178,Ernestus,Poschel,eposchel4x@instagram.com,Male,8/11/2018
179,Carri,Mains,cmains4y@who.int,Female,6/15/2018
180,Maryann,Cicconetti,mcicconetti4z@craigslist.org,Female,5/22/2018
181,Lura,Champness,lchampness50@smh.com.au,Female,12/6/2018
182,Cassie,Lavers,clavers51@digg.com,Male,11/6/2018
183,Blinny,Kelk,bkelk52@stanford.edu,Female,12/1/2018
184,Lora,Ughelli,lughelli53@amazonaws.com,Female,6/9/2018
185,Randall,Whitman,rwhitman54@livejournal.com,Male,7/29/2018
186,Rhetta,Swallow,rswallow55@biblegateway.com,Female,7/30/2018
187,Eal,Ashpital,eashpital56@networkadvertising.org,Male,4/18/2018
188,Dru,Everit,deverit57@engadget.com,Male,3/29/2018
189,Laurene,Gartan,lgartan58@youku.com,Female,8/4/2018
190,Chrystal,Santos,csantos59@domainmarket.com,Female,8/14/2018
191,Reuven,Heikkinen,rheikkinen5a@blogtalkradio.com,Male,2/23/2018
192,Roarke,McCrann,rmccrann5b@nih.gov,Male,9/15/2018
193,Kennedy,Harrisson,kharrisson5c@google.com.br,Male,1/27/2018
194,Rona,Boyce,rboyce5d@archive.org,Female,9/4/2018
195,Hall,Summersett,hsummersett5e@fc2.com,Male,3/2/2018
196,Philbert,Alexandersson,palexandersson5f@bigcartel.com,Male,7/9/2018
197,Adan,Hawes,ahawes5g@answers.com,Female,9/11/2018
198,Hillary,Scrinage,hscrinage5h@tumblr.com,Female,12/26/2017
199,Brander,Slimmon,bslimmon5i@lycos.com,Male,3/4/2018
200,Katine,Van Daalen,kvandaalen5j@opensource.org,Female,4/4/2018
201,Don,Giraux,dgiraux5k@google.nl,Male,3/10/2018
202,Jozef,Harhoff,jharhoff5l@de.vu,Male,12/28/2017
203,Jo,Labarre,jlabarre5m@nature.com,Male,4/25/2018
204,Fons,Heazel,fheazel5n@zdnet.com,Male,11/3/2018
205,Tyler,Issacson,tissacson5o@seattletimes.com,Male,11/7/2018
206,Ara,Muldowney,amuldowney5p@auda.org.au,Male,6/9/2018
207,Sabina,Heineken,sheineken5q@webs.com,Female,8/15/2018
208,Jackie,Websdale,jwebsdale5r@usgs.gov,Female,6/14/2018
209,Wells,Spittle,wspittle5s@hubpages.com,Male,11/3/2018
210,Stavro,Eates,seates5t@artisteer.com,Male,11/11/2018
211,Christyna,Paskin,cpaskin5u@examiner.com,Female,1/28/2018
212,Emlynne,Giggie,egiggie5v@icio.us,Female,10/10/2018
213,Leoine,Trainer,ltrainer5w@loc.gov,Female,10/19/2018
214,Hadlee,Lapish,hlapish5x@purevolume.com,Male,2/26/2018
215,Marita,Luisetti,mluisetti5y@google.co.uk,Female,8/29/2018
216,Serena,Freegard,sfreegard5z@imgur.com,Female,1/6/2018
217,Ethan,Cowper,ecowper60@tinypic.com,Male,9/9/2018
218,Robinette,Dewan,rdewan61@usgs.gov,Female,4/5/2018
219,Ferne,Tilby,ftilby62@marriott.com,Female,1/18/2018
220,Barth,Marnes,bmarnes63@adobe.com,Male,3/15/2018
221,Elyssa,Tregona,etregona64@biblegateway.com,Female,3/14/2018
222,Ellynn,Eannetta,eeannetta65@dell.com,Female,1/16/2018
223,Dougy,Robertucci,drobertucci66@amazonaws.com,Male,4/3/2018
224,Gipsy,Samarth,gsamarth67@npr.org,Female,3/29/2018
225,Conn,Chatfield,cchatfield68@privacy.gov.au,Male,1/31/2018
226,Alicia,Brandon,abrandon69@stanford.edu,Female,8/7/2018
227,Rochelle,Michelmore,rmichelmore6a@woothemes.com,Female,7/4/2018
228,Sibeal,Blind,sblind6b@hugedomains.com,Female,9/4/2018
229,Bellina,Brownlie,bbrownlie6c@intel.com,Female,1/12/2018
230,Kincaid,Bister,kbister6d@pbs.org,Male,2/24/2018
231,Clerc,Harpham,charpham6e@cbc.ca,Male,5/5/2018
232,Darb,Dohmer,ddohmer6f@youtu.be,Male,9/1/2018
233,Genia,Houlahan,ghoulahan6g@spiegel.de,Female,7/11/2018
234,Blayne,Russ,bruss6h@myspace.com,Male,9/17/2018
235,Rose,Ives,rives6i@springer.com,Female,2/14/2018
236,Blakeley,Willimott,bwillimott6j@bloglovin.com,Female,8/22/2018
237,Kimberly,Bartoszek,kbartoszek6k@google.ru,Female,1/6/2018
238,Giselle,Demogeot,gdemogeot6l@weather.com,Female,2/23/2018
239,Selle,Babar,sbabar6m@issuu.com,Female,4/11/2018
240,Bradan,Iuorio,biuorio6n@posterous.com,Male,1/25/2018
241,Martguerita,Lahy,mlahy6o@washington.edu,Female,11/16/2018
242,Harriot,Sorro,hsorro6p@wordpress.com,Female,1/22/2018
243,Geri,Camock,gcamock6q@foxnews.com,Male,9/17/2018
244,Elene,Synder,esynder6r@washington.edu,Female,7/4/2018
245,Camila,Predohl,cpredohl6s@jugem.jp,Female,1/13/2018
246,Andrea,Penelli,apenelli6t@mlb.com,Male,7/4/2018
247,Oralle,Patchett,opatchett6u@infoseek.co.jp,Female,9/9/2018
248,Lorin,Sandhill,lsandhill6v@vimeo.com,Male,12/31/2017
249,Hilde,Bartles,hbartles6w@smh.com.au,Female,7/31/2018
250,Carole,Delos,cdelos6x@ycombinator.com,Female,5/10/2018
251,Lauryn,Abrahamsson,labrahamsson6y@stanford.edu,Female,2/6/2018
252,Wilona,Dechelette,wdechelette6z@phoca.cz,Female,12/30/2017
253,Ramsey,McIlwrath,rmcilwrath70@auda.org.au,Male,6/18/2018
254,Khalil,Troutbeck,ktroutbeck71@symantec.com,Male,8/20/2018
255,Iain,Erickssen,ierickssen72@java.com,Male,8/25/2018
256,Aguie,Kilfoyle,akilfoyle73@chronoengine.com,Male,3/22/2018
257,Tansy,Mileham,tmileham74@google.cn,Female,1/17/2018
258,Alaster,Keech,akeech75@examiner.com,Male,3/1/2018
259,Jard,Arkley,jarkley76@ftc.gov,Male,8/20/2018
260,Chaddy,Rimmer,crimmer77@networkadvertising.org,Male,12/6/2018
261,Desirae,Pegden,dpegden78@wsj.com,Female,4/30/2018
262,Si,Lindenberg,slindenberg79@vk.com,Male,8/14/2018
263,Katalin,Caustick,kcaustick7a@live.com,Female,5/20/2018
264,Terrijo,Orht,torht7b@amazon.co.jp,Female,1/21/2018
265,Yorke,Purdie,ypurdie7c@vinaora.com,Male,11/7/2018
266,Rosalia,Gunn,rgunn7d@delicious.com,Female,2/28/2018
267,Corette,Franceschi,cfranceschi7e@adobe.com,Female,4/5/2018
268,Darb,Giovanardi,dgiovanardi7f@google.nl,Female,4/23/2018
269,Bettina,Works,bworks7g@cisco.com,Female,2/4/2018
270,Joelle,Northfield,jnorthfield7h@wordpress.org,Female,7/20/2018
271,Federica,Martinon,fmartinon7i@gravatar.com,Female,8/25/2018
272,Loreen,O'Dennehy,lodennehy7j@jigsy.com,Female,3/5/2018
273,Rochester,Stare,rstare7k@qq.com,Male,12/25/2017
274,Henriette,Ivakin,hivakin7l@hc360.com,Female,1/16/2018
275,Wesley,Morman,wmorman7m@tumblr.com,Male,7/13/2018
276,Mela,Tarbett,mtarbett7n@reference.com,Female,1/22/2018
277,Abbey,Barbosa,abarbosa7o@google.fr,Male,5/31/2018
278,Nadean,Ruddy,nruddy7p@miitbeian.gov.cn,Female,7/27/2018
279,Jacquie,Mellows,jmellows7q@wix.com,Female,3/28/2018
280,Lynn,Brosoli,lbrosoli7r@bloglovin.com,Female,1/16/2018
281,Archy,Finlry,afinlry7s@amazonaws.com,Male,3/8/2018
282,Wain,Hatrick,whatrick7t@ow.ly,Male,7/5/2018
283,Eli,Enden,eenden7u@homestead.com,Male,11/22/2018
284,Ephrem,Kerner,ekerner7v@mediafire.com,Male,5/19/2018
285,Adena,Kochl,akochl7w@boston.com,Female,12/29/2017
286,Jenifer,Spencer,jspencer7x@house.gov,Female,7/23/2018
287,Rriocard,Loody,rloody7y@addtoany.com,Male,7/2/2018
288,Alla,Bickerstasse,abickerstasse7z@yelp.com,Female,8/3/2018
289,Randall,Hertwell,rhertwell80@hexun.com,Male,6/2/2018
290,Umeko,Garth,ugarth81@icq.com,Female,4/26/2018
291,Reine,Essex,ressex82@facebook.com,Female,12/4/2018
292,Gillian,Randales,grandales83@wikia.com,Female,10/1/2018
293,Clevie,Wadworth,cwadworth84@storify.com,Male,2/26/2018
294,Mela,Seaborne,mseaborne85@independent.co.uk,Female,7/28/2018
295,Selig,Cocklie,scocklie86@dmoz.org,Male,3/21/2018
296,Gram,Scarre,gscarre87@github.io,Male,7/23/2018
297,Locke,Viccars,lviccars88@bigcartel.com,Male,1/22/2018
298,Anny,Wagstaff,awagstaff89@icq.com,Female,10/20/2018
299,Tomlin,Stannion,tstannion8a@purevolume.com,Male,7/26/2018
300,Yolanda,Boog,yboog8b@gmpg.org,Female,11/2/2018
301,Genni,Zorzoni,gzorzoni8c@uol.com.br,Female,11/10/2018
302,Townie,Fern,tfern8d@jiathis.com,Male,12/12/2017
303,Hamish,Gorey,hgorey8e@about.com,Male,6/11/2018
304,Broderic,Waind,bwaind8f@amazon.de,Male,3/18/2018
305,Quincy,Stoves,qstoves8g@indiatimes.com,Male,10/26/2018
306,Morty,Sturridge,msturridge8h@com.com,Male,2/14/2018
307,Teddie,Picton,tpicton8i@live.com,Female,11/29/2018
308,Shepard,Nassy,snassy8j@paypal.com,Male,4/27/2018
309,Missy,Ailmer,mailmer8k@behance.net,Female,9/8/2018
310,Ulrick,Shipperbottom,ushipperbottom8l@barnesandnoble.com,Male,3/17/2018
311,Cookie,Lanning,clanning8m@ow.ly,Female,10/25/2018
312,Nye,McGilleghole,nmcgilleghole8n@vk.com,Male,4/22/2018
313,Fiona,Ludwell,fludwell8o@cmu.edu,Female,4/22/2018
314,Deane,O'Sheerin,dosheerin8p@google.co.uk,Female,11/20/2018
315,Haroun,Renish,hrenish8q@canalblog.com,Male,2/3/2018
316,Flor,Twinbrow,ftwinbrow8r@mlb.com,Female,5/1/2018
317,Marie-ann,Scottesmoor,mscottesmoor8s@yale.edu,Female,1/21/2018
318,Gerhardine,Mealing,gmealing8t@chicagotribune.com,Female,3/3/2018
319,Vic,Goodlake,vgoodlake8u@aol.com,Male,7/18/2018
320,Giacomo,Seekings,gseekings8v@wsj.com,Male,9/8/2018
321,Jammal,Pretswell,jpretswell8w@dion.ne.jp,Male,7/28/2018
322,Pam,Ickov,pickov8x@nasa.gov,Female,9/25/2018
323,Jeremiah,Doxsey,jdoxsey8y@naver.com,Male,2/9/2018
324,Bonnie,Ribou,bribou8z@ebay.co.uk,Female,12/2/2018
325,Wolfgang,Greenless,wgreenless90@army.mil,Male,9/21/2018
326,Nobie,Ibbeson,nibbeson91@github.io,Male,3/7/2018
327,Willis,Broadway,wbroadway92@walmart.com,Male,10/27/2018
328,Benedicto,Stivey,bstivey93@ebay.co.uk,Male,5/8/2018
329,Wolfgang,Froment,wfroment94@stanford.edu,Male,1/13/2018
330,Adena,Canfer,acanfer95@wired.com,Female,8/16/2018
331,Angelita,Dreigher,adreigher96@nsw.gov.au,Female,3/13/2018
332,Antonina,Slocom,aslocom97@free.fr,Female,7/9/2018
333,Joannes,Farfolomeev,jfarfolomeev98@tripadvisor.com,Female,5/26/2018
334,Irv,Kinkade,ikinkade99@harvard.edu,Male,7/9/2018
335,Sorcha,Bassingham,sbassingham9a@toplist.cz,Female,4/29/2018
336,Leontyne,Clementucci,lclementucci9b@unblog.fr,Female,1/19/2018
337,Gabbie,Happert,ghappert9c@google.co.uk,Female,11/14/2018
338,Brigg,Buscher,bbuscher9d@amazon.co.uk,Male,9/20/2018
339,Pall,Cassy,pcassy9e@gov.uk,Male,4/13/2018
340,Johann,Vasyunichev,jvasyunichev9f@ning.com,Male,10/14/2018
341,Happy,Ligerton,hligerton9g@wordpress.com,Female,11/29/2018
342,Mellicent,Baynes,mbaynes9h@mashable.com,Female,1/4/2018
343,Cy,Sherrett,csherrett9i@jigsy.com,Male,10/5/2018
344,Meier,Wiz,mwiz9j@pagesperso-orange.fr,Male,6/25/2018
345,Ben,Niemetz,bniemetz9k@globo.com,Male,11/23/2018
346,Glenna,McGaffey,gmcgaffey9l@myspace.com,Female,10/27/2018
347,Lilias,Ghelardi,lghelardi9m@mail.ru,Female,10/20/2018
348,Juliane,Radden,jradden9n@cbsnews.com,Female,8/22/2018
349,Lulu,Plampeyn,lplampeyn9o@go.com,Female,1/9/2018
350,Jaymee,Bleier,jbleier9p@51.la,Female,3/29/2018
351,Alfreda,Plumstead,aplumstead9q@facebook.com,Female,3/1/2018
352,Shel,Dockerty,sdockerty9r@ebay.co.uk,Female,4/29/2018
353,Darryl,Volant,dvolant9s@smugmug.com,Male,4/1/2018
354,Marylynne,Pillman,mpillman9t@amazon.com,Female,1/18/2018
355,Marris,Cleiment,mcleiment9u@webeden.co.uk,Female,2/19/2018
356,Malanie,Cartman,mcartman9v@bravesites.com,Female,7/4/2018
357,Elene,Rozet,erozet9w@wikimedia.org,Female,5/27/2018
358,Estevan,Wiggin,ewiggin9x@ihg.com,Male,12/29/2017
359,Chrissy,Burel,cburel9y@tinyurl.com,Female,7/29/2018
360,Trey,Chetwind,tchetwind9z@earthlink.net,Male,4/24/2018
361,Sybilla,Nisuis,snisuisa0@globo.com,Female,9/8/2018
362,Niven,Lukasik,nlukasika1@cyberchimps.com,Male,8/4/2018
363,Sibeal,Veschi,sveschia2@nps.gov,Female,11/10/2018
364,Ricki,Sibyllina,rsibyllinaa3@biglobe.ne.jp,Female,3/13/2018
365,Sampson,Wrought,swroughta4@facebook.com,Male,7/17/2018
366,Olenolin,Mozzini,omozzinia5@dmoz.org,Male,2/3/2018
367,Andreas,Keymar,akeymara6@patch.com,Male,12/21/2017
368,Max,Pendry,mpendrya7@ihg.com,Male,9/1/2018
369,Paquito,Ivy,pivya8@stanford.edu,Male,5/24/2018
370,Tybi,Cozby,tcozbya9@hubpages.com,Female,6/8/2018
371,Efrem,McIvor,emcivoraa@amazon.co.uk,Male,11/30/2018
372,Jacinta,Gierth,jgierthab@privacy.gov.au,Female,1/5/2018
373,Gage,Rawlin,grawlinac@google.cn,Male,7/8/2018
374,Ira,Gabbatiss,igabbatissad@yellowpages.com,Male,2/14/2018
375,Thaine,Matthias,tmatthiasae@ihg.com,Male,4/29/2018
376,Jasmina,Orts,jortsaf@seattletimes.com,Female,2/8/2018
377,Lizette,Ernshaw,lernshawag@smh.com.au,Female,6/2/2018
378,Stephanus,Giblin,sgiblinah@digg.com,Male,2/3/2018
379,Erhart,Screase,escreaseai@about.me,Male,4/16/2018
380,Harwell,Loxley,hloxleyaj@bbc.co.uk,Male,4/7/2018
381,Clarissa,Tonkinson,ctonkinsonak@sitemeter.com,Female,8/13/2018
382,Art,Barme,abarmeal@facebook.com,Male,2/28/2018
383,Aube,Hackett,ahackettam@smh.com.au,Male,9/8/2018
384,Dolf,Truran,dtruranan@va.gov,Male,1/6/2018
385,Lucille,Murfett,lmurfettao@liveinternet.ru,Female,12/23/2017
386,Joly,Beadon,jbeadonap@nationalgeographic.com,Female,5/4/2018
387,Katherina,Roblou,kroblouaq@ucoz.ru,Female,2/1/2018
388,Brendan,Baxter,bbaxterar@nytimes.com,Male,9/1/2018
389,Celine,Kilborn,ckilbornas@php.net,Female,10/7/2018
390,Flora,Rugg,fruggat@netlog.com,Female,5/4/2018
391,Stephen,Bruyns,sbruynsau@google.cn,Male,2/6/2018
392,Gran,Betje,gbetjeav@51.la,Male,12/29/2017
393,Maje,Antony,mantonyaw@dailymotion.com,Male,2/8/2018
394,Dorine,Epsley,depsleyax@wordpress.org,Female,8/13/2018
395,Hedwig,Thowes,hthowesay@boston.com,Female,10/7/2018
396,Zacherie,McShirrie,zmcshirrieaz@google.ru,Male,12/11/2017
397,Hieronymus,Midford,hmidfordb0@blogtalkradio.com,Male,9/27/2018
398,Nikolai,Fonso,nfonsob1@php.net,Male,8/16/2018
399,Sharon,Ratnege,sratnegeb2@123-reg.co.uk,Female,1/9/2018
400,Lurette,Arrowsmith,larrowsmithb3@fc2.com,Female,12/20/2017
401,Abbi,Jedrzejewski,ajedrzejewskib4@hp.com,Female,12/7/2018
402,Stanford,Pobjoy,spobjoyb5@eventbrite.com,Male,11/6/2018
403,Minne,Soreau,msoreaub6@devhub.com,Female,8/4/2018
404,Baldwin,Haylor,bhaylorb7@microsoft.com,Male,10/6/2018
405,Sylvester,Loader,sloaderb8@cbc.ca,Male,2/15/2018
406,Chrystal,Baston,cbastonb9@feedburner.com,Female,12/8/2018
407,Ibby,MacGray,imacgrayba@tinypic.com,Female,4/3/2018
408,Meridel,Farebrother,mfarebrotherbb@php.net,Female,1/5/2018
409,Chan,Leppo,cleppobc@salon.com,Male,10/24/2018
410,Alia,Cullington,acullingtonbd@statcounter.com,Female,1/17/2018
411,Ardine,Morfett,amorfettbe@live.com,Female,9/22/2018
412,Thain,Oganesian,toganesianbf@dmoz.org,Male,9/5/2018
413,Doll,Alberts,dalbertsbg@smh.com.au,Female,4/29/2018
414,Ivett,Blaxley,iblaxleybh@nymag.com,Female,10/17/2018
415,Bonni,Jans,bjansbi@usda.gov,Female,5/24/2018
416,Gilli,Gearty,ggeartybj@loc.gov,Female,11/9/2018
417,Matteo,Koppke,mkoppkebk@hibu.com,Male,3/29/2018
418,Jessika,Verbrugghen,jverbrugghenbl@sphinn.com,Female,11/30/2018
419,Matt,Merck,mmerckbm@biglobe.ne.jp,Male,12/11/2017
420,Vanya,Torbet,vtorbetbn@bigcartel.com,Male,7/29/2018
421,Torin,Lattka,tlattkabo@google.pl,Male,10/11/2018
422,Wainwright,Astling,wastlingbp@amazonaws.com,Male,6/22/2018
423,Mercedes,Eard,meardbq@scribd.com,Female,9/7/2018
424,Clive,O'Hederscoll,cohederscollbr@deliciousdays.com,Male,10/11/2018
425,Robby,Haet,rhaetbs@123-reg.co.uk,Female,7/16/2018
426,Taylor,Hawyes,thawyesbt@godaddy.com,Male,4/15/2018
427,Katuscha,Shoreson,kshoresonbu@boston.com,Female,9/13/2018
428,Nikolia,Organer,norganerbv@usda.gov,Female,2/24/2018
429,Berton,Peebles,bpeeblesbw@psu.edu,Male,7/27/2018
430,Bernie,Scarlon,bscarlonbx@hao123.com,Female,2/20/2018
431,Dulciana,Landeg,dlandegby@bbc.co.uk,Female,10/29/2018
432,Flossy,Adelberg,fadelbergbz@forbes.com,Female,12/23/2017
433,Matthaeus,Lamberth,mlamberthc0@indiegogo.com,Male,6/10/2018
434,Donna,Ferronier,dferronierc1@netvibes.com,Female,8/8/2018
435,Rafaello,Habbema,rhabbemac2@jiathis.com,Male,8/7/2018
436,Tommy,Goford,tgofordc3@nydailynews.com,Female,10/28/2018
437,Ezra,Marini,emarinic4@cbslocal.com,Male,2/13/2018
438,Hal,Matusov,hmatusovc5@bloglines.com,Male,11/15/2018
439,Irwinn,Velareal,ivelarealc6@domainmarket.com,Male,8/25/2018
440,Rochell,Dews,rdewsc7@mlb.com,Female,7/2/2018
441,Clemmy,Dunbabin,cdunbabinc8@gov.uk,Male,5/16/2018
442,Bartram,Ost,bostc9@comsenz.com,Male,7/1/2018
443,Garwood,Draisey,gdraiseyca@g.co,Male,9/5/2018
444,Mable,Bourne,mbournecb@networksolutions.com,Female,9/1/2018
445,Phaedra,Eggar,peggarcc@answers.com,Female,11/25/2018
446,Fredrika,Carrington,fcarringtoncd@jalbum.net,Female,8/25/2018
447,Sherye,Clapson,sclapsonce@reuters.com,Female,5/26/2018
448,Barbra,Tulleth,btullethcf@mediafire.com,Female,10/3/2018
449,Sammie,Corington,scoringtoncg@cdc.gov,Male,6/18/2018
450,Kendall,Risborough,krisboroughch@free.fr,Male,12/31/2017
451,Melonie,Gentner,mgentnerci@weebly.com,Female,11/8/2018
452,Ellyn,Ludlem,eludlemcj@symantec.com,Female,2/9/2018
453,Vale,Gallyon,vgallyonck@themeforest.net,Male,7/23/2018
454,Micky,Longmead,mlongmeadcl@flickr.com,Female,7/6/2018
455,Xylia,Barde,xbardecm@bloglines.com,Female,12/16/2017
456,Sal,Bentame,sbentamecn@slideshare.net,Female,2/24/2018
457,Ferrel,Rapinett,frapinettco@ask.com,Male,5/10/2018
458,Doloritas,Pawelski,dpawelskicp@ted.com,Female,3/26/2018
459,Stinky,Varnals,svarnalscq@timesonline.co.uk,Male,2/12/2018
460,Dalli,O'Neal,donealcr@slate.com,Male,1/27/2018
461,Ethelda,MacFadyen,emacfadyencs@parallels.com,Female,11/24/2018
462,Maurizio,Feasey,mfeaseyct@webs.com,Male,8/14/2018
463,Sandie,Heffy,sheffycu@posterous.com,Female,2/2/2018
464,Kizzie,Ower,kowercv@blogs.com,Female,9/3/2018
465,Aggie,Drews,adrewscw@discuz.net,Female,6/27/2018
466,Nelson,Wythe,nwythecx@apache.org,Male,1/23/2018
467,Burton,Jocelyn,bjocelyncy@china.com.cn,Male,7/7/2018
468,Eula,Helks,ehelkscz@walmart.com,Female,5/28/2018
469,Ashli,Cranham,acranhamd0@yandex.ru,Female,7/23/2018
470,Trumaine,Hubbold,thubboldd1@earthlink.net,Male,1/19/2018
471,Ricki,Feldbaum,rfeldbaumd2@ihg.com,Female,9/13/2018
472,Domingo,Creeboe,dcreeboed3@biblegateway.com,Male,1/14/2018
473,Galvan,Dandie,gdandied4@1688.com,Male,9/5/2018
474,Muhammad,Ruggen,mruggend5@cmu.edu,Male,6/1/2018
475,Nathan,Oakes,noakesd6@lulu.com,Male,3/6/2018
476,Evyn,Eyckel,eeyckeld7@washingtonpost.com,Male,6/29/2018
477,Hillery,Dinse,hdinsed8@list-manage.com,Male,5/31/2018
478,Kristina,Bond,kbondd9@accuweather.com,Female,5/6/2018
479,Abbie,Danzey,adanzeyda@symantec.com,Female,3/23/2018
480,Janella,Whieldon,jwhieldondb@merriam-webster.com,Female,3/24/2018
481,Binny,Boutcher,bboutcherdc@cdbaby.com,Female,8/6/2018
482,Teodoro,Brabbs,tbrabbsdd@tinyurl.com,Male,3/19/2018
483,Gerry,Horley,ghorleyde@amazon.co.jp,Male,10/18/2018
484,Leslie,Wehner,lwehnerdf@moonfruit.com,Male,6/28/2018
485,Dani,Biesterfeld,dbiesterfelddg@shareasale.com,Female,2/1/2018
486,Annissa,Bownde,abowndedh@phoca.cz,Female,8/17/2018
487,Mada,Stiger,mstigerdi@ehow.com,Female,8/16/2018
488,Bendix,Ralls,brallsdj@theatlantic.com,Male,8/27/2018
489,Wendy,Arens,warensdk@apple.com,Female,7/6/2018
490,Lennie,Buxton,lbuxtondl@desdev.cn,Male,8/13/2018
491,Bryn,Dowyer,bdowyerdm@state.gov,Female,2/14/2018
492,Wiatt,Warnock,wwarnockdn@google.ca,Male,1/17/2018
493,Mirabelle,Pietz,mpietzdo@arstechnica.com,Female,1/12/2018
494,Angelita,Ind,ainddp@xing.com,Female,1/30/2018
495,Nanci,Beake,nbeakedq@behance.net,Female,1/15/2018
496,Perkin,Becerro,pbecerrodr@spotify.com,Male,11/25/2018
497,Aharon,Rhead,arheadds@google.de,Male,11/19/2018
498,Cris,Boteman,cbotemandt@netscape.com,Female,3/28/2018
499,Franklyn,Cutajar,fcutajardu@vistaprint.com,Male,12/30/2017
500,Avrom,Jirasek,ajirasekdv@e-recht24.de,Male,10/18/2018
501,Annis,Peddel,apeddeldw@scribd.com,Female,4/16/2018
502,Jackqueline,Twopenny,jtwopennydx@epa.gov,Female,10/3/2018
503,Sly,Shaw,sshawdy@elpais.com,Male,9/26/2018
504,Wait,Dolohunty,wdolohuntydz@buzzfeed.com,Male,8/8/2018
505,Othelia,Midlar,omidlare0@dot.gov,Female,12/20/2017
506,Jerrie,Brant,jbrante1@scribd.com,Male,6/8/2018
507,Joya,Maggiore,jmaggioree2@ed.gov,Female,6/28/2018
508,Petrina,Sparkwill,psparkwille3@alexa.com,Female,7/11/2018
509,Katey,Veldman,kveldmane4@reference.com,Female,7/7/2018
510,Beryl,Senton,bsentone5@nytimes.com,Female,10/8/2018
511,Gabe,Burtonshaw,gburtonshawe6@dion.ne.jp,Male,7/3/2018
512,Sloan,Greenhall,sgreenhalle7@umich.edu,Male,1/2/2018
513,Jaymee,Dionsetti,jdionsettie8@ameblo.jp,Female,10/24/2018
514,Milzie,Skuce,mskucee9@amazon.co.jp,Female,3/12/2018
515,Gil,Rumming,grummingea@hugedomains.com,Male,8/19/2018
516,Billy,Roadknight,broadknighteb@altervista.org,Male,9/19/2018
517,Obediah,Varley,ovarleyec@creativecommons.org,Male,2/5/2018
518,Valery,Navarre,vnavarreed@webnode.com,Female,7/16/2018
519,Elnore,Bartosek,ebartosekee@springer.com,Female,10/5/2018
520,Judon,Defau,jdefauef@va.gov,Male,7/6/2018
521,Dianna,Campkin,dcampkineg@state.gov,Female,5/28/2018
522,Steve,Bolduc,sbolduceh@wikispaces.com,Male,4/4/2018
523,Yolane,Franiak,yfraniakei@360.cn,Female,2/16/2018
524,Shermie,Winspur,swinspurej@guardian.co.uk,Male,2/18/2018
525,Cherey,Llewelyn,cllewelynek@usatoday.com,Female,11/26/2018
526,Reba,Hasling,rhaslingel@china.com.cn,Female,8/26/2018
527,Alley,Lawman,alawmanem@parallels.com,Male,7/2/2018
528,Myrvyn,Kopecka,mkopeckaen@com.com,Male,5/13/2018
529,Jennifer,Chitty,jchittyeo@intel.com,Female,3/12/2018
530,Trudi,Euels,teuelsep@acquirethisname.com,Female,6/4/2018
531,Paddie,Rives,priveseq@histats.com,Male,4/3/2018
532,Katharine,Attack,kattacker@wix.com,Female,12/24/2017
533,Ximenes,Dwane,xdwanees@marriott.com,Male,9/23/2018
534,Artus,Norwell,anorwellet@zimbio.com,Male,1/8/2018
535,Giulio,McCallister,gmccallistereu@patch.com,Male,6/19/2018
536,Dawna,Biddwell,dbiddwellev@pagesperso-orange.fr,Female,11/19/2018
537,Stavros,Chicotti,schicottiew@cornell.edu,Male,2/18/2018
538,Engracia,Roman,eromanex@hexun.com,Female,7/19/2018
539,Melisande,Baudouin,mbaudouiney@cloudflare.com,Female,9/22/2018
540,Cherie,Paulucci,cpaulucciez@dailymail.co.uk,Female,11/28/2018
541,Erina,Cissell,ecissellf0@businessweek.com,Female,3/11/2018
542,Morgan,Peyntue,mpeyntuef1@cornell.edu,Female,5/16/2018
543,Sheilah,Oliff,solifff2@wikipedia.org,Female,2/24/2018
544,Adolpho,Dionisetti,adionisettif3@spiegel.de,Male,2/21/2018
545,Vanna,Lincey,vlinceyf4@flavors.me,Female,4/27/2018
546,Adrianna,Gabits,agabitsf5@ed.gov,Female,1/31/2018
547,Rozele,Swetman,rswetmanf6@ifeng.com,Female,8/25/2018
548,Arlyne,Olrenshaw,aolrenshawf7@scribd.com,Female,6/3/2018
549,Jamal,Tasseler,jtasselerf8@wikia.com,Male,11/2/2018
550,Robin,Cochet,rcochetf9@icq.com,Male,8/2/2018
551,Henri,Smylie,hsmyliefa@istockphoto.com,Male,4/12/2018
552,Cher,Chasmar,cchasmarfb@i2i.jp,Female,12/5/2018
553,Stefan,Soutar,ssoutarfc@intel.com,Male,5/23/2018
554,Livvie,Tripean,ltripeanfd@soup.io,Female,7/12/2018
555,Kristina,Acedo,kacedofe@flickr.com,Female,8/26/2018
556,Florry,Gorstidge,fgorstidgeff@microsoft.com,Female,2/19/2018
557,Jourdain,Fenix,jfenixfg@nba.com,Male,1/26/2018
558,Emera,Mallows,emallowsfh@feedburner.com,Female,10/30/2018
559,Mair,Pimley,mpimleyfi@jugem.jp,Female,8/19/2018
560,Maggy,Emerson,memersonfj@people.com.cn,Female,7/26/2018
561,Tobye,Lettley,tlettleyfk@spotify.com,Female,10/3/2018
562,Eadie,Cleworth,ecleworthfl@yahoo.co.jp,Female,6/11/2018
563,Wilt,Brehault,wbrehaultfm@sina.com.cn,Male,6/23/2018
564,Temp,Lockery,tlockeryfn@de.vu,Male,3/3/2018
565,Wandie,Hannaway,whannawayfo@craigslist.org,Female,5/15/2018
566,Hazel,Law,hlawfp@statcounter.com,Male,8/19/2018
567,Rogers,Staden,rstadenfq@stanford.edu,Male,9/1/2018
568,Johannah,Ledgerton,jledgertonfr@usa.gov,Female,8/3/2018
569,Orly,Cannaway,ocannawayfs@nasa.gov,Female,11/8/2018
570,Birk,Measures,bmeasuresft@jimdo.com,Male,8/31/2018
571,Jon,Meake,jmeakefu@creativecommons.org,Male,8/16/2018
572,Linell,Trapp,ltrappfv@irs.gov,Female,12/7/2018
573,Manon,Alpine,malpinefw@sourceforge.net,Female,10/2/2018
574,Dunn,Marquot,dmarquotfx@1und1.de,Male,8/20/2018
575,Craggy,Spondley,cspondleyfy@usda.gov,Male,11/11/2018
576,Lethia,Garlic,lgarlicfz@ezinearticles.com,Female,10/24/2018
577,Elli,Conyer,econyerg0@domainmarket.com,Female,3/12/2018
578,Shea,Bushill,sbushillg1@stumbleupon.com,Female,8/1/2018
579,Nelia,Fee,nfeeg2@hexun.com,Female,2/2/2018
580,Jeniffer,Birts,jbirtsg3@wufoo.com,Female,1/16/2018
581,Regan,Hugill,rhugillg4@1688.com,Female,1/12/2018
582,Winnie,Smartman,wsmartmang5@geocities.jp,Male,11/28/2018
583,Sayers,Whittlesee,swhittleseeg6@bbb.org,Male,3/4/2018
584,Dexter,Seagood,dseagoodg7@google.com.hk,Male,6/28/2018
585,Hugibert,Attryde,hattrydeg8@ucoz.ru,Male,9/6/2018
586,Corney,Lightbody,clightbodyg9@typepad.com,Male,9/25/2018
587,Haslett,Haxell,hhaxellga@fda.gov,Male,7/24/2018
588,Ignacio,McCarly,imccarlygb@chicagotribune.com,Male,8/31/2018
589,Jazmin,Urling,jurlinggc@cyberchimps.com,Female,9/29/2018
590,Addia,Morton,amortongd@diigo.com,Female,1/9/2018
591,Filippo,Trahar,ftraharge@wiley.com,Male,5/1/2018
592,Debra,D'Alessandro,ddalessandrogf@weather.com,Female,6/16/2018
593,Lorilyn,Ganforthe,lganforthegg@woothemes.com,Female,6/12/2018
594,Karla,Machan,kmachangh@yolasite.com,Female,12/29/2017
595,Vanna,Cuming,vcuminggi@163.com,Female,11/20/2018
596,Sallee,Kingwell,skingwellgj@nasa.gov,Female,1/12/2018
597,Hollyanne,Saddleton,hsaddletongk@npr.org,Female,7/6/2018
598,Yehudi,Nisbet,ynisbetgl@shop-pro.jp,Male,9/4/2018
599,Noak,Tither,ntithergm@indiatimes.com,Male,9/1/2018
600,Debee,Pohlak,dpohlakgn@cnbc.com,Female,8/8/2018
601,Jacquelin,Gething,jgethinggo@nps.gov,Female,12/2/2018
602,Gertrud,Conisbee,gconisbeegp@twitter.com,Female,10/23/2018
603,Bevin,O'Mannion,bomanniongq@engadget.com,Male,2/18/2018
604,Curtice,Merrick,cmerrickgr@craigslist.org,Male,10/8/2018
605,Delaney,Salerno,dsalernogs@msu.edu,Male,6/27/2018
606,Geoffry,Shortcliffe,gshortcliffegt@dailymotion.com,Male,1/8/2018
607,Philly,Grzes,pgrzesgu@miibeian.gov.cn,Female,11/9/2018
608,Walt,La Grange,wlagrangegv@washington.edu,Male,9/14/2018
609,Bertie,Kennally,bkennallygw@si.edu,Male,1/28/2018
610,Reina,Arnet,rarnetgx@huffingtonpost.com,Female,5/12/2018
611,Murdock,Antony,mantonygy@howstuffworks.com,Male,9/27/2018
612,Rodolfo,Adnams,radnamsgz@uol.com.br,Male,2/28/2018
613,Dag,Giorgio,dgiorgioh0@illinois.edu,Male,9/9/2018
614,Jillene,Marsden,jmarsdenh1@sciencedirect.com,Female,8/24/2018
615,Erastus,Laguerre,elaguerreh2@admin.ch,Male,9/18/2018
616,Michele,Aluard,maluardh3@mediafire.com,Male,6/5/2018
617,Wilone,Throssell,wthrossellh4@163.com,Female,6/11/2018
618,Aviva,Woolfall,awoolfallh5@timesonline.co.uk,Female,12/19/2017
619,Cordell,Wyon,cwyonh6@jiathis.com,Male,12/1/2018
620,Briny,Cruddas,bcruddash7@theatlantic.com,Female,3/27/2018
621,Moina,Demageard,mdemageardh8@clickbank.net,Female,4/2/2018
622,Renee,Cato,rcatoh9@cornell.edu,Female,4/16/2018
623,Elnore,Manners,emannersha@blogspot.com,Female,1/28/2018
624,Bing,Faber,bfaberhb@pagesperso-orange.fr,Male,6/19/2018
625,Ford,Fuzzard,ffuzzardhc@sbwire.com,Male,9/25/2018
626,Sheelagh,Prugel,sprugelhd@nbcnews.com,Female,7/6/2018
627,Marissa,Dri,mdrihe@newyorker.com,Female,3/26/2018
628,Alisander,Brownlee,abrownleehf@freewebs.com,Male,8/20/2018
629,Dorine,Gotfrey,dgotfreyhg@washingtonpost.com,Female,4/11/2018
630,Mallory,Jayne,mjaynehh@google.co.uk,Female,11/27/2018
631,Millicent,Downie,mdowniehi@moonfruit.com,Female,11/28/2018
632,Jase,Kilgallen,jkilgallenhj@gravatar.com,Male,8/14/2018
633,Gare,Sargant,gsarganthk@dmoz.org,Male,4/17/2018
634,Franny,Broek,fbroekhl@tinypic.com,Female,12/22/2017
635,Tracey,MacGown,tmacgownhm@hc360.com,Female,7/1/2018
636,Devland,Cassel,dcasselhn@jugem.jp,Male,7/24/2018
637,Tadio,Sainsberry,tsainsberryho@hatena.ne.jp,Male,10/23/2018
638,Aline,Aizik,aaizikhp@nationalgeographic.com,Female,2/11/2018
639,Gilles,Goodbairn,ggoodbairnhq@lycos.com,Male,8/25/2018
640,Ivie,Rosenqvist,irosenqvisthr@salon.com,Female,6/29/2018
641,Corabel,Greenslade,cgreensladehs@cnn.com,Female,4/2/2018
642,Glenn,Metheringham,gmetheringhamht@census.gov,Male,2/10/2018
643,Carlee,De Santos,cdesantoshu@sfgate.com,Female,9/2/2018
644,Janessa,Blizard,jblizardhv@oakley.com,Female,3/3/2018
645,Joachim,Lowell,jlowellhw@qq.com,Male,3/27/2018
646,Nobe,D'Orsay,ndorsayhx@mtv.com,Male,12/8/2018
647,Concettina,Burdell,cburdellhy@japanpost.jp,Female,7/20/2018
648,Lauritz,Bettenson,lbettensonhz@tumblr.com,Male,9/9/2018
649,Phebe,Southward,psouthwardi0@4shared.com,Female,6/21/2018
650,Tiffy,Blagbrough,tblagbroughi1@360.cn,Female,5/20/2018
651,Giustino,Beumant,gbeumanti2@pinterest.com,Male,4/15/2018
652,Pearce,Caukill,pcaukilli3@sciencedirect.com,Male,4/15/2018
653,Cinnamon,Skitt,cskitti4@yelp.com,Female,5/4/2018
654,Olivero,Dungey,odungeyi5@ycombinator.com,Male,11/10/2018
655,Anabal,Gemmill,agemmilli6@chron.com,Female,5/17/2018
656,Freda,Karolyi,fkarolyii7@patch.com,Female,1/12/2018
657,Kalila,Honack,khonacki8@angelfire.com,Female,6/18/2018
658,Moishe,Barnewille,mbarnewillei9@cargocollective.com,Male,1/17/2018
659,Broderick,Gainsford,bgainsfordia@tripadvisor.com,Male,2/10/2018
660,Rossy,Ferson,rfersonib@gov.uk,Male,11/27/2018
661,Rick,Delhay,rdelhayic@vkontakte.ru,Male,9/23/2018
662,Dilly,Wloch,dwlochid@arizona.edu,Male,1/7/2018
663,Giselle,Cowins,gcowinsie@1und1.de,Female,11/30/2018
664,Marysa,Murtimer,mmurtimerif@apple.com,Female,8/24/2018
665,Heywood,Nevins,hnevinsig@ucla.edu,Male,8/11/2018
666,Whitney,Devine,wdevineih@hao123.com,Male,2/26/2018
667,Olympia,Boraston,oborastonii@msn.com,Female,11/17/2018
668,Christos,Butchard,cbutchardij@netlog.com,Male,8/14/2018
669,Tomasine,Broz,tbrozik@un.org,Female,9/6/2018
670,Agustin,Perin,aperinil@skype.com,Male,11/28/2018
671,Editha,Meffen,emeffenim@yellowpages.com,Female,1/9/2018
672,Kirstyn,Colliard,kcolliardin@craigslist.org,Female,1/27/2018
673,Rafaello,Bird,rbirdio@ehow.com,Male,11/28/2018
674,Tabor,Scrimgeour,tscrimgeourip@infoseek.co.jp,Male,5/19/2018
675,Rosy,Grunbaum,rgrunbaumiq@edublogs.org,Female,7/7/2018
676,Ole,Ollet,oolletir@yellowpages.com,Male,2/13/2018
677,Nonah,Blackbourn,nblackbournis@behance.net,Female,8/6/2018
678,Edgar,Bassilashvili,ebassilashviliit@tripod.com,Male,6/12/2018
679,Paolo,Maeer,pmaeeriu@icq.com,Male,11/2/2018
680,Peirce,Crosen,pcroseniv@1688.com,Male,4/12/2018
681,Susan,Cottell,scottelliw@china.com.cn,Female,3/27/2018
682,Hussein,Nimmo,hnimmoix@sakura.ne.jp,Male,1/29/2018
683,Mahalia,Cutriss,mcutrissiy@nydailynews.com,Female,1/20/2018
684,Sancho,Keating,skeatingiz@netscape.com,Male,7/22/2018
685,Kylila,Di Biasio,kdibiasioj0@webeden.co.uk,Female,6/14/2018
686,Van,Bartalin,vbartalinj1@state.tx.us,Male,2/7/2018
687,Rozalie,Skeates,rskeatesj2@dot.gov,Female,7/28/2018
688,Ruy,Blaszczyk,rblaszczykj3@51.la,Male,9/12/2018
689,Bendix,Dukelow,bdukelowj4@geocities.com,Male,12/7/2018
690,Jami,Tibbles,jtibblesj5@skyrock.com,Female,3/5/2018
691,Helen-elizabeth,Paliser,hpaliserj6@is.gd,Female,1/2/2018
692,Renaud,Darcy,rdarcyj7@deviantart.com,Male,4/29/2018
693,Finley,Hingeley,fhingeleyj8@nps.gov,Male,1/7/2018
694,Bertrand,Busst,bbusstj9@dion.ne.jp,Male,11/9/2018
695,Hercule,Eatock,heatockja@rakuten.co.jp,Male,2/16/2018
696,Shayne,Hearl,shearljb@dyndns.org,Male,10/29/2018
697,Sampson,Massimi,smassimijc@arizona.edu,Male,1/20/2018
698,Burton,Merrgan,bmerrganjd@salon.com,Male,2/24/2018
699,Aurea,Loveitt,aloveittje@house.gov,Female,5/7/2018
700,Markus,Frankcomb,mfrankcombjf@un.org,Male,8/5/2018
701,Violante,Wabersich,vwabersichjg@bing.com,Female,2/28/2018
702,Shaun,MacKay,smackayjh@tiny.cc,Male,6/7/2018
703,Shepard,Bonnier,sbonnierji@harvard.edu,Male,7/4/2018
704,Neddy,Coker,ncokerjj@msu.edu,Male,4/15/2018
705,Bruce,Benedtti,bbenedttijk@reverbnation.com,Male,10/24/2018
706,Bond,Tampling,btamplingjl@boston.com,Male,7/25/2018
707,Gib,Rehn,grehnjm@patch.com,Male,5/24/2018
708,Ursala,Nuzzi,unuzzijn@msn.com,Female,8/6/2018
709,Sibbie,Farfolomeev,sfarfolomeevjo@oracle.com,Female,2/18/2018
710,Cly,Neesam,cneesamjp@fema.gov,Male,3/28/2018
711,Pier,Bikker,pbikkerjq@cargocollective.com,Female,2/14/2018
712,Fina,Skittreal,fskittrealjr@pcworld.com,Female,5/30/2018
713,Ursola,Cockcroft,ucockcroftjs@printfriendly.com,Female,9/1/2018
714,Benjie,Medway,bmedwayjt@tamu.edu,Male,6/21/2018
715,Geordie,Hazeup,ghazeupju@wordpress.com,Male,6/3/2018
716,Tristan,Corzor,tcorzorjv@ucsd.edu,Male,12/9/2018
717,Adolpho,Etheridge,aetheridgejw@independent.co.uk,Male,4/13/2018
718,Cheri,Casolla,ccasollajx@bizjournals.com,Female,7/22/2018
719,Hardy,Dussy,hdussyjy@is.gd,Male,6/11/2018
720,Sacha,Armfield,sarmfieldjz@columbia.edu,Female,12/3/2018
721,Muriel,Hanhart,mhanhartk0@mit.edu,Female,5/29/2018
722,Monty,Millson,mmillsonk1@narod.ru,Male,4/19/2018
723,Kalie,Veljes,kveljesk2@noaa.gov,Female,2/10/2018
724,Cherin,Davids,cdavidsk3@twitpic.com,Female,4/13/2018
725,Ellery,Jendrich,ejendrichk4@disqus.com,Male,8/5/2018
726,Peter,Saturley,psaturleyk5@ebay.co.uk,Male,7/6/2018
727,Idell,Shillington,ishillingtonk6@surveymonkey.com,Female,8/5/2018
728,Daffi,Falla,dfallak7@fda.gov,Female,8/7/2018
729,Yule,Ruit,yruitk8@paginegialle.it,Male,4/9/2018
730,Annamaria,Championnet,achampionnetk9@dyndns.org,Female,2/10/2018
731,Blakeley,Blasli,bblaslika@mozilla.org,Female,5/12/2018
732,Christoper,MacGille,cmacgillekb@delicious.com,Male,10/10/2018
733,Porter,Genny,pgennykc@macromedia.com,Male,3/25/2018
734,Avis,Honnicott,ahonnicottkd@shop-pro.jp,Female,5/24/2018
735,Lyell,Adnet,ladnetke@google.pl,Male,5/13/2018
736,Ewen,Joplin,ejoplinkf@chronoengine.com,Male,5/8/2018
737,Laurena,Poulston,lpoulstonkg@newyorker.com,Female,11/2/2018
738,Schuyler,Clemot,sclemotkh@cornell.edu,Male,3/6/2018
739,Aaron,Allibone,aalliboneki@umn.edu,Male,5/26/2018
740,Kacy,Pithie,kpithiekj@nih.gov,Female,7/30/2018
741,Fitz,Mackrill,fmackrillkk@netvibes.com,Male,1/21/2018
742,Georgeanne,Ginnane,gginnanekl@nbcnews.com,Female,11/15/2018
743,Kalli,Townrow,ktownrowkm@princeton.edu,Female,4/28/2018
744,Wilburt,Puddephatt,wpuddephattkn@live.com,Male,10/23/2018
745,Aloin,Cantu,acantuko@skyrock.com,Male,6/1/2018
746,Cirstoforo,Pridgeon,cpridgeonkp@prlog.org,Male,1/4/2018
747,Eddie,Chitter,echitterkq@bing.com,Female,4/5/2018
748,Dino,Brockway,dbrockwaykr@cdc.gov,Male,4/11/2018
749,Jacquenette,Rawcliff,jrawcliffks@apple.com,Female,10/8/2018
750,Alphonso,Buckerfield,abuckerfieldkt@dion.ne.jp,Male,11/6/2018
751,Adrea,Bolus,abolusku@cbslocal.com,Female,6/9/2018
752,Ernest,Passie,epassiekv@last.fm,Male,3/4/2018
753,Daniel,Gerardet,dgerardetkw@usnews.com,Male,11/7/2018
754,Libbie,Wort,lwortkx@vistaprint.com,Female,1/19/2018
755,Homer,Pharo,hpharoky@wordpress.com,Male,11/24/2018
756,Bevvy,Dabinett,bdabinettkz@earthlink.net,Female,8/2/2018
757,Edvard,Mulholland,emulhollandl0@theglobeandmail.com,Male,1/21/2018
758,Gabe,Filasov,gfilasovl1@zimbio.com,Male,2/26/2018
759,Stanislaw,Rippin,srippinl2@arstechnica.com,Male,7/3/2018
760,Esme,McCorry,emccorryl3@flavors.me,Female,9/22/2018
761,Terence,Binfield,tbinfieldl4@va.gov,Male,10/23/2018
762,Normand,Dumphries,ndumphriesl5@berkeley.edu,Male,12/15/2017
763,Hailey,Birdwhistell,hbirdwhistelll6@amazon.com,Male,2/24/2018
764,Kale,Lunnon,klunnonl7@ezinearticles.com,Male,3/13/2018
765,Neda,Stones,nstonesl8@mediafire.com,Female,7/25/2018
766,Rowney,Hintze,rhintzel9@topsy.com,Male,3/26/2018
767,Saloma,Dufty,sduftyla@jigsy.com,Female,12/29/2017
768,Silvester,Garahan,sgarahanlb@mysql.com,Male,5/15/2018
769,Ian,Leddie,ileddielc@topsy.com,Male,5/6/2018
770,Ingmar,Lindley,ilindleyld@google.co.jp,Male,1/25/2018
771,Elly,Brough,ebroughle@answers.com,Female,12/21/2017
772,Melvin,Eddicott,meddicottlf@unesco.org,Male,9/11/2018
773,Alma,Medlar,amedlarlg@people.com.cn,Female,11/10/2018
774,Anett,Whalley,awhalleylh@bbc.co.uk,Female,1/6/2018
775,Colas,Holah,cholahli@amazon.co.jp,Male,10/16/2018
776,Christian,Oldaker,coldakerlj@ucla.edu,Male,4/6/2018
777,Scarlet,Du Plantier,sduplantierlk@symantec.com,Female,10/10/2018
778,Jakob,Plomer,jplomerll@cnbc.com,Male,3/12/2018
779,Appolonia,Gammet,agammetlm@dedecms.com,Female,8/28/2018
780,Efren,Bourke,ebourkeln@upenn.edu,Male,7/2/2018
781,Alayne,Verrell,averrelllo@trellian.com,Female,11/13/2018
782,Silvan,Dyneley,sdyneleylp@blogs.com,Male,5/16/2018
783,Lucho,Hadfield,lhadfieldlq@bluehost.com,Male,3/15/2018
784,Marigold,Haquin,mhaquinlr@sun.com,Female,2/8/2018
785,Roseanna,Behrens,rbehrensls@cpanel.net,Female,6/11/2018
786,Eduard,Zanuciolii,ezanucioliilt@goo.ne.jp,Male,9/4/2018
787,Berkley,Flori,bflorilu@nifty.com,Male,10/13/2018
788,Lanny,Spear,lspearlv@paypal.com,Male,8/28/2018
789,Tallia,Jenson,tjensonlw@about.me,Female,3/9/2018
790,Aubrey,Fiander,afianderlx@over-blog.com,Male,4/13/2018
791,Annis,Leversuch,aleversuchly@blogspot.com,Female,11/2/2018
792,Dedie,Coughtrey,dcoughtreylz@usnews.com,Female,7/18/2018
793,Cassius,Benzing,cbenzingm0@shutterfly.com,Male,2/28/2018
794,Karlan,Smedmoor,ksmedmoorm1@nydailynews.com,Male,4/5/2018
795,Quinton,Klyner,qklynerm2@blogtalkradio.com,Male,5/10/2018
796,Eva,Stevenson,estevensonm3@myspace.com,Female,10/8/2018
797,Anica,Haggard,ahaggardm4@google.com.hk,Female,4/17/2018
798,Katharyn,Mynett,kmynettm5@mapy.cz,Female,9/5/2018
799,Rad,Dunstall,rdunstallm6@liveinternet.ru,Male,4/17/2018
800,Christye,Wanek,cwanekm7@addtoany.com,Female,12/16/2017
801,Amerigo,Paolozzi,apaolozzim8@craigslist.org,Male,6/22/2018
802,Olivia,Bourgour,obourgourm9@hugedomains.com,Female,11/28/2018
803,Sigismond,Maleney,smaleneyma@skyrock.com,Male,12/1/2018
804,Lucille,McIan,lmcianmb@adobe.com,Female,3/9/2018
805,Lacey,Michelet,lmicheletmc@nifty.com,Female,11/1/2018
806,Carolyn,Screach,cscreachmd@vinaora.com,Female,7/2/2018
807,Hester,Gronow,hgronowme@printfriendly.com,Female,11/30/2018
808,Joachim,Ridger,jridgermf@devhub.com,Male,1/28/2018
809,Berk,Chrishop,bchrishopmg@livejournal.com,Male,5/12/2018
810,Doretta,Meeus,dmeeusmh@nydailynews.com,Female,7/9/2018
811,Wakefield,Putt,wputtmi@mlb.com,Male,12/31/2017
812,Fitz,Jukes,fjukesmj@posterous.com,Male,3/15/2018
813,Jasper,McEvay,jmcevaymk@goo.ne.jp,Male,6/5/2018
814,Seward,Naldrett,snaldrettml@goodreads.com,Male,6/6/2018
815,Seka,Dufore,sduforemm@omniture.com,Female,12/29/2017
816,Ora,Yashunin,oyashuninmn@rakuten.co.jp,Female,10/5/2018
817,Kimberli,Kempster,kkempstermo@facebook.com,Female,2/8/2018
818,Hadrian,Trask,htraskmp@nps.gov,Male,3/11/2018
819,Corilla,Mitchenson,cmitchensonmq@indiatimes.com,Female,12/18/2017
820,Cornelle,Ortes,cortesmr@dell.com,Female,4/30/2018
821,Baron,Guyet,bguyetms@rambler.ru,Male,4/19/2018
822,Tammie,Kesteven,tkestevenmt@smugmug.com,Female,10/27/2018
823,Nannie,Burnyate,nburnyatemu@jiathis.com,Female,4/29/2018
824,Kelcey,Nordass,knordassmv@ebay.co.uk,Female,3/24/2018
825,Stacee,Holdey,sholdeymw@unicef.org,Male,6/1/2018
826,Mersey,Eayres,meayresmx@addthis.com,Female,5/29/2018
827,Delainey,Stretton,dstrettonmy@sina.com.cn,Male,10/27/2018
828,Inessa,Hayley,ihayleymz@yandex.ru,Female,6/4/2018
829,Faulkner,Elleyne,felleynen0@mozilla.com,Male,2/13/2018
830,Gerri,Ridde,gridden1@deviantart.com,Male,10/24/2018
831,Marilin,Annand,mannandn2@businessinsider.com,Female,7/30/2018
832,Tirrell,Glide,tgliden3@examiner.com,Male,2/5/2018
833,Virgilio,Reiling,vreilingn4@360.cn,Male,3/18/2018
834,Ardath,Corhard,acorhardn5@delicious.com,Female,1/26/2018
835,Banky,Holmyard,bholmyardn6@kickstarter.com,Male,8/23/2018
836,Meridith,O'Keefe,mokeefen7@over-blog.com,Female,7/8/2018
837,Kitti,Faudrie,kfaudrien8@mysql.com,Female,3/24/2018
838,Joellen,Wilman,jwilmann9@weather.com,Female,3/20/2018
839,Farra,Durgan,fdurganna@yellowpages.com,Female,4/12/2018
840,Norean,Brusin,nbrusinnb@sourceforge.net,Female,5/17/2018
841,Thaxter,Ewdale,tewdalenc@house.gov,Male,6/18/2018
842,Creigh,Scarisbrick,cscarisbricknd@statcounter.com,Male,2/27/2018
843,Che,Hartnell,chartnellne@house.gov,Male,8/27/2018
844,Minna,Aldrin,maldrinnf@nydailynews.com,Female,3/28/2018
845,Dunn,Woollin,dwoollinng@shareasale.com,Male,10/2/2018
846,Shanon,Cosham,scoshamnh@vistaprint.com,Female,8/19/2018
847,Garvey,Iacobucci,giacobuccini@bbb.org,Male,4/1/2018
848,Mord,Brombell,mbrombellnj@upenn.edu,Male,11/18/2018
849,Lilias,Othick,lothicknk@biblegateway.com,Female,1/2/2018
850,Pierson,Gabriel,pgabrielnl@nasa.gov,Male,10/17/2018
851,Adham,Abrahamsson,aabrahamssonnm@list-manage.com,Male,3/9/2018
852,Lilia,Belbin,lbelbinnn@wufoo.com,Female,10/5/2018
853,Brandi,Bignell,bbignellno@reference.com,Female,4/25/2018
854,Henka,Goulbourn,hgoulbournnp@ifeng.com,Female,2/26/2018
855,Bancroft,Norville,bnorvillenq@theglobeandmail.com,Male,8/22/2018
856,Fancy,Claridge,fclaridgenr@wsj.com,Female,2/12/2018
857,Karyn,Childers,kchildersns@usda.gov,Female,2/15/2018
858,Bert,Scola,bscolant@yellowpages.com,Male,7/20/2018
859,Shay,Yegorshin,syegorshinnu@free.fr,Female,9/11/2018
860,Raeann,Keelinge,rkeelingenv@posterous.com,Female,5/20/2018
861,Jonathan,Moult,jmoultnw@shinystat.com,Male,1/23/2018
862,Lorry,Cortes,lcortesnx@alibaba.com,Male,2/7/2018
863,Norma,Christley,nchristleyny@amazon.de,Female,1/19/2018
864,Raeann,Luscott,rluscottnz@state.tx.us,Female,6/21/2018
865,Newton,Godwyn,ngodwyno0@nyu.edu,Male,9/5/2018
866,Tabby,Shorthill,tshorthillo1@blog.com,Male,3/13/2018
867,Abey,Pettegre,apettegreo2@naver.com,Male,5/5/2018
868,Wandie,Cristoforo,wcristoforoo3@squarespace.com,Female,11/21/2018
869,Dewey,Mohammed,dmohammedo4@vimeo.com,Male,12/9/2018
870,Teodoro,Stoak,tstoako5@dagondesign.com,Male,3/21/2018
871,Shanna,MacEntee,smacenteeo6@cnn.com,Female,5/3/2018
872,Waldemar,Cohen,wcoheno7@google.es,Male,1/15/2018
873,Fair,Gennings,fgenningso8@senate.gov,Male,7/11/2018
874,Richy,Gouth,rgoutho9@tripadvisor.com,Male,5/7/2018
875,Juan,Conroy,jconroyoa@themeforest.net,Male,7/12/2018
876,Conchita,Niess,cniessob@ox.ac.uk,Female,2/16/2018
877,Jean,Laurenceau,jlaurenceauoc@lulu.com,Female,11/15/2018
878,Dag,Spurway,dspurwayod@mozilla.com,Male,2/18/2018
879,Grazia,Nuzzetti,gnuzzettioe@csmonitor.com,Female,4/25/2018
880,Cinderella,Carillo,ccarilloof@xinhuanet.com,Female,8/10/2018
881,Cody,Reay,creayog@infoseek.co.jp,Male,2/27/2018
882,Gerik,Swoffer,gswofferoh@ycombinator.com,Male,4/9/2018
883,Jaye,Jelf,jjelfoi@mozilla.org,Male,10/23/2018
884,Tomlin,Standen,tstandenoj@pinterest.com,Male,5/29/2018
885,Taddeo,Jellman,tjellmanok@cnn.com,Male,5/14/2018
886,Marigold,Worsnup,mworsnupol@telegraph.co.uk,Female,7/13/2018
887,Cece,Hutcheons,chutcheonsom@wiley.com,Male,6/21/2018
888,Hercules,Weeke,hweekeon@princeton.edu,Male,6/16/2018
889,Miguel,Piche,mpicheoo@msn.com,Male,3/5/2018
890,Wain,Sketch,wsketchop@prnewswire.com,Male,8/31/2018
891,Micheline,Caistor,mcaistoroq@nhs.uk,Female,1/17/2018
892,Almira,Ughelli,aughellior@upenn.edu,Female,2/5/2018
893,Brandea,De Michele,bdemicheleos@zimbio.com,Female,10/10/2018
894,Edyth,Riccardi,ericcardiot@furl.net,Female,10/30/2018
895,Teriann,Gilgryst,tgilgrystou@oaic.gov.au,Female,9/24/2018
896,Bronnie,Sloley,bsloleyov@artisteer.com,Male,1/21/2018
897,Mohandis,Dincey,mdinceyow@geocities.jp,Male,1/21/2018
898,Rickey,Bultitude,rbultitudeox@ask.com,Male,7/3/2018
899,Alida,Goodacre,agoodacreoy@squarespace.com,Female,7/12/2018
900,Nadean,Dobey,ndobeyoz@ocn.ne.jp,Female,1/18/2018
901,Laurice,McKag,lmckagp0@salon.com,Female,4/26/2018
902,Iain,Gatrill,igatrillp1@techcrunch.com,Male,3/7/2018
903,Stacy,Picard,spicardp2@networkadvertising.org,Female,10/25/2018
904,Pavel,Loges,plogesp3@omniture.com,Male,4/1/2018
905,Jon,Pearsall,jpearsallp4@theatlantic.com,Male,4/19/2018
906,Diann,Genn,dgennp5@illinois.edu,Female,10/10/2018
907,Ania,Yourell,ayourellp6@miitbeian.gov.cn,Female,2/4/2018
908,Nananne,Ciccarello,nciccarellop7@economist.com,Female,10/4/2018
909,Wynnie,Groucutt,wgroucuttp8@dion.ne.jp,Female,5/12/2018
910,Whitby,Petroselli,wpetrosellip9@irs.gov,Male,10/5/2018
911,Dex,Hixley,dhixleypa@techcrunch.com,Male,2/3/2018
912,Garry,Greetham,ggreethampb@cmu.edu,Male,5/18/2018
913,Shena,Moncreiff,smoncreiffpc@cmu.edu,Female,3/12/2018
914,Phoebe,Pabst,ppabstpd@biblegateway.com,Female,4/21/2018
915,Dory,Bawden,dbawdenpe@ucsd.edu,Male,11/13/2018
916,Gardiner,People,gpeoplepf@slate.com,Male,8/1/2018
917,Odelinda,Rennard,orennardpg@yahoo.co.jp,Female,11/12/2018
918,Jdavie,Faiers,jfaiersph@hhs.gov,Male,7/3/2018
919,Jedediah,Marciek,jmarciekpi@jigsy.com,Male,4/22/2018
920,Christie,Loades,cloadespj@hostgator.com,Male,4/18/2018
921,Ethelin,Philson,ephilsonpk@ebay.com,Female,8/17/2018
922,Gunner,Evemy,gevemypl@wp.com,Male,11/23/2018
923,Kissee,Gorgler,kgorglerpm@buzzfeed.com,Female,7/18/2018
924,Rozanna,Harvatt,rharvattpn@nydailynews.com,Female,5/23/2018
925,Jamie,Sewill,jsewillpo@nationalgeographic.com,Male,3/30/2018
926,Miranda,Raybould,mraybouldpp@tmall.com,Female,10/8/2018
927,Nicholle,Corbyn,ncorbynpq@narod.ru,Female,5/24/2018
928,Odey,Mosedall,omosedallpr@canalblog.com,Male,5/1/2018
929,Conroy,Medlicott,cmedlicottps@buzzfeed.com,Male,8/11/2018
930,Hyatt,Olden,holdenpt@vk.com,Male,8/23/2018
931,Ode,Grastye,ograstyepu@typepad.com,Male,7/17/2018
932,Kassie,Toor,ktoorpv@dmoz.org,Female,1/30/2018
933,Garwin,Lindsay,glindsaypw@tinypic.com,Male,9/7/2018
934,Myrna,Vant,mvantpx@usgs.gov,Female,9/22/2018
935,Mace,Filchagin,mfilchaginpy@over-blog.com,Male,5/22/2018
936,Emili,McCarty,emccartypz@amazon.de,Female,2/9/2018
937,Lenee,Brandino,lbrandinoq0@xing.com,Female,3/27/2018
938,Harrietta,Morcombe,hmorcombeq1@usatoday.com,Female,5/19/2018
939,Putnem,Lay,playq2@addthis.com,Male,7/4/2018
940,Bennett,Norssister,bnorssisterq3@admin.ch,Male,2/5/2018
941,Jillana,McGrotty,jmcgrottyq4@epa.gov,Female,11/13/2018
942,Van,Peeke,vpeekeq5@istockphoto.com,Female,8/7/2018
943,Domenico,Scholtis,dscholtisq6@ameblo.jp,Male,1/12/2018
944,Pierrette,Ilsley,pilsleyq7@berkeley.edu,Female,4/5/2018
945,Shandeigh,Akam,sakamq8@webnode.com,Female,6/16/2018
946,Freeman,Tunesi,ftunesiq9@desdev.cn,Male,2/24/2018
947,Ted,Toffler,ttofflerqa@google.cn,Male,12/9/2018
948,Cully,Hearne,chearneqb@google.com.br,Male,7/2/2018
949,Alikee,D'Ambrosio,adambrosioqc@auda.org.au,Female,1/26/2018
950,Saudra,Yggo,syggoqd@posterous.com,Female,1/30/2018
951,Birdie,Holwell,bholwellqe@pagesperso-orange.fr,Female,1/20/2018
952,Cymbre,Izzard,cizzardqf@oakley.com,Female,7/27/2018
953,Flin,Samett,fsamettqg@tinypic.com,Male,10/27/2018
954,Abran,Danet,adanetqh@fotki.com,Male,3/20/2018
955,Marney,Borgnet,mborgnetqi@naver.com,Female,5/8/2018
956,Marijo,Conningham,mconninghamqj@cmu.edu,Female,10/31/2018
957,Anet,Aisthorpe,aaisthorpeqk@gnu.org,Female,11/11/2018
958,Dillon,Liver,dliverql@cyberchimps.com,Male,11/26/2018
959,Geraldine,Purry,gpurryqm@usa.gov,Female,10/17/2018
960,Lian,Dudenie,ldudenieqn@youku.com,Female,11/14/2018
961,Gwenette,Ferne,gferneqo@123-reg.co.uk,Female,3/16/2018
962,Deeann,McLay,dmclayqp@shop-pro.jp,Female,4/26/2018
963,Fanny,Farthin,ffarthinqq@bluehost.com,Female,4/25/2018
964,Augusto,Gerding,agerdingqr@ebay.com,Male,7/3/2018
965,Mayer,Liptrod,mliptrodqs@jimdo.com,Male,7/27/2018
966,Carlo,Knibbs,cknibbsqt@fda.gov,Male,12/4/2018
967,Jae,Fancet,jfancetqu@wikimedia.org,Male,8/14/2018
968,Douglass,Terry,dterryqv@ucoz.com,Male,1/1/2018
969,Junia,Sargeant,jsargeantqw@si.edu,Female,10/12/2018
970,Althea,Geck,ageckqx@cbslocal.com,Female,10/30/2018
971,Giffie,Bonifazio,gbonifazioqy@patch.com,Male,2/20/2018
972,Caron,Radley,cradleyqz@sphinn.com,Female,3/9/2018
973,Trenna,Feasey,tfeaseyr0@census.gov,Female,8/25/2018
974,Timmie,Brumby,tbrumbyr1@nydailynews.com,Male,6/6/2018
975,Emelen,Klosges,eklosgesr2@omniture.com,Male,8/30/2018
976,Eal,Kleinberer,ekleinbererr3@blog.com,Male,12/23/2017
977,Jaquith,Parkes,jparkesr4@woothemes.com,Female,11/15/2018
978,Duke,Yurygyn,dyurygynr5@who.int,Male,7/24/2018
979,Vannie,Tull,vtullr6@ca.gov,Female,7/11/2018
980,Rene,Vasyunkin,rvasyunkinr7@amazon.com,Male,12/26/2017
981,Che,Vaskin,cvaskinr8@mediafire.com,Male,4/4/2018
982,Constantia,Vice,cvicer9@free.fr,Female,12/25/2017
983,Jobie,McKibbin,jmckibbinra@indiatimes.com,Female,10/10/2018
984,Susann,Fay,sfayrb@tamu.edu,Female,1/28/2018
985,Arther,Presman,apresmanrc@cbsnews.com,Male,7/29/2018
986,Helga,Burkert,hburkertrd@nymag.com,Female,7/4/2018
987,Dulcy,Abeles,dabelesre@uol.com.br,Female,12/17/2017
988,Conny,Connew,cconnewrf@acquirethisname.com,Male,4/21/2018
989,Eolande,Barroux,ebarrouxrg@yelp.com,Female,6/27/2018
990,Frazier,Bilofsky,fbilofskyrh@simplemachines.org,Male,3/20/2018
991,Ardath,Costelow,acostelowri@dailymotion.com,Female,7/9/2018
992,Darrel,Ashard,dashardrj@hp.com,Male,5/5/2018
993,Reamonn,Skym,rskymrk@engadget.com,Male,1/14/2018
994,Feodor,Schachter,fschachterrl@twitter.com,Male,11/17/2018
995,Laural,Sprosson,lsprossonrm@gmpg.org,Female,10/26/2018
996,Roderigo,Senchenko,rsenchenkorn@google.nl,Male,8/4/2018
997,Derk,Kalvin,dkalvinro@wsj.com,Male,2/8/2018
998,Wendell,Whipple,wwhipplerp@surveymonkey.com,Male,1/27/2018
999,Dari,Mallia,dmalliarq@youtu.be,Female,1/19/2018
1000,Trevar,Collinette,tcollinetterr@patch.com,Male,10/16/2018
