id,first_name,last_name,email,gender,birth_date
1,Rosa,Robrose,rrobrose0@salon.com,Female,2/20/2018
2,Giffer,Clayson,gclayson1@ftc.gov,Male,4/26/2018
3,Osbourne,Datte,odatte2@xing.com,Male,2/7/2018
4,Lynn,Jordon,ljordon3@prweb.com,Female,6/8/2018
5,Kimmi,Maud,kmaud4@ask.com,Female,2/3/2018
6,Myles,Synke,msynke5@howstuffworks.com,Male,6/25/2018
7,Dame,Chevers,dchevers6@jimdo.com,Male,10/7/2018
8,Merrie,Moorcroft,mmoorcroft7@a8.net,Female,1/5/2018
9,Jemmy,Gemlett,jgemlett8@symantec.com,Female,7/9/2018
10,Lynett,Enticott,lenticott9@washingtonpost.com,Female,1/13/2018
11,Obidiah,Hatto,ohattoa@i2i.jp,Male,10/11/2018
12,Leonidas,Drei,ldreib@reuters.com,Male,1/26/2018
13,Buddie,Guyers,bguyersc@51.la,Male,8/4/2018
14,Estrellita,Winscum,ewinscumd@storify.com,Female,2/1/2018
15,Edie,McEttigen,emcettigene@youtu.be,Female,12/15/2017
16,Isabelle,Vynoll,ivynollf@google.es,Female,2/2/2018
17,Vaughn,McAuslan,vmcauslang@hud.gov,Male,12/12/2017
18,Nanete,Langthorn,nlangthornh@chronoengine.com,Female,3/22/2018
19,Rollie,McElrea,rmcelreai@goo.gl,Male,10/30/2018
20,Carr,Havard,chavardj@upenn.edu,Male,9/26/2018
21,Tamas,Hast,thastk@hubpages.com,Male,2/6/2018
22,Yasmeen,Satterthwaite,ysatterthwaitel@kickstarter.com,Female,12/26/2017
23,Francesca,Kirkebye,fkirkebyem@is.gd,Female,8/10/2018
24,Jocko,Piddocke,jpiddocken@sitemeter.com,Male,6/19/2018
25,Conrado,Jellicorse,cjellicorseo@prweb.com,Male,2/20/2018
26,Nefen,MacNeilley,nmacneilleyp@so-net.ne.jp,Male,4/1/2018
27,Dre,Jiruca,djirucaq@discovery.com,Female,5/8/2018
28,Roxana,Deighan,rdeighanr@jigsy.com,Female,10/29/2018
29,Ofilia,Stansell,ostansells@npr.org,Female,9/3/2018
30,Thorstein,Robb,trobbt@behance.net,Male,6/24/2018
31,Koren,Stephenson,kstephensonu@virginia.edu,Female,4/24/2018
32,Kendall,MacAndreis,kmacandreisv@jugem.jp,Male,11/30/2018
33,Virgie,Gwioneth,vgwionethw@moonfruit.com,Female,11/23/2018
34,Ashlan,Gammett,agammettx@vinaora.com,Female,12/26/2017
35,Brewster,Lecky,bleckyy@harvard.edu,Male,7/24/2018
36,Ailee,Leithgoe,aleithgoez@storify.com,Female,3/31/2018
37,Andreana,Crees,acrees10@mozilla.com,Female,8/14/2018
38,Jorey,Croft,jcroft11@hhs.gov,Female,4/15/2018
39,Harley,Peddar,hpeddar12@themeforest.net,Male,9/22/2018
40,Aime,Enoch,aenoch13@google.ca,Female,3/19/2018
41,Sylvester,Philipeau,sphilipeau14@geocities.com,Male,10/26/2018
42,Jeanette,Epsley,jepsley15@printfriendly.com,Female,6/3/2018
43,Tracy,Fleeman,tfleeman16@netlog.com,Male,8/19/2018
44,Myer,Seamon,mseamon17@51.la,Male,10/20/2018
45,Octavia,Thaller,othaller18@ucoz.com,Female,1/30/2018
46,Jillayne,Howler,jhowler19@odnoklassniki.ru,Female,12/9/2018
47,Humbert,Donahue,hdonahue1a@about.me,Male,9/15/2018
48,Zaccaria,Cranmere,zcranmere1b@pcworld.com,Male,8/25/2018
49,Helsa,Whitwam,hwhitwam1c@accuweather.com,Female,4/6/2018
50,Mattie,Veall,mveall1d@army.mil,Male,9/26/2018
51,Moses,Christiensen,mchristiensen1e@fotki.com,Male,9/28/2018
52,Wade,Timmermann,wtimmermann1f@ocn.ne.jp,Male,2/10/2018
53,Elga,Quelch,equelch1g@wikia.com,Female,6/27/2018
54,Ashlee,Feaveer,afeaveer1h@shareasale.com,Female,2/12/2018
55,Rod,Sexti,rsexti1i@weebly.com,Male,10/26/2018
56,Gary,Gorton,ggorton1j@biblegateway.com,Male,3/24/2018
57,Joe,Overstreet,joverstreet1k@freewebs.com,Male,3/22/2018
58,Wallace,Slark,wslark1l@so-net.ne.jp,Male,1/9/2018
59,Josh,Persian,jpersian1m@guardian.co.uk,Male,2/24/2018
60,Wallache,Sawley,wsawley1n@sakura.ne.jp,Male,6/5/2018
61,Ronna,Robertshaw,rrobertshaw1o@infoseek.co.jp,Female,1/19/2018
62,Bevon,Claus,bclaus1p@oaic.gov.au,Male,6/30/2018
63,Corabelle,Tumility,ctumility1q@nsw.gov.au,Female,4/5/2018
64,Maddie,Newick,mnewick1r@cam.ac.uk,Male,5/8/2018
65,Saudra,Decreuze,sdecreuze1s@nifty.com,Female,12/19/2017
66,Artemis,Poulson,apoulson1t@engadget.com,Male,5/11/2018
67,Chevalier,Reedick,creedick1u@bluehost.com,Male,3/26/2018
68,Vinny,Swafield,vswafield1v@google.it,Female,1/27/2018
69,Daisi,Thurlbeck,dthurlbeck1w@cnbc.com,Female,6/12/2018
70,Dale,Ridesdale,dridesdale1x@msu.edu,Female,9/13/2018
71,Gracia,Carlile,gcarlile1y@edublogs.org,Female,10/14/2018
72,Filberte,Chad,fchad1z@google.co.jp,Male,9/20/2018
73,Milissent,Motton,mmotton20@patch.com,Female,10/30/2018
74,Leontine,Search,lsearch21@printfriendly.com,Female,8/29/2018
75,Rudie,Cuberley,rcuberley22@shutterfly.com,Male,1/8/2018
76,Alysia,Baybutt,abaybutt23@blogspot.com,Female,1/12/2018
77,Sigfried,Hawthorne,shawthorne24@gmpg.org,Male,6/7/2018
78,Angy,Ruffy,aruffy25@ca.gov,Female,12/6/2018
79,Edyth,Handman,ehandman26@amazon.de,Female,2/19/2018
80,Abigale,Dufton,adufton27@webeden.co.uk,Female,9/30/2018
81,Gigi,Schwandner,gschwandner28@dailymotion.com,Female,8/3/2018
82,Benjamen,Esposita,besposita29@webmd.com,Male,9/28/2018
83,Kyle,Haly,khaly2a@patch.com,Male,1/21/2018
84,Jobina,Collison,jcollison2b@liveinternet.ru,Female,3/27/2018
85,Aila,Montague,amontague2c@dell.com,Female,8/18/2018
86,Gerianna,Vaughan,gvaughan2d@list-manage.com,Female,1/10/2018
87,Viv,Antonietti,vantonietti2e@elpais.com,Female,2/4/2018
88,Lottie,Statersfield,lstatersfield2f@csmonitor.com,Female,2/10/2018
89,Benedict,Steere,bsteere2g@samsung.com,Male,10/19/2018
90,Cassondra,Drewitt,cdrewitt2h@ycombinator.com,Female,4/21/2018
91,Reagan,Klaaasen,rklaaasen2i@ovh.net,Male,10/20/2018
92,Dewain,Guilloton,dguilloton2j@com.com,Male,12/9/2018
93,Garvin,Patinkin,gpatinkin2k@prnewswire.com,Male,9/5/2018
94,Rhoda,Beiderbeck,rbeiderbeck2l@dmoz.org,Female,2/13/2018
95,Enrika,Fragino,efragino2m@imgur.com,Female,11/28/2018
96,Gifford,Keats,gkeats2n@spotify.com,Male,12/16/2017
97,Cherianne,Fossord,cfossord2o@drupal.org,Female,3/25/2018
98,Micki,Dossettor,mdossettor2p@twitpic.com,Female,4/9/2018
99,Sergio,Olliffe,solliffe2q@umn.edu,Male,9/9/2018
100,Uriah,Adicot,uadicot2r@unicef.org,Male,5/27/2018
101,Onofredo,Silverstone,osilverstone2s@wufoo.com,Male,7/11/2018
102,Hallsy,Button,hbutton2t@taobao.com,Male,10/26/2018
103,Lynea,Tedder,ltedder2u@google.co.uk,Female,5/2/2018
104,Isahella,Shewery,ishewery2v@squarespace.com,Female,5/27/2018
105,Krystyna,Rochford,krochford2w@spiegel.de,Female,6/29/2018
106,Clarette,Narrie,cnarrie2x@hexun.com,Female,5/22/2018
107,Robina,Troni,rtroni2y@army.mil,Female,10/15/2018
108,Morena,Jestico,mjestico2z@51.la,Female,10/25/2018
109,Kanya,Sharpe,ksharpe30@mapy.cz,Female,5/9/2018
110,Glenda,Dilks,gdilks31@examiner.com,Female,4/16/2018
111,Arvie,Gaitley,agaitley32@cbslocal.com,Male,10/18/2018
112,Alfredo,Bateson,abateson33@over-blog.com,Male,9/23/2018
113,Bradney,Hallstone,bhallstone34@census.gov,Male,12/16/2017
114,Vasilis,Krikorian,vkrikorian35@4shared.com,Male,4/6/2018
115,Clarance,Weston,cweston36@youtube.com,Male,6/7/2018
116,Marylou,Avramovitz,mavramovitz37@linkedin.com,Female,3/16/2018
117,Henryetta,Lunge,hlunge38@example.com,Female,4/16/2018
118,Danya,Wimlet,dwimlet39@theguardian.com,Female,3/19/2018
119,Arlen,Karpychev,akarpychev3a@springer.com,Female,3/22/2018
120,Virgina,Rilings,vrilings3b@csmonitor.com,Female,10/23/2018
121,Hal,Tague,htague3c@tamu.edu,Male,3/27/2018
122,Gus,Jurzyk,gjurzyk3d@va.gov,Male,5/7/2018
123,Robbyn,Hallowell,rhallowell3e@naver.com,Female,8/2/2018
124,Bennie,Ingarfield,bingarfield3f@sphinn.com,Male,12/14/2017
125,Candida,Foulis,cfoulis3g@nhs.uk,Female,11/28/2018
126,Iggie,Shermar,ishermar3h@github.io,Male,2/23/2018
127,Zita,Rodwell,zrodwell3i@psu.edu,Female,6/7/2018
128,Walt,Moraleda,wmoraleda3j@prnewswire.com,Male,11/30/2018
129,Klaus,Burden,kburden3k@upenn.edu,Male,10/20/2018
130,Carilyn,Axtell,caxtell3l@cbsnews.com,Female,8/14/2018
131,Leah,Fishbourn,lfishbourn3m@nba.com,Female,2/17/2018
132,Vincenz,Brane,vbrane3n@youtu.be,Male,2/18/2018
133,Meridel,Samart,msamart3o@reuters.com,Female,1/22/2018
134,Maudie,Hamley,mhamley3p@elegantthemes.com,Female,7/29/2018
135,Cordula,Strathman,cstrathman3q@people.com.cn,Female,11/28/2018
136,Carey,Vickerman,cvickerman3r@loc.gov,Male,5/4/2018
137,Kahlil,Meysham,kmeysham3s@ucla.edu,Male,9/8/2018
138,Etienne,Whittenbury,ewhittenbury3t@sun.com,Male,1/30/2018
139,Stillman,Sang,ssang3u@hc360.com,Male,9/21/2018
140,Woody,Whiteway,wwhiteway3v@usgs.gov,Male,7/9/2018
141,Jard,Vinson,jvinson3w@flavors.me,Male,1/25/2018
142,Giacomo,Burfitt,gburfitt3x@odnoklassniki.ru,Male,5/20/2018
143,Patience,Elcocks,pelcocks3y@huffingtonpost.com,Female,11/25/2018
144,Jameson,Gabbatiss,jgabbatiss3z@ucoz.com,Male,5/25/2018
145,Dalila,Methven,dmethven40@goo.gl,Female,6/20/2018
146,Lianne,Twitty,ltwitty41@ifeng.com,Female,1/28/2018
147,Nial,Lucian,nlucian42@harvard.edu,Male,4/7/2018
148,Minny,Blaasch,mblaasch43@nsw.gov.au,Female,12/6/2018
149,Lovell,Huckin,lhuckin44@angelfire.com,Male,3/19/2018
150,Peri,Kleinber,pkleinber45@umich.edu,Female,9/14/2018
151,Pavia,Nise,pnise46@rediff.com,Female,11/29/2018
152,Dulci,Cawley,dcawley47@nsw.gov.au,Female,3/21/2018
153,Eddie,Spinks,espinks48@usatoday.com,Female,8/19/2018
154,Olivia,Phlippi,ophlippi49@meetup.com,Female,9/18/2018
155,Cosette,Kemble,ckemble4a@google.com,Female,4/15/2018
156,Brandyn,Harverson,bharverson4b@mayoclinic.com,Male,4/28/2018
157,Beverlie,Cowhig,bcowhig4c@blinklist.com,Female,9/13/2018
158,Ranna,Cudd,rcudd4d@sciencedaily.com,Female,9/30/2018
159,Guilbert,Follis,gfollis4e@rediff.com,Male,4/23/2018
160,Burt,Hartin,bhartin4f@1und1.de,Male,3/21/2018
161,Raychel,McLarnon,rmclarnon4g@blogger.com,Female,12/21/2017
162,Cliff,Casbourne,ccasbourne4h@cloudflare.com,Male,6/8/2018
163,Liana,Ilive,lilive4i@nps.gov,Female,2/16/2018
164,Cynthy,Boutwell,cboutwell4j@psu.edu,Female,8/11/2018
165,Fulton,Gabbotts,fgabbotts4k@issuu.com,Male,9/30/2018
166,Rob,Malpass,rmalpass4l@arstechnica.com,Male,11/11/2018
167,Meridel,Domek,mdomek4m@usnews.com,Female,3/27/2018
168,Stacey,Baybutt,sbaybutt4n@yale.edu,Female,2/15/2018
169,Evyn,Mostyn,emostyn4o@msu.edu,Male,6/28/2018
170,Hughie,Martinetto,hmartinetto4p@mlb.com,Male,1/5/2018
171,Gardiner,Fawkes,gfawkes4q@arstechnica.com,Male,3/17/2018
172,Scottie,MacKeller,smackeller4r@seattletimes.com,Male,11/17/2018
173,Stefan,Tourmell,stourmell4s@baidu.com,Male,3/14/2018
174,Cosmo,Riggott,criggott4t@istockphoto.com,Male,6/25/2018
175,Wood,Tarver,wtarver4u@wiley.com,Male,12/31/2017
176,Edgardo,Matschke,ematschke4v@instagram.com,Male,2/22/2018
177,Sharyl,Hallbord,shallbord4w@surveymonkey.com,Female,6/1/2018
178,Guglielma,Sterman,gsterman4x@dion.ne.jp,Female,4/5/2018
179,Xerxes,Penrose,xpenrose4y@howstuffworks.com,Male,7/6/2018
180,Marchelle,Deppen,mdeppen4z@quantcast.com,Female,12/2/2018
181,Fabien,Hedlestone,fhedlestone50@1und1.de,Male,5/25/2018
182,Misti,Samarth,msamarth51@ftc.gov,Female,11/10/2018
183,Port,Ghelerdini,pghelerdini52@xrea.com,Male,4/10/2018
184,Jdavie,Simonato,jsimonato53@jiathis.com,Male,9/20/2018
185,Oren,Ambrosoni,oambrosoni54@photobucket.com,Male,7/2/2018
186,Aline,Murrigan,amurrigan55@wsj.com,Female,10/28/2018
187,Justinian,Charley,jcharley56@nydailynews.com,Male,8/23/2018
188,Jaye,Warwick,jwarwick57@nsw.gov.au,Male,2/20/2018
189,Mahmud,Rattery,mrattery58@hatena.ne.jp,Male,1/12/2018
190,Laurianne,Hardin,lhardin59@e-recht24.de,Female,2/2/2018
191,Faber,Irlam,firlam5a@list-manage.com,Male,5/20/2018
192,Boniface,Vinnick,bvinnick5b@mediafire.com,Male,12/8/2018
193,Penny,Wearden,pwearden5c@unesco.org,Female,1/9/2018
194,Lacey,Dyson,ldyson5d@quantcast.com,Female,9/30/2018
195,Ettie,Blondin,eblondin5e@blog.com,Female,7/25/2018
196,Karmen,Le Marquis,klemarquis5f@indiegogo.com,Female,2/24/2018
197,Shurlocke,Mitchell,smitchell5g@admin.ch,Male,3/29/2018
198,Adelbert,MacKerley,amackerley5h@google.pl,Male,10/11/2018
199,Nollie,Bownass,nbownass5i@cnet.com,Male,9/27/2018
200,Madeline,Tindall,mtindall5j@quantcast.com,Female,10/8/2018
201,Gizela,Snedker,gsnedker5k@over-blog.com,Female,4/12/2018
202,Oren,Decroix,odecroix5l@mapquest.com,Male,10/10/2018
203,Dayle,Banville,dbanville5m@mac.com,Female,7/5/2018
204,Hugues,Birkbeck,hbirkbeck5n@mtv.com,Male,4/11/2018
205,Lauree,Beedie,lbeedie5o@google.com,Female,12/1/2018
206,Byron,Terry,bterry5p@msu.edu,Male,11/3/2018
207,Mortie,Trevan,mtrevan5q@samsung.com,Male,4/12/2018
208,Hinda,Bianco,hbianco5r@hc360.com,Female,11/1/2018
209,Betteann,Lumbers,blumbers5s@constantcontact.com,Female,9/17/2018
210,Benedicto,Goullee,bgoullee5t@pcworld.com,Male,6/17/2018
211,De witt,Drinkale,ddrinkale5u@ning.com,Male,8/28/2018
212,Happy,Rowden,hrowden5v@economist.com,Female,10/30/2018
213,Tiphani,Castellaccio,tcastellaccio5w@liveinternet.ru,Female,9/10/2018
214,Henri,Fouch,hfouch5x@addtoany.com,Male,2/7/2018
215,Devon,Rustman,drustman5y@reddit.com,Female,1/25/2018
216,Francesca,Porritt,fporritt5z@drupal.org,Female,12/1/2018
217,Alisander,Suggitt,asuggitt60@nih.gov,Male,6/16/2018
218,Junina,Legrand,jlegrand61@reference.com,Female,4/8/2018
219,Gennie,Tinwell,gtinwell62@dot.gov,Female,7/3/2018
220,Chelsie,Blader,cblader63@nydailynews.com,Female,2/17/2018
221,Sigmund,Lerhinan,slerhinan64@usatoday.com,Male,4/17/2018
222,Alberto,Fragino,afragino65@abc.net.au,Male,3/14/2018
223,Emalia,Willshaw,ewillshaw66@godaddy.com,Female,9/18/2018
224,Hastie,MacGebenay,hmacgebenay67@devhub.com,Male,12/29/2017
225,Godfry,Parram,gparram68@t.co,Male,6/2/2018
226,Lorie,Caren,lcaren69@state.tx.us,Female,8/24/2018
227,Lilli,Heathfield,lheathfield6a@ted.com,Female,11/14/2018
228,Pincus,Herion,pherion6b@nih.gov,Male,5/3/2018
229,Dniren,Sculley,dsculley6c@ask.com,Female,7/18/2018
230,Chloette,Kemble,ckemble6d@redcross.org,Female,10/23/2018
231,Rasia,Nolton,rnolton6e@umn.edu,Female,1/9/2018
232,Melva,Dunmore,mdunmore6f@umich.edu,Female,8/6/2018
233,Lillis,Kubala,lkubala6g@woothemes.com,Female,5/23/2018
234,Vic,Croucher,vcroucher6h@elpais.com,Male,11/10/2018
235,Juli,Fennelly,jfennelly6i@parallels.com,Female,12/29/2017
236,Kimberlyn,McCreedy,kmccreedy6j@pcworld.com,Female,10/23/2018
237,Cassius,Blazeby,cblazeby6k@etsy.com,Male,9/26/2018
238,Samson,Simonin,ssimonin6l@goodreads.com,Male,10/20/2018
239,Lombard,Luparto,lluparto6m@nationalgeographic.com,Male,4/5/2018
240,Gabby,Lynnett,glynnett6n@usa.gov,Male,10/24/2018
241,Gregoor,Kirkbride,gkirkbride6o@wix.com,Male,11/14/2018
242,Alicea,Sievewright,asievewright6p@gnu.org,Female,9/30/2018
243,Anjanette,Gavrielly,agavrielly6q@ox.ac.uk,Female,6/28/2018
244,Maybelle,La Grange,mlagrange6r@japanpost.jp,Female,12/20/2017
245,Oneida,Beames,obeames6s@goo.gl,Female,10/25/2018
246,Luciano,Minchinton,lminchinton6t@wordpress.com,Male,7/24/2018
247,Jorie,Febry,jfebry6u@marriott.com,Female,12/14/2017
248,Crystal,Brittan,cbrittan6v@wired.com,Female,1/6/2018
249,Bert,Coppock.,bcoppock6w@51.la,Male,4/18/2018
250,Ashley,Ellsworthe,aellsworthe6x@dropbox.com,Male,9/16/2018
251,Patton,Oldmeadow,poldmeadow6y@scribd.com,Male,11/17/2018
252,Nolan,Hiers,nhiers6z@usa.gov,Male,3/5/2018
253,Eleanora,Draper,edraper70@guardian.co.uk,Female,5/13/2018
254,Jo,Jeacocke,jjeacocke71@china.com.cn,Female,7/20/2018
255,Freida,Hendriksen,fhendriksen72@springer.com,Female,3/16/2018
256,Devon,Thomassin,dthomassin73@jigsy.com,Female,8/11/2018
257,Waylen,Nurden,wnurden74@acquirethisname.com,Male,10/17/2018
258,Terrence,Pleass,tpleass75@npr.org,Male,1/7/2018
259,Monika,Brome,mbrome76@spiegel.de,Female,4/21/2018
260,Andie,Pree,apree77@yolasite.com,Male,12/13/2017
261,Brigitte,Buttler,bbuttler78@google.it,Female,10/8/2018
262,Jory,Garforth,jgarforth79@163.com,Male,12/14/2017
263,Lockwood,Attrill,lattrill7a@liveinternet.ru,Male,8/21/2018
264,Hope,Temprell,htemprell7b@soundcloud.com,Female,3/4/2018
265,Toddie,Muir,tmuir7c@slashdot.org,Male,4/12/2018
266,Corabel,Mawson,cmawson7d@163.com,Female,11/7/2018
267,Nert,Monument,nmonument7e@shareasale.com,Female,7/31/2018
268,Ruben,Stallibrass,rstallibrass7f@ucla.edu,Male,9/19/2018
269,Dorella,McGrory,dmcgrory7g@edublogs.org,Female,8/31/2018
270,Ros,Rottcher,rrottcher7h@mail.ru,Female,9/2/2018
271,Max,Iacovolo,miacovolo7i@senate.gov,Male,2/20/2018
272,Ted,Halpeine,thalpeine7j@illinois.edu,Female,4/7/2018
273,Jillian,Kettel,jkettel7k@prweb.com,Female,4/3/2018
274,Berkly,Coughan,bcoughan7l@vistaprint.com,Male,9/22/2018
275,Tarrah,Monteaux,tmonteaux7m@google.com,Female,1/30/2018
276,Aldon,Hanstock,ahanstock7n@topsy.com,Male,1/9/2018
277,Isabelita,Carruth,icarruth7o@vistaprint.com,Female,3/4/2018
278,Lisle,Plet,lplet7p@google.pl,Male,5/10/2018
279,Gideon,Ingles,gingles7q@alibaba.com,Male,3/21/2018
280,Tabby,Enders,tenders7r@weibo.com,Female,6/22/2018
281,Priscilla,Perl,pperl7s@arstechnica.com,Female,2/1/2018
282,Nowell,Giovanetti,ngiovanetti7t@state.tx.us,Male,6/21/2018
283,Howard,Dewberry,hdewberry7u@un.org,Male,5/3/2018
284,Toni,Borth,tborth7v@github.io,Female,5/12/2018
285,Granville,Gabbatiss,ggabbatiss7w@hatena.ne.jp,Male,5/3/2018
286,Debbie,Breeze,dbreeze7x@wordpress.org,Female,1/1/2018
287,Luce,Jeannaud,ljeannaud7y@histats.com,Male,11/30/2018
288,Darren,Humes,dhumes7z@phpbb.com,Male,11/21/2018
289,Bari,Epsley,bepsley80@moonfruit.com,Female,11/6/2018
290,Estele,Bagby,ebagby81@merriam-webster.com,Female,3/25/2018
291,Dalli,Sonner,dsonner82@webs.com,Male,5/6/2018
292,Melina,Hess,mhess83@homestead.com,Female,3/3/2018
293,Emmy,Beers,ebeers84@pcworld.com,Male,6/20/2018
294,Terese,Embery,tembery85@opera.com,Female,5/11/2018
295,Dalis,Abbis,dabbis86@addtoany.com,Male,11/21/2018
296,Marianne,Lindenbluth,mlindenbluth87@google.it,Female,3/22/2018
297,Judon,Schoffler,jschoffler88@sfgate.com,Male,7/27/2018
298,Shelli,O'Currigan,socurrigan89@bigcartel.com,Female,12/13/2017
299,Anneliese,Hanshaw,ahanshaw8a@reuters.com,Female,5/23/2018
300,Ruthann,Butler-Bowdon,rbutlerbowdon8b@g.co,Female,8/27/2018
301,Christoforo,Richmond,crichmond8c@oracle.com,Male,12/7/2018
302,Briant,Risdall,brisdall8d@spiegel.de,Male,9/3/2018
303,Janela,Lamplugh,jlamplugh8e@hud.gov,Female,11/4/2018
304,Godwin,Charity,gcharity8f@drupal.org,Male,9/16/2018
305,Ali,Boatright,aboatright8g@usgs.gov,Male,7/27/2018
306,Julie,Harriagn,jharriagn8h@discuz.net,Female,4/9/2018
307,Jameson,Lakenton,jlakenton8i@examiner.com,Male,10/30/2018
308,Jose,Colmer,jcolmer8j@trellian.com,Male,9/27/2018
309,Daisi,Patemore,dpatemore8k@sfgate.com,Female,6/1/2018
310,Ann-marie,Costello,acostello8l@netscape.com,Female,7/22/2018
311,Carney,Carmichael,ccarmichael8m@tinyurl.com,Male,3/5/2018
312,Klarrisa,McLaughlin,kmclaughlin8n@chicagotribune.com,Female,4/18/2018
313,Elsbeth,MacCorkell,emaccorkell8o@biblegateway.com,Female,10/15/2018
314,Gamaliel,Oldfield-Cherry,goldfieldcherry8p@psu.edu,Male,12/22/2017
315,Olly,Kennealy,okennealy8q@networkadvertising.org,Male,10/3/2018
316,Normand,Hayer,nhayer8r@clickbank.net,Male,3/28/2018
317,Nev,Levane,nlevane8s@ycombinator.com,Male,12/8/2018
318,Merci,Hlavac,mhlavac8t@posterous.com,Female,2/25/2018
319,Audre,Corney,acorney8u@twitter.com,Female,10/23/2018
320,Nathan,Isham,nisham8v@microsoft.com,Male,11/2/2018
321,Aurea,Digman,adigman8w@weather.com,Female,11/4/2018
322,Darn,Cashin,dcashin8x@is.gd,Male,6/7/2018
323,Eyde,Gewer,egewer8y@facebook.com,Female,11/21/2018
324,Den,Alenov,dalenov8z@epa.gov,Male,10/11/2018
325,Candie,Abisetti,cabisetti90@gravatar.com,Female,3/9/2018
326,Mirabelle,Silverthorne,msilverthorne91@chicagotribune.com,Female,4/14/2018
327,Ag,Kordas,akordas92@usgs.gov,Female,6/11/2018
328,Sara-ann,Shemmans,sshemmans93@mysql.com,Female,10/19/2018
329,Sherry,Morston,smorston94@irs.gov,Female,8/19/2018
330,Rakel,Coke,rcoke95@google.it,Female,8/31/2018
331,Germain,McTeague,gmcteague96@freewebs.com,Female,12/23/2017
332,Clementius,Pendlebery,cpendlebery97@seesaa.net,Male,3/28/2018
333,Linet,Quixley,lquixley98@virginia.edu,Female,5/28/2018
334,Hollyanne,Watchorn,hwatchorn99@ebay.com,Female,12/7/2018
335,Myrta,Terry,mterry9a@goodreads.com,Female,8/14/2018
336,Doria,Eayres,deayres9b@cnbc.com,Female,4/25/2018
337,Ginevra,Peoples,gpeoples9c@bloglines.com,Female,2/22/2018
338,Hazel,Dedman,hdedman9d@google.nl,Male,4/12/2018
339,Murielle,Leece,mleece9e@creativecommons.org,Female,5/7/2018
340,Blondie,Cometto,bcometto9f@constantcontact.com,Female,1/22/2018
341,Noel,Rummin,nrummin9g@dailymail.co.uk,Female,10/27/2018
342,Rocky,Hatcliffe,rhatcliffe9h@sciencedaily.com,Male,11/6/2018
343,Lincoln,Sallans,lsallans9i@pagesperso-orange.fr,Male,6/27/2018
344,Drusilla,Race,drace9j@discuz.net,Female,11/28/2018
345,Trumann,Gerrelt,tgerrelt9k@mapquest.com,Male,2/1/2018
346,Brade,Gianotti,bgianotti9l@booking.com,Male,8/14/2018
347,Krissy,Hickinbottom,khickinbottom9m@oracle.com,Female,7/13/2018
348,Shalom,McRavey,smcravey9n@shutterfly.com,Male,12/30/2017
349,Georgy,Van Hault,gvanhault9o@nbcnews.com,Male,7/30/2018
350,Steffane,Gerrell,sgerrell9p@sciencedirect.com,Female,10/17/2018
351,Nara,Wragg,nwragg9q@wikipedia.org,Female,12/4/2018
352,Forester,Gainforth,fgainforth9r@merriam-webster.com,Male,12/28/2017
353,Lydon,Slott,lslott9s@blogspot.com,Male,7/17/2018
354,Hazlett,Hooke,hhooke9t@reddit.com,Male,8/18/2018
355,Corbett,Pitt,cpitt9u@addthis.com,Male,1/26/2018
356,Rossy,Jerdan,rjerdan9v@soundcloud.com,Male,1/14/2018
357,Marlane,Firle,mfirle9w@about.com,Female,11/26/2018
358,Mag,Axup,maxup9x@linkedin.com,Female,11/17/2018
359,Rozele,Hayhurst,rhayhurst9y@moonfruit.com,Female,8/29/2018
360,Cesaro,Godsmark,cgodsmark9z@craigslist.org,Male,3/14/2018
361,Gianna,Lanceley,glanceleya0@google.com.hk,Female,9/8/2018
362,Delly,Haug,dhauga1@earthlink.net,Female,12/20/2017
363,Ailyn,Whillock,awhillocka2@cargocollective.com,Female,12/4/2018
364,Bobbee,Pourvoieur,bpourvoieura3@blinklist.com,Female,9/23/2018
365,Seline,Overel,soverela4@alibaba.com,Female,9/25/2018
366,Agna,Kline,aklinea5@statcounter.com,Female,1/25/2018
367,Wilone,Peet,wpeeta6@ifeng.com,Female,10/9/2018
368,Ike,Toner,itonera7@jugem.jp,Male,12/21/2017
369,Marla,Esterbrook,mesterbrooka8@barnesandnoble.com,Female,6/21/2018
370,Tasia,Lynskey,tlynskeya9@topsy.com,Female,4/2/2018
371,Shelton,Edgeon,sedgeonaa@bbb.org,Male,9/12/2018
372,Kathie,Sodor,ksodorab@vistaprint.com,Female,4/2/2018
373,Adoree,Woodard,awoodardac@wiley.com,Female,7/26/2018
374,Nataniel,Farrens,nfarrensad@parallels.com,Male,7/7/2018
375,Easter,Sutworth,esutworthae@meetup.com,Female,3/12/2018
376,Hilliard,Newlands,hnewlandsaf@google.nl,Male,10/8/2018
377,Cirilo,Simenon,csimenonag@google.pl,Male,8/8/2018
378,Thedrick,Hallybone,thallyboneah@so-net.ne.jp,Male,5/28/2018
379,Abel,Hallatt,ahallattai@loc.gov,Male,6/1/2018
380,Risa,Leckenby,rleckenbyaj@diigo.com,Female,8/13/2018
381,Martina,Bairnsfather,mbairnsfatherak@linkedin.com,Female,4/6/2018
382,Peggi,Randerson,prandersonal@deviantart.com,Female,12/17/2017
383,Saloma,Dureden,sduredenam@linkedin.com,Female,2/13/2018
384,Vern,Yakovitch,vyakovitchan@irs.gov,Male,6/21/2018
385,Nikolos,Rangle,nrangleao@blinklist.com,Male,3/27/2018
386,Elaine,Beedell,ebeedellap@gnu.org,Female,1/1/2018
387,Shamus,Berk,sberkaq@arizona.edu,Male,9/8/2018
388,Otto,Tomasz,otomaszar@aboutads.info,Male,5/28/2018
389,Colet,Renard,crenardas@washingtonpost.com,Male,7/1/2018
390,Tildi,Lyfe,tlyfeat@dell.com,Female,7/11/2018
391,Deni,Bucktharp,dbucktharpau@zimbio.com,Female,5/25/2018
392,Aarika,Goalley,agoalleyav@bbc.co.uk,Female,12/15/2017
393,Ambros,O'Nowlan,aonowlanaw@stanford.edu,Male,3/23/2018
394,Courtney,Labrone,clabroneax@slate.com,Male,9/17/2018
395,Ketti,Humphrys,khumphrysay@disqus.com,Female,3/6/2018
396,Ilsa,Whitwham,iwhitwhamaz@time.com,Female,1/10/2018
397,Connie,Squire,csquireb0@adobe.com,Male,8/5/2018
398,Wallie,Polley,wpolleyb1@microsoft.com,Female,11/17/2018
399,Celesta,Pimmocke,cpimmockeb2@bbb.org,Female,4/3/2018
400,Corty,Dudbridge,cdudbridgeb3@barnesandnoble.com,Male,3/2/2018
401,Dale,Ruberry,druberryb4@go.com,Male,8/14/2018
402,Kata,Knipe,kknipeb5@engadget.com,Female,2/11/2018
403,Janek,Ivons,jivonsb6@bbc.co.uk,Male,10/20/2018
404,Harriett,Bodycote,hbodycoteb7@t-online.de,Female,1/9/2018
405,Ari,Cotelard,acotelardb8@so-net.ne.jp,Male,2/26/2018
406,Sven,Faldoe,sfaldoeb9@arstechnica.com,Male,7/23/2018
407,Shurlocke,Greenan,sgreenanba@seattletimes.com,Male,8/3/2018
408,Wit,Grebner,wgrebnerbb@quantcast.com,Male,5/31/2018
409,Baudoin,Slader,bsladerbc@1und1.de,Male,12/24/2017
410,Cyrill,Lippitt,clippittbd@github.com,Male,9/22/2018
411,Kathye,Paydon,kpaydonbe@timesonline.co.uk,Female,6/17/2018
412,Lyon,De Angelo,ldeangelobf@wikimedia.org,Male,4/29/2018
413,Pete,Purchall,ppurchallbg@miibeian.gov.cn,Male,3/9/2018
414,Gian,Moorcroft,gmoorcroftbh@ft.com,Male,8/23/2018
415,Fey,Goodfield,fgoodfieldbi@nih.gov,Female,7/20/2018
416,Misty,Corinton,mcorintonbj@miitbeian.gov.cn,Female,8/1/2018
417,Esma,Woolnough,ewoolnoughbk@alexa.com,Female,9/20/2018
418,Sophronia,Troker,strokerbl@nih.gov,Female,5/6/2018
419,Tally,Hamel,thamelbm@webnode.com,Male,5/9/2018
420,Gareth,Molder,gmolderbn@skyrock.com,Male,7/13/2018
421,Saw,Tosdevin,stosdevinbo@wsj.com,Male,6/24/2018
422,Hadley,Skillett,hskillettbp@de.vu,Male,1/10/2018
423,Helaine,Chitson,hchitsonbq@samsung.com,Female,1/8/2018
424,Wallache,Howman,whowmanbr@symantec.com,Male,1/3/2018
425,Sanderson,O'Hickey,sohickeybs@ucoz.com,Male,2/20/2018
426,Glenn,Giacobilio,ggiacobiliobt@diigo.com,Male,6/4/2018
427,Marita,Trinkwon,mtrinkwonbu@psu.edu,Female,2/10/2018
428,Mariette,Skeggs,mskeggsbv@1688.com,Female,1/24/2018
429,Deva,Hawker,dhawkerbw@census.gov,Female,9/12/2018
430,Clement,Taffee,ctaffeebx@ebay.com,Male,11/23/2018
431,Guillema,Padson,gpadsonby@domainmarket.com,Female,2/16/2018
432,Cordelia,Joinson,cjoinsonbz@twitpic.com,Female,3/29/2018
433,Emerson,Ferrand,eferrandc0@i2i.jp,Male,10/28/2018
434,Mommy,Kauschke,mkauschkec1@reverbnation.com,Female,10/28/2018
435,Grazia,Prendergast,gprendergastc2@accuweather.com,Female,12/6/2018
436,Glenna,Dohrmann,gdohrmannc3@t.co,Female,7/1/2018
437,Shellie,Barrett,sbarrettc4@fda.gov,Female,2/14/2018
438,Tate,Jouhning,tjouhningc5@tripadvisor.com,Female,11/25/2018
439,Norbert,Mingard,nmingardc6@accuweather.com,Male,6/5/2018
440,Pet,Opdenort,popdenortc7@icio.us,Female,1/4/2018
441,Lynette,Blaes,lblaesc8@google.fr,Female,4/5/2018
442,Lura,L' Anglois,llangloisc9@dyndns.org,Female,1/29/2018
443,Karoline,Lumly,klumlyca@blinklist.com,Female,5/17/2018
444,Frazer,Lowrance,flowrancecb@lulu.com,Male,11/28/2018
445,Andriette,Houchin,ahouchincc@vistaprint.com,Female,10/4/2018
446,Tristam,Klamp,tklampcd@linkedin.com,Male,1/16/2018
447,Carlota,Enever,ceneverce@virginia.edu,Female,9/7/2018
448,Goldie,Larby,glarbycf@google.cn,Female,12/23/2017
449,Keeley,Pree,kpreecg@geocities.jp,Female,6/17/2018
450,Cass,MacNess,cmacnessch@mashable.com,Male,3/11/2018
451,Robbert,Easlea,reasleaci@apple.com,Male,5/21/2018
452,Kurt,Tempest,ktempestcj@exblog.jp,Male,4/16/2018
453,Rosina,McGrudder,rmcgrudderck@bbc.co.uk,Female,11/11/2018
454,Kenny,Tilberry,ktilberrycl@wix.com,Male,1/27/2018
455,Aguistin,Fishburn,afishburncm@histats.com,Male,7/20/2018
456,Saloma,Dowdall,sdowdallcn@over-blog.com,Female,1/20/2018
457,Papageno,Baglow,pbaglowco@booking.com,Male,6/3/2018
458,Teodorico,Arrighi,tarrighicp@4shared.com,Male,7/27/2018
459,Saundra,Wissbey,swissbeycq@pbs.org,Male,12/20/2017
460,Neda,Maraga,nmaragacr@google.fr,Female,5/26/2018
461,Cheston,Feldon,cfeldoncs@cornell.edu,Male,3/22/2018
462,Marlo,Luis,mluisct@cnet.com,Male,6/13/2018
463,Sebastien,Lethardy,slethardycu@about.com,Male,5/9/2018
464,Tara,Wollers,twollerscv@timesonline.co.uk,Female,7/5/2018
465,Doria,Sapp,dsappcw@acquirethisname.com,Female,8/25/2018
466,Amble,Munslow,amunslowcx@edublogs.org,Male,10/19/2018
467,Lonna,Blackaby,lblackabycy@gravatar.com,Female,11/23/2018
468,Shelley,Benham,sbenhamcz@npr.org,Female,3/20/2018
469,Woody,Eberst,weberstd0@un.org,Male,4/14/2018
470,Quincy,Favey,qfaveyd1@discovery.com,Male,12/5/2018
471,Florella,Howselee,fhowseleed2@skype.com,Female,7/31/2018
472,Felita,Alenin,falenind3@wired.com,Female,3/6/2018
473,Barbe,Bote,bboted4@independent.co.uk,Female,12/17/2017
474,Catlin,Ceci,ccecid5@fotki.com,Female,2/27/2018
475,Darius,Skegg,dskeggd6@nature.com,Male,11/17/2018
476,Ginelle,Everson,geversond7@toplist.cz,Female,2/27/2018
477,Davidson,Tournie,dtournied8@xing.com,Male,11/4/2018
478,Kent,Corrin,kcorrind9@drupal.org,Male,4/16/2018
479,Willdon,Duffy,wduffyda@shinystat.com,Male,2/12/2018
480,Chase,Cuttler,ccuttlerdb@deliciousdays.com,Male,2/15/2018
481,Claudette,Earengey,cearengeydc@gnu.org,Female,6/14/2018
482,Angie,Sydes,asydesdd@example.com,Male,8/7/2018
483,Gilbertine,Cordery,gcorderyde@bravesites.com,Female,12/15/2017
484,Edy,Duff,eduffdf@quantcast.com,Female,5/7/2018
485,Lanae,Latter,llatterdg@smugmug.com,Female,3/2/2018
486,Caria,Yurygyn,cyurygyndh@umich.edu,Female,12/24/2017
487,Merrilee,Brammar,mbrammardi@bloglines.com,Female,7/5/2018
488,Adolphus,Vitte,avittedj@joomla.org,Male,5/12/2018
489,Fredrika,Lewer,flewerdk@craigslist.org,Female,12/11/2017
490,Harwell,Le Lievre,hlelievredl@chronoengine.com,Male,6/29/2018
491,Ninnette,Yeeles,nyeelesdm@gnu.org,Female,4/2/2018
492,Freddie,Glassford,fglassforddn@dyndns.org,Female,9/24/2018
493,Gustave,Swayne,gswaynedo@imgur.com,Male,2/15/2018
494,Reinold,Geroldini,rgeroldinidp@weather.com,Male,5/9/2018
495,Tomaso,Renachowski,trenachowskidq@jugem.jp,Male,5/19/2018
496,Aveline,Horsburgh,ahorsburghdr@paypal.com,Female,8/20/2018
497,Ediva,Humm,ehummds@ameblo.jp,Female,5/10/2018
498,Niles,Cock,ncockdt@mapquest.com,Male,9/5/2018
499,Jack,Gagan,jgagandu@nationalgeographic.com,Male,1/13/2018
500,Nathanial,McCarty,nmccartydv@yale.edu,Male,8/10/2018
501,Brynn,Di Biasio,bdibiasiodw@stumbleupon.com,Female,1/31/2018
502,Mercedes,Dugood,mdugooddx@ox.ac.uk,Female,5/4/2018
503,Westleigh,Nutbean,wnutbeandy@nba.com,Male,10/14/2018
504,Barrett,Durdle,bdurdledz@skyrock.com,Male,7/5/2018
505,Johnny,Choffin,jchoffine0@usda.gov,Male,9/4/2018
506,Afton,Lidgett,alidgette1@usda.gov,Female,8/16/2018
507,Philip,Stanion,pstanione2@google.ca,Male,4/13/2018
508,Leland,Gooms,lgoomse3@biglobe.ne.jp,Male,11/15/2018
509,Bianca,Moquin,bmoquine4@google.com.hk,Female,8/31/2018
510,Roderick,Huggett,rhuggette5@exblog.jp,Male,9/17/2018
511,Rossie,Esberger,resbergere6@typepad.com,Male,11/12/2018
512,Gabi,Pettett,gpettette7@macromedia.com,Male,5/10/2018
513,Egan,Taaffe,etaaffee8@google.com.br,Male,7/2/2018
514,Darby,Tracy,dtracye9@imageshack.us,Male,5/3/2018
515,Bab,Errett,berrettea@businesswire.com,Female,2/16/2018
516,Vite,Stubbs,vstubbseb@dedecms.com,Male,12/25/2017
517,Dionis,Willgrass,dwillgrassec@goo.ne.jp,Female,1/24/2018
518,Sherlock,Tettersell,stetterselled@deviantart.com,Male,12/29/2017
519,Abbye,Oldknowe,aoldknoweee@phoca.cz,Female,1/21/2018
520,Thadeus,Panter,tpanteref@studiopress.com,Male,4/19/2018
521,Bowie,Lightbourn,blightbourneg@usatoday.com,Male,10/8/2018
522,Michal,Clemo,mclemoeh@yahoo.co.jp,Female,7/24/2018
523,Pattin,Sail,psailei@g.co,Male,5/13/2018
524,Toma,Dunsleve,tdunsleveej@opera.com,Female,7/31/2018
525,Robby,Liverseege,rliverseegeek@biglobe.ne.jp,Male,7/8/2018
526,Tracey,Iannazzi,tiannazziel@wisc.edu,Female,12/8/2018
527,Gale,Wanless,gwanlessem@webs.com,Female,5/1/2018
528,Silvain,Wisdish,swisdishen@ifeng.com,Male,2/11/2018
529,Nevsa,Elsey,nelseyeo@oakley.com,Female,9/17/2018
530,Faunie,Hellens,fhellensep@noaa.gov,Female,10/25/2018
531,Nathan,Kelsall,nkelsalleq@github.com,Male,12/20/2017
532,Saba,Schafer,sschaferer@omniture.com,Female,3/11/2018
533,Mignon,Rubinshtein,mrubinshteines@comsenz.com,Female,9/13/2018
534,Minni,Blakeley,mblakeleyet@unblog.fr,Female,1/28/2018
535,Marlyn,Vials,mvialseu@plala.or.jp,Female,4/29/2018
536,Nikki,Sloley,nsloleyev@paginegialle.it,Female,11/27/2018
537,Jewel,Hubbocks,jhubbocksew@netscape.com,Female,11/3/2018
538,Minerva,Kellart,mkellartex@apache.org,Female,10/23/2018
539,Gasparo,Frawley,gfrawleyey@sphinn.com,Male,7/23/2018
540,Gilberte,Buckbee,gbuckbeeez@amazonaws.com,Female,6/27/2018
541,Rosalinde,Darlison,rdarlisonf0@vk.com,Female,3/16/2018
542,Rafferty,Reace,rreacef1@un.org,Male,8/17/2018
543,Audie,Glass,aglassf2@cdc.gov,Female,11/29/2018
544,Eugene,McCaffery,emccafferyf3@yelp.com,Male,5/29/2018
545,Raina,Easlea,reasleaf4@virginia.edu,Female,7/15/2018
546,Kassandra,Suller,ksullerf5@ycombinator.com,Female,8/11/2018
547,Jordan,Cornborough,jcornboroughf6@patch.com,Female,1/7/2018
548,Kellie,Havercroft,khavercroftf7@newsvine.com,Female,1/12/2018
549,Aland,Kelsey,akelseyf8@unesco.org,Male,9/1/2018
550,Kacie,Burger,kburgerf9@uiuc.edu,Female,7/6/2018
551,Terry,Symper,tsymperfa@uol.com.br,Male,3/19/2018
552,Lemmy,Sawbridge,lsawbridgefb@nature.com,Male,6/30/2018
553,Keriann,Pouton,kpoutonfc@stumbleupon.com,Female,5/26/2018
554,Shadow,Fagge,sfaggefd@goodreads.com,Male,1/21/2018
555,Adair,Crucetti,acrucettife@e-recht24.de,Male,5/1/2018
556,Lauren,Pallatina,lpallatinaff@tinyurl.com,Male,1/20/2018
557,Virginia,Gilleon,vgilleonfg@godaddy.com,Female,6/5/2018
558,Roobbie,Greenhill,rgreenhillfh@ca.gov,Female,1/1/2018
559,Fannie,Kivelle,fkivellefi@google.it,Female,7/22/2018
560,Shannen,Ballay,sballayfj@google.es,Female,9/12/2018
561,Bevan,Spatoni,bspatonifk@bravesites.com,Male,9/29/2018
562,Aimil,Pele,apelefl@t.co,Female,5/17/2018
563,Somerset,Brumhead,sbrumheadfm@usgs.gov,Male,7/11/2018
564,Morgen,Doey,mdoeyfn@twitter.com,Male,7/24/2018
565,Adele,Dives,adivesfo@booking.com,Female,12/27/2017
566,Abbie,Godain,agodainfp@businessinsider.com,Female,1/9/2018
567,Gloriana,Milella,gmilellafq@prweb.com,Female,2/16/2018
568,Del,Goose,dgoosefr@bizjournals.com,Female,9/25/2018
569,Paolina,Blacket,pblacketfs@sciencedaily.com,Female,7/4/2018
570,Waverley,Sirr,wsirrft@mashable.com,Male,6/18/2018
571,Steffi,Di Ruggero,sdiruggerofu@aol.com,Female,9/23/2018
572,Evania,Been,ebeenfv@drupal.org,Female,8/23/2018
573,Brooks,Cuerda,bcuerdafw@yelp.com,Female,1/27/2018
574,Lorant,Beaglehole,lbeagleholefx@oracle.com,Male,8/2/2018
575,Marin,Cridlin,mcridlinfy@uiuc.edu,Female,8/17/2018
576,Eimile,Tassell,etassellfz@squidoo.com,Female,9/8/2018
577,Brooke,Rigler,briglerg0@hexun.com,Male,10/16/2018
578,Sheelagh,De Lascy,sdelascyg1@mit.edu,Female,8/13/2018
579,Alden,Swaite,aswaiteg2@ft.com,Male,4/17/2018
580,Jemima,MacAlpin,jmacalping3@pagesperso-orange.fr,Female,11/24/2018
581,Kaleena,Veillard,kveillardg4@addthis.com,Female,8/11/2018
582,Georgetta,Sarah,gsarahg5@dell.com,Female,11/9/2018
583,Corissa,Wolstencroft,cwolstencroftg6@jalbum.net,Female,3/12/2018
584,Izaak,Edwardes,iedwardesg7@google.com.hk,Male,1/31/2018
585,Art,Gallen,agalleng8@goodreads.com,Male,12/23/2017
586,Ertha,Messier,emessierg9@tinypic.com,Female,5/29/2018
587,Ivan,Indgs,iindgsga@cocolog-nifty.com,Male,1/13/2018
588,Brandy,Stoltz,bstoltzgb@oaic.gov.au,Female,6/13/2018
589,Homere,Perrelli,hperrelligc@sohu.com,Male,10/27/2018
590,Ciro,Townshend,ctownshendgd@omniture.com,Male,12/24/2017
591,Kristal,Blyth,kblythge@narod.ru,Female,3/26/2018
592,Adrian,Mewes,amewesgf@cpanel.net,Male,11/2/2018
593,Stillmann,Ponnsett,sponnsettgg@phpbb.com,Male,3/27/2018
594,Darrin,Landes,dlandesgh@shop-pro.jp,Male,1/3/2018
595,Kaela,Crollman,kcrollmangi@whitehouse.gov,Female,4/27/2018
596,Adamo,Ferris,aferrisgj@home.pl,Male,8/16/2018
597,Nolan,Aleksankov,naleksankovgk@microsoft.com,Male,6/7/2018
598,Kenn,Baudinet,kbaudinetgl@apache.org,Male,5/8/2018
599,Mead,Ife,mifegm@technorati.com,Male,1/5/2018
600,Eric,Dady,edadygn@ycombinator.com,Male,6/28/2018
601,Mitchael,Castaner,mcastanergo@free.fr,Male,12/29/2017
602,Florencia,O' Cloney,focloneygp@usnews.com,Female,3/5/2018
603,Klarrisa,Scranney,kscranneygq@mac.com,Female,1/22/2018
604,Marcile,Sprigg,msprigggr@time.com,Female,7/2/2018
605,Rafferty,Mueller,rmuellergs@woothemes.com,Male,2/11/2018
606,Ker,Massel,kmasselgt@miibeian.gov.cn,Male,8/9/2018
607,Inez,Sandyfirth,isandyfirthgu@csmonitor.com,Female,5/31/2018
608,Maximilien,Barthelemy,mbarthelemygv@qq.com,Male,9/15/2018
609,Jessika,Fairburne,jfairburnegw@sogou.com,Female,8/20/2018
610,Duncan,Drakeford,ddrakefordgx@bing.com,Male,12/28/2017
611,Willy,Kennard,wkennardgy@pcworld.com,Male,10/3/2018
612,Claiborne,Scolding,cscoldinggz@ezinearticles.com,Male,12/20/2017
613,Corabella,Brunel,cbrunelh0@com.com,Female,5/12/2018
614,Darryl,Feaver,dfeaverh1@craigslist.org,Male,9/27/2018
615,Lorrayne,Iscowitz,liscowitzh2@google.ru,Female,9/1/2018
616,Connie,Phipps,cphippsh3@nasa.gov,Male,3/23/2018
617,Obediah,Liggins,oligginsh4@mlb.com,Male,7/10/2018
618,Filmer,Brimham,fbrimhamh5@fastcompany.com,Male,6/20/2018
619,Welby,Simcock,wsimcockh6@ocn.ne.jp,Male,9/12/2018
620,Freemon,Norris,fnorrish7@hp.com,Male,9/24/2018
621,Kristy,Olekhov,kolekhovh8@ifeng.com,Female,6/8/2018
622,Molly,Amer,mamerh9@ovh.net,Female,6/2/2018
623,Asher,Dadd,adaddha@symantec.com,Male,8/17/2018
624,Nickolai,Gillmor,ngillmorhb@clickbank.net,Male,5/22/2018
625,Solomon,Chitson,schitsonhc@newyorker.com,Male,1/1/2018
626,Noemi,Ferri,nferrihd@wisc.edu,Female,2/8/2018
627,Harlen,Galey,hgaleyhe@i2i.jp,Male,3/17/2018
628,Reggie,Mc Kellen,rmckellenhf@com.com,Male,8/21/2018
629,Kareem,Pennini,kpenninihg@nhs.uk,Male,3/3/2018
630,Mallissa,Borer,mborerhh@bloglovin.com,Female,8/6/2018
631,Elna,Huckett,ehucketthi@cnet.com,Female,12/25/2017
632,Maximo,Colomb,mcolombhj@sun.com,Male,9/20/2018
633,Margalo,Gateland,mgatelandhk@ocn.ne.jp,Female,7/3/2018
634,Thurston,Bodocs,tbodocshl@stanford.edu,Male,9/26/2018
635,Denny,Josselsohn,djosselsohnhm@techcrunch.com,Female,5/6/2018
636,Matthiew,Meldrum,mmeldrumhn@upenn.edu,Male,3/22/2018
637,Bronson,Cahey,bcaheyho@newyorker.com,Male,8/7/2018
638,Clemmie,Brewerton,cbrewertonhp@walmart.com,Female,3/10/2018
639,Nevins,Thorp,nthorphq@infoseek.co.jp,Male,10/27/2018
640,Dal,Linstead,dlinsteadhr@biglobe.ne.jp,Male,9/23/2018
641,Othilie,Gaffney,ogaffneyhs@businesswire.com,Female,5/7/2018
642,Ryley,Skoate,rskoateht@bravesites.com,Male,1/23/2018
643,Baron,Bloomfield,bbloomfieldhu@last.fm,Male,9/19/2018
644,Emilee,Yakubovics,eyakubovicshv@economist.com,Female,9/26/2018
645,Jammal,Abell,jabellhw@wufoo.com,Male,10/22/2018
646,Kerrie,Doward,kdowardhx@sfgate.com,Female,3/30/2018
647,Alie,Fazan,afazanhy@mapy.cz,Female,2/8/2018
648,Reagan,Apthorpe,rapthorpehz@ca.gov,Male,8/18/2018
649,Eduard,Pauleit,epauleiti0@omniture.com,Male,8/7/2018
650,Veda,Niesel,vnieseli1@elpais.com,Female,9/13/2018
651,Geno,Kobpa,gkobpai2@google.com.br,Male,6/27/2018
652,Lizbeth,Tranckle,ltrancklei3@uol.com.br,Female,2/26/2018
653,Kaitlynn,Dominighi,kdominighii4@google.ru,Female,3/6/2018
654,Martica,Worters,mwortersi5@foxnews.com,Female,11/1/2018
655,Alexandrina,Penberthy,apenberthyi6@privacy.gov.au,Female,11/30/2018
656,Barn,Redmayne,bredmaynei7@tinypic.com,Male,2/7/2018
657,Malcolm,Binton,mbintoni8@bbb.org,Male,7/27/2018
658,Georges,Hallick,ghallicki9@ameblo.jp,Male,3/28/2018
659,Juieta,Sheekey,jsheekeyia@moonfruit.com,Female,7/11/2018
660,Benjamen,Kennington,bkenningtonib@irs.gov,Male,3/23/2018
661,Kirsteni,Mallaby,kmallabyic@oakley.com,Female,2/4/2018
662,Lyndsay,Vanacci,lvanacciid@com.com,Female,3/4/2018
663,Melosa,Borrows,mborrowsie@bing.com,Female,6/6/2018
664,Ado,Ennor,aennorif@nih.gov,Male,2/10/2018
665,Alfy,Blackboro,ablackboroig@webeden.co.uk,Male,6/6/2018
666,Cullie,Christou,cchristouih@eventbrite.com,Male,7/14/2018
667,Larissa,Beston,lbestonii@ihg.com,Female,3/15/2018
668,Rufe,Bennie,rbennieij@acquirethisname.com,Male,11/29/2018
669,Huntlee,Medlen,hmedlenik@businesswire.com,Male,11/30/2018
670,Sherman,Prisley,sprisleyil@indiegogo.com,Male,10/5/2018
671,Riva,Sedgeworth,rsedgeworthim@paypal.com,Female,4/18/2018
672,Arabele,Pischoff,apischoffin@artisteer.com,Female,6/6/2018
673,Kin,Mellmer,kmellmerio@accuweather.com,Male,10/10/2018
674,Olimpia,Markie,omarkieip@epa.gov,Female,12/31/2017
675,Daryl,Issacoff,dissacoffiq@hubpages.com,Female,3/22/2018
676,Erena,Omrod,eomrodir@virginia.edu,Female,6/19/2018
677,Cinda,Weavers,cweaversis@digg.com,Female,10/25/2018
678,Gun,Nathon,gnathonit@examiner.com,Male,6/24/2018
679,Melodie,Utridge,mutridgeiu@abc.net.au,Female,3/2/2018
680,Erinna,Perin,eperiniv@woothemes.com,Female,11/2/2018
681,Waldemar,Burgan,wburganiw@nymag.com,Male,3/10/2018
682,Wilfred,Rydeard,wrydeardix@mlb.com,Male,6/3/2018
683,Bobbie,Le feaver,blefeaveriy@hao123.com,Male,5/9/2018
684,Minette,Cartmael,mcartmaeliz@ft.com,Female,11/24/2018
685,Garrick,Matusiak,gmatusiakj0@youku.com,Male,3/21/2018
686,Tremayne,Okill,tokillj1@gnu.org,Male,5/24/2018
687,Allison,Snowden,asnowdenj2@people.com.cn,Female,9/21/2018
688,Karmen,Hawarden,khawardenj3@woothemes.com,Female,12/5/2018
689,Cesar,Dimitriou,cdimitriouj4@oakley.com,Male,10/5/2018
690,Tatum,Tough,ttoughj5@dedecms.com,Female,4/1/2018
691,Vincenty,Menezes,vmenezesj6@shinystat.com,Male,4/21/2018
692,Crin,Handman,chandmanj7@businesswire.com,Female,9/26/2018
693,Arte,Hardi,ahardij8@time.com,Male,1/11/2018
694,Nester,Filchagin,nfilchaginj9@quantcast.com,Male,1/31/2018
695,Alison,Einchcombe,aeinchcombeja@globo.com,Female,9/19/2018
696,Konstantine,Snoday,ksnodayjb@gravatar.com,Male,7/4/2018
697,Merill,Carvil,mcarviljc@bravesites.com,Male,6/16/2018
698,Teodoor,Daniel,tdanieljd@home.pl,Male,8/3/2018
699,Bab,Vinick,bvinickje@theguardian.com,Female,1/30/2018
700,Lynna,Bucksey,lbuckseyjf@flickr.com,Female,11/5/2018
701,Gardiner,Salerg,gsalergjg@eepurl.com,Male,6/18/2018
702,Jobye,Carnson,jcarnsonjh@blogspot.com,Female,6/1/2018
703,Willamina,Staley,wstaleyji@icq.com,Female,10/23/2018
704,Sidonnie,Bende,sbendejj@netvibes.com,Female,12/19/2017
705,Flynn,Slograve,fslogravejk@nih.gov,Male,6/3/2018
706,Isac,Ryce,irycejl@sitemeter.com,Male,6/24/2018
707,Kath,Mancktelow,kmancktelowjm@de.vu,Female,12/30/2017
708,Rem,Stubbley,rstubbleyjn@google.co.jp,Male,7/24/2018
709,Storm,Chazier,schazierjo@tripod.com,Female,11/19/2018
710,Leena,Shavel,lshaveljp@blinklist.com,Female,3/18/2018
711,Sheff,Hemphill,shemphilljq@wp.com,Male,2/20/2018
712,Justus,Genny,jgennyjr@theatlantic.com,Male,10/24/2018
713,Ram,Wear,rwearjs@wisc.edu,Male,4/28/2018
714,Davidde,Abreheart,dabreheartjt@tuttocitta.it,Male,4/28/2018
715,Susanna,Undy,sundyju@oracle.com,Female,6/23/2018
716,Isidor,Addis,iaddisjv@posterous.com,Male,12/21/2017
717,Adel,Stidston,astidstonjw@ted.com,Female,8/3/2018
718,Staford,McEvilly,smcevillyjx@miibeian.gov.cn,Male,3/11/2018
719,Hayes,Allmen,hallmenjy@123-reg.co.uk,Male,1/13/2018
720,Arlene,Biever,abieverjz@whitehouse.gov,Female,3/30/2018
721,Skelly,Ferran,sferrank0@bloomberg.com,Male,6/15/2018
722,Brook,Bilson,bbilsonk1@youtube.com,Male,12/28/2017
723,Florance,Shooter,fshooterk2@skyrock.com,Female,2/21/2018
724,Jami,Filewood,jfilewoodk3@salon.com,Female,12/1/2018
725,Olivero,Holbarrow,oholbarrowk4@nih.gov,Male,12/11/2017
726,Clem,Zielinski,czielinskik5@facebook.com,Male,8/21/2018
727,Pam,Crut,pcrutk6@dailymail.co.uk,Female,7/7/2018
728,Jud,Boulding,jbouldingk7@hatena.ne.jp,Male,8/17/2018
729,Valera,Quan,vquank8@bravesites.com,Female,12/11/2017
730,Dame,Taylot,dtaylotk9@sourceforge.net,Male,11/23/2018
731,Desmond,Privett,dprivettka@furl.net,Male,3/31/2018
732,Nancie,Hanscom,nhanscomkb@bloomberg.com,Female,2/20/2018
733,Welbie,Mannix,wmannixkc@narod.ru,Male,7/30/2018
734,Norman,Robillart,nrobillartkd@goo.gl,Male,10/13/2018
735,Latisha,Sowle,lsowleke@foxnews.com,Female,7/6/2018
736,Crysta,Budibent,cbudibentkf@nih.gov,Female,9/26/2018
737,Hilda,Bleackly,hbleacklykg@google.ca,Female,4/28/2018
738,Ashlie,Giorgielli,agiorgiellikh@ibm.com,Female,5/25/2018
739,Vince,Bert,vbertki@comsenz.com,Male,2/19/2018
740,Brigitta,Sackett,bsackettkj@thetimes.co.uk,Female,8/9/2018
741,Thaxter,Gosenell,tgosenellkk@cpanel.net,Male,2/18/2018
742,Otha,Coughlin,ocoughlinkl@wikipedia.org,Female,4/4/2018
743,Ulrich,Naptin,unaptinkm@kickstarter.com,Male,10/29/2018
744,Jenine,Crosfield,jcrosfieldkn@sogou.com,Female,1/14/2018
745,Jerad,Zukerman,jzukermanko@google.com.au,Male,1/8/2018
746,Tallie,Ovenden,tovendenkp@sphinn.com,Female,7/29/2018
747,Gregg,de Amaya,gdeamayakq@amazon.co.uk,Male,7/31/2018
748,Mair,Simonitto,msimonittokr@istockphoto.com,Female,7/27/2018
749,Jamaal,Barth,jbarthks@bloomberg.com,Male,4/8/2018
750,Rosabelle,Abbotson,rabbotsonkt@histats.com,Female,1/2/2018
751,Brewer,Ainscow,bainscowku@narod.ru,Male,3/27/2018
752,Corey,Mealiffe,cmealiffekv@baidu.com,Female,10/19/2018
753,Fairlie,Straw,fstrawkw@ucsd.edu,Male,11/27/2018
754,Nye,Le Pruvost,nlepruvostkx@geocities.com,Male,1/7/2018
755,Freeman,McAlpine,fmcalpineky@bloglines.com,Male,8/13/2018
756,Osmond,Ocklin,oocklinkz@chron.com,Male,6/14/2018
757,Saudra,Winks,swinksl0@globo.com,Female,11/25/2018
758,Jim,Cowlam,jcowlaml1@privacy.gov.au,Male,6/11/2018
759,Addison,Snelson,asnelsonl2@comsenz.com,Male,5/14/2018
760,Gabriele,Stiven,gstivenl3@japanpost.jp,Male,1/14/2018
761,Sayre,Duguid,sduguidl4@ask.com,Female,8/16/2018
762,Moss,Scroggie,mscroggiel5@irs.gov,Male,7/6/2018
763,Shamus,Kubik,skubikl6@europa.eu,Male,3/2/2018
764,Henry,Perone,hperonel7@nydailynews.com,Male,6/13/2018
765,Barny,Esp,bespl8@smugmug.com,Male,8/29/2018
766,Reggi,Rudolph,rrudolphl9@state.tx.us,Female,5/27/2018
767,Jasen,Cardow,jcardowla@drupal.org,Male,7/9/2018
768,Patton,Van der Son,pvandersonlb@yellowbook.com,Male,10/29/2018
769,Jecho,Kobke,jkobkelc@bandcamp.com,Male,7/5/2018
770,Ethelind,Curtoys,ecurtoysld@issuu.com,Female,3/22/2018
771,Dewey,Wilding,dwildingle@google.de,Male,11/23/2018
772,Max,Ginnaly,mginnalylf@ucla.edu,Female,1/27/2018
773,Kalli,Rosenberger,krosenbergerlg@ihg.com,Female,11/9/2018
774,Wylma,Munt,wmuntlh@intel.com,Female,7/27/2018
775,Kendrick,Dolbey,kdolbeyli@histats.com,Male,5/18/2018
776,Abbot,Skaife d'Ingerthorpe,askaifedingerthorpelj@sciencedirect.com,Male,10/28/2018
777,Linnell,Lensch,llenschlk@upenn.edu,Female,1/10/2018
778,Rudie,Loude,rloudell@macromedia.com,Male,8/21/2018
779,Huberto,Harker,hharkerlm@newsvine.com,Male,4/10/2018
780,Jdavie,McInnery,jmcinneryln@umich.edu,Male,9/6/2018
781,Beltran,Beades,bbeadeslo@google.es,Male,3/3/2018
782,Sharity,Stribbling,sstribblinglp@cargocollective.com,Female,3/21/2018
783,Penn,Drivers,pdriverslq@uol.com.br,Male,5/11/2018
784,Rowen,Fishburn,rfishburnlr@free.fr,Male,2/25/2018
785,Elisha,Febre,efebrels@ucoz.com,Male,12/7/2018
786,Marianna,Abbatucci,mabbatuccilt@1688.com,Female,7/20/2018
787,Blaire,Raynton,brayntonlu@naver.com,Female,12/21/2017
788,Fabe,Prott,fprottlv@state.gov,Male,10/7/2018
789,Sarge,Boutellier,sboutellierlw@ucoz.ru,Male,3/27/2018
790,Ingunna,Dagworthy,idagworthylx@google.es,Female,7/1/2018
791,Tracey,Perroni,tperronily@yellowbook.com,Female,4/29/2018
792,Jeremias,Downe,jdownelz@is.gd,Male,2/23/2018
793,Jase,Dulanty,jdulantym0@drupal.org,Male,12/12/2017
794,Rodie,Dufaire,rdufairem1@delicious.com,Female,3/10/2018
795,Wes,Lightbourne,wlightbournem2@webmd.com,Male,12/21/2017
796,Myrtle,Moyes,mmoyesm3@amazon.com,Female,3/28/2018
797,Nariko,Grayland,ngraylandm4@weather.com,Female,3/25/2018
798,Uri,McGreary,umcgrearym5@digg.com,Male,8/25/2018
799,Bronny,Sidary,bsidarym6@npr.org,Male,3/14/2018
800,Lulu,Cracknell,lcracknellm7@printfriendly.com,Female,8/21/2018
801,Jaclyn,Crimes,jcrimesm8@weebly.com,Female,1/12/2018
802,Trudey,Dillingston,tdillingstonm9@opensource.org,Female,4/12/2018
803,Boote,Ruzic,bruzicma@yandex.ru,Male,2/1/2018
804,Clerkclaude,Bradd,cbraddmb@feedburner.com,Male,6/29/2018
805,Shay,Boak,sboakmc@discovery.com,Female,7/8/2018
806,Hilario,Fulloway,hfullowaymd@illinois.edu,Male,6/1/2018
807,Frasier,Neagle,fneagleme@disqus.com,Male,7/31/2018
808,Annabal,Buckthought,abuckthoughtmf@sohu.com,Female,12/21/2017
809,Ailee,Gontier,agontiermg@liveinternet.ru,Female,10/30/2018
810,Standford,Lunbech,slunbechmh@theatlantic.com,Male,1/6/2018
811,Beck,Whebell,bwhebellmi@mashable.com,Male,9/26/2018
812,Glynnis,Reston,grestonmj@psu.edu,Female,1/6/2018
813,Claiborne,Philott,cphilottmk@sourceforge.net,Male,5/11/2018
814,Devi,Kermott,dkermottml@hhs.gov,Female,10/19/2018
815,Stefania,Shermar,sshermarmm@yolasite.com,Female,2/18/2018
816,Link,Jovovic,ljovovicmn@hc360.com,Male,12/25/2017
817,Hobart,Othick,hothickmo@ucsd.edu,Male,11/22/2018
818,Fredek,Haggard,fhaggardmp@pcworld.com,Male,12/31/2017
819,Boone,Curm,bcurmmq@ca.gov,Male,10/1/2018
820,Veriee,Pay,vpaymr@arizona.edu,Female,11/7/2018
821,Wendell,Hauxby,whauxbyms@baidu.com,Male,11/21/2018
822,Rickey,Luther,rluthermt@indiatimes.com,Male,6/25/2018
823,Conny,Attenbrow,cattenbrowmu@cloudflare.com,Female,9/6/2018
824,Cody,Dowrey,cdowreymv@zimbio.com,Male,5/8/2018
825,Den,Snarie,dsnariemw@answers.com,Male,6/2/2018
826,Filberto,Howarth,fhowarthmx@sourceforge.net,Male,12/27/2017
827,Keriann,Gravett,kgravettmy@posterous.com,Female,12/19/2017
828,Brit,Blacket,bblacketmz@dot.gov,Female,10/16/2018
829,Paulie,D'Aulby,pdaulbyn0@hibu.com,Male,9/7/2018
830,Austina,Barney,abarneyn1@wsj.com,Female,6/8/2018
831,Lothaire,Ashwood,lashwoodn2@people.com.cn,Male,3/6/2018
832,Hans,Glavin,hglavinn3@cdc.gov,Male,1/18/2018
833,Sheffy,Kennermann,skennermannn4@rediff.com,Male,2/15/2018
834,Wallis,Deacock,wdeacockn5@latimes.com,Male,7/10/2018
835,Geoffry,Fearfull,gfearfulln6@goo.gl,Male,9/4/2018
836,Laurent,Crowest,lcrowestn7@networksolutions.com,Male,7/16/2018
837,Cami,Godfery,cgodferyn8@nba.com,Female,10/26/2018
838,Averyl,Hagland,ahaglandn9@kickstarter.com,Female,12/8/2018
839,Tally,Guerrero,tguerrerona@paypal.com,Female,8/27/2018
840,Lannie,Youd,lyoudnb@drupal.org,Male,11/29/2018
841,Boony,Satchel,bsatchelnc@free.fr,Male,10/25/2018
842,Sharleen,Ferreres,sferreresnd@state.gov,Female,1/11/2018
843,Lindsay,Meegan,lmeeganne@vimeo.com,Male,10/22/2018
844,Jenilee,Eve,jevenf@msu.edu,Female,2/2/2018
845,Clarisse,Screeton,cscreetonng@msu.edu,Female,12/26/2017
846,Almira,Gumn,agumnnh@yellowpages.com,Female,9/5/2018
847,Lissa,Mcmanaman,lmcmanamanni@ebay.co.uk,Female,12/24/2017
848,Rosene,Matusiak,rmatusiaknj@ftc.gov,Female,2/6/2018
849,Ilise,Heinzel,iheinzelnk@flickr.com,Female,2/15/2018
850,Jacquenetta,Simonnin,jsimonninnl@xing.com,Female,3/28/2018
851,Bartram,Torrent,btorrentnm@stumbleupon.com,Male,2/25/2018
852,Bartie,Welbelove,bwelbelovenn@jalbum.net,Male,4/27/2018
853,Thea,Merit,tmeritno@mozilla.com,Female,11/17/2018
854,Vinnie,Pauluzzi,vpauluzzinp@ucoz.ru,Female,6/15/2018
855,Tim,Iggulden,tigguldennq@pcworld.com,Male,12/27/2017
856,Baird,Piquard,bpiquardnr@shutterfly.com,Male,9/29/2018
857,Ferne,Sawtell,fsawtellns@utexas.edu,Female,5/26/2018
858,Bartie,Badcock,bbadcocknt@booking.com,Male,6/10/2018
859,Marissa,Bastock,mbastocknu@51.la,Female,7/1/2018
860,Caz,Asplin,casplinnv@businessweek.com,Male,6/12/2018
861,Frederigo,Gain,fgainnw@wsj.com,Male,1/30/2018
862,Henderson,Tome,htomenx@miibeian.gov.cn,Male,8/5/2018
863,Gilbertine,Foster-Smith,gfostersmithny@shinystat.com,Female,3/5/2018
864,Rori,Townrow,rtownrownz@businesswire.com,Female,4/18/2018
865,Martita,Edward,medwardo0@google.ca,Female,4/24/2018
866,Putnam,Chiene,pchieneo1@mapquest.com,Male,10/6/2018
867,Romeo,Canner,rcannero2@ebay.co.uk,Male,1/1/2018
868,Cullin,Dangl,cdanglo3@google.com.br,Male,8/24/2018
869,Roch,Dampney,rdampneyo4@japanpost.jp,Female,9/26/2018
870,Olvan,Weldrick,oweldricko5@discovery.com,Male,3/20/2018
871,Fairfax,Baudouin,fbaudouino6@bluehost.com,Male,9/2/2018
872,Bonnibelle,Sherr,bsherro7@about.me,Female,11/11/2018
873,Fidelio,Hinchon,fhinchono8@qq.com,Male,3/16/2018
874,Norbert,Caven,ncaveno9@skyrock.com,Male,6/30/2018
875,Payton,Barnhart,pbarnhartoa@vimeo.com,Male,4/14/2018
876,George,Deyenhardt,gdeyenhardtob@hubpages.com,Female,6/1/2018
877,Sacha,Handover,shandoveroc@comcast.net,Female,5/4/2018
878,Josy,Mintrim,jmintrimod@alibaba.com,Female,3/1/2018
879,Morty,Fasset,mfassetoe@google.pl,Male,7/19/2018
880,Florrie,Ruzicka,fruzickaof@tuttocitta.it,Female,6/14/2018
881,Fairfax,Fulbrook,ffulbrookog@taobao.com,Male,2/13/2018
882,Rosmunda,Kenderdine,rkenderdineoh@t.co,Female,8/1/2018
883,Ed,Baniard,ebaniardoi@unesco.org,Male,3/8/2018
884,Kareem,Corsan,kcorsanoj@apple.com,Male,6/8/2018
885,Fayina,Hardwin,fhardwinok@blogs.com,Female,8/24/2018
886,Millisent,Stanier,mstanierol@fastcompany.com,Female,6/25/2018
887,Neilla,Kyllford,nkyllfordom@washingtonpost.com,Female,3/12/2018
888,Sacha,Broster,sbrosteron@last.fm,Female,12/14/2017
889,Cary,Broyd,cbroydoo@g.co,Female,12/16/2017
890,Gertrud,Crocetto,gcrocettoop@msu.edu,Female,2/3/2018
891,Danni,MacGragh,dmacgraghoq@youtu.be,Female,3/10/2018
892,Krissy,Teager,kteageror@a8.net,Female,6/12/2018
893,Alfredo,Fritzer,afritzeros@acquirethisname.com,Male,6/30/2018
894,Balduin,Lumber,blumberot@oaic.gov.au,Male,7/3/2018
895,Sonnie,Chrestien,schrestienou@edublogs.org,Female,9/20/2018
896,Tana,Prest,tprestov@icio.us,Female,1/3/2018
897,Joell,Blamphin,jblamphinow@paypal.com,Female,10/24/2018
898,Trudey,Du Plantier,tduplantierox@google.nl,Female,1/18/2018
899,Had,Breslane,hbreslaneoy@wordpress.com,Male,2/24/2018
900,Barclay,Brickett,bbrickettoz@surveymonkey.com,Male,9/23/2018
901,Ainsley,Seven,asevenp0@wp.com,Female,4/13/2018
902,Meaghan,Hoggan,mhogganp1@bigcartel.com,Female,9/20/2018
903,Laurie,Hewell,lhewellp2@squarespace.com,Female,8/1/2018
904,Lida,Walters,lwaltersp3@nih.gov,Female,4/10/2018
905,Kimberlyn,Fawke,kfawkep4@mozilla.org,Female,6/26/2018
906,Ashlen,Underdown,aunderdownp5@drupal.org,Female,6/27/2018
907,Gallagher,Stanier,gstanierp6@geocities.jp,Male,6/11/2018
908,Gerianne,Base,gbasep7@vistaprint.com,Female,5/9/2018
909,Paul,Gisborne,pgisbornep8@wsj.com,Male,4/27/2018
910,Montague,Wiffill,mwiffillp9@discuz.net,Male,9/29/2018
911,Dalton,Ceeley,dceeleypa@redcross.org,Male,6/18/2018
912,Ignazio,Barti,ibartipb@ted.com,Male,4/7/2018
913,Georas,Demougeot,gdemougeotpc@squarespace.com,Male,10/1/2018
914,Benoit,Simononsky,bsimononskypd@redcross.org,Male,6/12/2018
915,Herold,Buckland,hbucklandpe@google.com.br,Male,7/9/2018
916,Josiah,Cadigan,jcadiganpf@oakley.com,Male,3/29/2018
917,Felicio,Spellecy,fspellecypg@loc.gov,Male,9/17/2018
918,Louella,Fairholme,lfairholmeph@ihg.com,Female,1/6/2018
919,Lon,Kupka,lkupkapi@clickbank.net,Male,10/9/2018
920,Ruthe,Romke,rromkepj@ftc.gov,Female,4/10/2018
921,Justus,Camerello,jcamerellopk@economist.com,Male,4/24/2018
922,Vladamir,Mc Faul,vmcfaulpl@google.com.au,Male,4/15/2018
923,Donielle,MacPaden,dmacpadenpm@dyndns.org,Female,11/24/2018
924,Brody,Cockton,bcocktonpn@studiopress.com,Male,6/8/2018
925,Veradis,Pinniger,vpinnigerpo@over-blog.com,Female,6/5/2018
926,Aloise,Dawltrey,adawltreypp@techcrunch.com,Female,4/14/2018
927,Nerte,Loraine,nlorainepq@fc2.com,Female,9/12/2018
928,Rafaelita,Pimley,rpimleypr@statcounter.com,Female,7/24/2018
929,Ulrikaumeko,Naylor,unaylorps@parallels.com,Female,8/11/2018
930,Colleen,Kenwin,ckenwinpt@youku.com,Female,7/15/2018
931,Garrick,Corkell,gcorkellpu@reddit.com,Male,10/22/2018
932,Julian,Russam,jrussampv@google.co.uk,Male,1/13/2018
933,Arly,Threader,athreaderpw@imdb.com,Female,2/16/2018
934,Silvana,Quiddihy,squiddihypx@gov.uk,Female,12/18/2017
935,Albie,Spread,aspreadpy@cbc.ca,Male,1/26/2018
936,Elka,Rouchy,erouchypz@smugmug.com,Female,4/3/2018
937,Ashlan,Myers,amyersq0@fastcompany.com,Female,3/2/2018
938,Erick,Dulieu,edulieuq1@mit.edu,Male,1/21/2018
939,Arri,McKeon,amckeonq2@digg.com,Male,9/15/2018
940,Diahann,Sargint,dsargintq3@mediafire.com,Female,8/24/2018
941,Dulci,Millican,dmillicanq4@godaddy.com,Female,1/29/2018
942,Nelli,Pollitt,npollittq5@apple.com,Female,10/13/2018
943,Shaina,Scardafield,sscardafieldq6@4shared.com,Female,12/25/2017
944,Shurwood,Alfonso,salfonsoq7@skype.com,Male,4/11/2018
945,Sally,Piddle,spiddleq8@loc.gov,Female,9/22/2018
946,Lon,Aberchirder,laberchirderq9@sina.com.cn,Male,4/6/2018
947,Lorenzo,Ciciotti,lciciottiqa@163.com,Male,4/15/2018
948,Mortimer,Schermick,mschermickqb@aboutads.info,Male,4/8/2018
949,Evvie,Tench,etenchqc@oaic.gov.au,Female,1/6/2018
950,Rosie,Pybus,rpybusqd@weibo.com,Female,8/19/2018
951,Lucilia,Jakoubek,ljakoubekqe@gmpg.org,Female,12/8/2018
952,Nonnah,LAbbet,nlabbetqf@newsvine.com,Female,12/9/2018
953,Skippy,Chatwood,schatwoodqg@wordpress.com,Male,7/15/2018
954,Jarvis,Laraway,jlarawayqh@nymag.com,Male,11/22/2018
955,Fifi,Peirazzi,fpeirazziqi@slate.com,Female,11/25/2018
956,Kale,Fucher,kfucherqj@archive.org,Male,3/2/2018
957,Ola,Woolsey,owoolseyqk@prlog.org,Female,3/1/2018
958,Alie,Dinsmore,adinsmoreql@yellowpages.com,Female,7/8/2018
959,Benedicta,Boycott,bboycottqm@google.com.au,Female,6/9/2018
960,Rubie,Spincke,rspinckeqn@squarespace.com,Female,5/7/2018
961,Rosie,Vinick,rvinickqo@stumbleupon.com,Female,9/29/2018
962,Lars,Garley,lgarleyqp@chicagotribune.com,Male,5/2/2018
963,Dex,Cushelly,dcushellyqq@ehow.com,Male,7/10/2018
964,Cyrus,Beaney,cbeaneyqr@netscape.com,Male,8/19/2018
965,Odella,Attwooll,oattwoollqs@mapquest.com,Female,1/4/2018
966,Andee,Annesley,aannesleyqt@soundcloud.com,Female,5/21/2018
967,Lucretia,Gilham,lgilhamqu@cornell.edu,Female,7/15/2018
968,Clayborn,Copsey,ccopseyqv@deliciousdays.com,Male,2/10/2018
969,Babb,Stirrup,bstirrupqw@nydailynews.com,Female,6/11/2018
970,Bernie,Bumpas,bbumpasqx@xinhuanet.com,Male,10/15/2018
971,Lisetta,Pawelczyk,lpawelczykqy@home.pl,Female,4/12/2018
972,Janeczka,Harber,jharberqz@4shared.com,Female,3/10/2018
973,Marja,Chitson,mchitsonr0@miibeian.gov.cn,Female,5/17/2018
974,Ludovico,Haliday,lhalidayr1@de.vu,Male,9/28/2018
975,Hilde,Dankov,hdankovr2@icio.us,Female,9/7/2018
976,Tory,Stockings,tstockingsr3@facebook.com,Female,10/23/2018
977,Brittani,Blaes,bblaesr4@php.net,Female,11/7/2018
978,Petronia,Belle,pbeller5@ocn.ne.jp,Female,8/17/2018
979,Hallsy,Scoffins,hscoffinsr6@over-blog.com,Male,6/3/2018
980,Egon,Please,epleaser7@sogou.com,Male,10/26/2018
981,Pollyanna,Shevlan,pshevlanr8@independent.co.uk,Female,4/26/2018
982,Camala,Lodden,cloddenr9@bandcamp.com,Female,9/28/2018
983,Helge,Bernardotti,hbernardottira@digg.com,Female,10/29/2018
984,Raddy,Sterry,rsterryrb@prweb.com,Male,8/13/2018
985,Norine,Menure,nmenurerc@arizona.edu,Female,3/31/2018
986,Thaddeus,Timeby,ttimebyrd@sbwire.com,Male,4/11/2018
987,Brandon,Raselles,brasellesre@comsenz.com,Male,7/12/2018
988,Roberto,Matthesius,rmatthesiusrf@mashable.com,Male,6/2/2018
989,Camila,Patullo,cpatullorg@bbc.co.uk,Female,8/12/2018
990,Vick,Kleuer,vkleuerrh@dailymotion.com,Male,12/27/2017
991,Carmelita,Kidgell,ckidgellri@imageshack.us,Female,9/15/2018
992,Livvy,Alcott,lalcottrj@shop-pro.jp,Female,6/5/2018
993,Andy,Kellart,akellartrk@multiply.com,Male,9/16/2018
994,Lyn,Pyke,lpykerl@geocities.jp,Female,9/30/2018
995,Steward,Wantling,swantlingrm@columbia.edu,Male,7/31/2018
996,Editha,Johann,ejohannrn@chron.com,Female,7/19/2018
997,Lawry,McSporon,lmcsporonro@theatlantic.com,Male,12/3/2018
998,Cleon,Acres,cacresrp@nba.com,Male,8/10/2018
999,Philis,Cashman,pcashmanrq@gnu.org,Female,11/13/2018
1000,Fields,Acory,facoryrr@upenn.edu,Male,12/8/2018
