id,first_name,last_name,email,gender,birth_date
1,Christan,Tomkinson,ctomkinson0@hugedomains.com,Female,2/17/2018
2,Martie,Boddam,mboddam1@vistaprint.com,Female,7/9/2018
3,Sidney,Koch,skoch2@imgur.com,Male,3/16/2018
4,Arabelle,Tremble,atremble3@topsy.com,Female,9/14/2018
5,Ave,Sam,asam4@msu.edu,Male,1/28/2018
6,Victoir,Dunsford,vdunsford5@icq.com,Male,11/6/2018
7,Matias,Slobom,mslobom6@lycos.com,Male,12/3/2018
8,Maribeth,Whitnell,mwhitnell7@paginegialle.it,Female,6/5/2018
9,Ritchie,Baudinet,rbaudinet8@github.io,Male,12/21/2017
10,Ignatius,Gabbett,igabbett9@hc360.com,Male,8/15/2018
11,Cari,Cunnell,ccunnella@hp.com,Female,10/10/2018
12,Erena,Lenihan,elenihanb@nytimes.com,Female,7/27/2018
13,Erna,Corsham,ecorshamc@usda.gov,Female,9/18/2018
14,Miner,Rosel,mroseld@fda.gov,Male,5/25/2018
15,Mahmud,Blackstock,mblackstocke@bloglovin.com,Male,3/25/2018
16,Hort,Bertie,hbertief@newsvine.com,Male,2/18/2018
17,Kyle,Izaks,kizaksg@so-net.ne.jp,Male,1/27/2018
18,Don,Marner,dmarnerh@google.ca,Male,11/26/2018
19,Rachelle,Coney,rconeyi@bravesites.com,Female,10/12/2018
20,Farris,Inggall,finggallj@cbslocal.com,Male,8/4/2018
21,Nana,Poulter,npoulterk@europa.eu,Female,12/6/2018
22,Minna,Rudram,mrudraml@gov.uk,Female,9/25/2018
23,Gar,Scutt,gscuttm@dyndns.org,Male,8/28/2018
24,Paloma,Stirley,pstirleyn@ftc.gov,Female,1/17/2018
25,Stanislaus,Babe,sbabeo@nps.gov,Male,1/14/2018
26,Eleonora,Reddihough,ereddihoughp@wunderground.com,Female,12/26/2017
27,Kalle,Skarin,kskarinq@friendfeed.com,Male,10/31/2018
28,Rebecka,Wedgwood,rwedgwoodr@about.me,Female,5/20/2018
29,Thoma,Wix,twixs@mtv.com,Male,5/10/2018
30,Connor,Grayling,cgraylingt@theglobeandmail.com,Male,10/14/2018
31,Kerry,Salmoni,ksalmoniu@sbwire.com,Male,1/21/2018
32,Vere,Glennard,vglennardv@g.co,Female,5/6/2018
33,Darcey,O'dell,dodellw@statcounter.com,Female,10/1/2018
34,Tyson,Cordeau],tcordeaux@patch.com,Male,3/1/2018
35,Isabel,Robbings,irobbingsy@jimdo.com,Female,2/15/2018
36,Michel,Tremonte,mtremontez@alibaba.com,Male,10/16/2018
37,Diego,Swyre,dswyre10@webs.com,Male,10/16/2018
38,Archibaldo,Philippou,aphilippou11@techcrunch.com,Male,12/1/2018
39,Chic,Causnett,ccausnett12@cnn.com,Male,9/12/2018
40,Andrea,Covolini,acovolini13@google.co.jp,Male,5/26/2018
41,Saunderson,Dyhouse,sdyhouse14@japanpost.jp,Male,7/20/2018
42,Roderic,Winstone,rwinstone15@paginegialle.it,Male,9/23/2018
43,Felecia,Lacotte,flacotte16@pinterest.com,Female,6/30/2018
44,Amble,Bretelle,abretelle17@istockphoto.com,Male,1/6/2018
45,Giuditta,Djorvic,gdjorvic18@irs.gov,Female,1/17/2018
46,Adlai,Seer,aseer19@histats.com,Male,2/11/2018
47,Barr,O'Spellissey,bospellissey1a@ocn.ne.jp,Male,7/4/2018
48,Marshal,Ayrton,mayrton1b@sphinn.com,Male,9/6/2018
49,Jessie,O'Grady,jogrady1c@bbb.org,Male,8/25/2018
50,Margarethe,Ambler,mambler1d@i2i.jp,Female,5/29/2018
51,Bruce,Sharkey,bsharkey1e@homestead.com,Male,11/30/2018
52,Tatiania,Ramirez,tramirez1f@nasa.gov,Female,5/3/2018
53,Izak,Moat,imoat1g@walmart.com,Male,7/22/2018
54,Gerladina,Penson,gpenson1h@china.com.cn,Female,5/27/2018
55,Tawsha,Roo,troo1i@topsy.com,Female,2/25/2018
56,Fairlie,Buff,fbuff1j@sitemeter.com,Male,1/13/2018
57,Isaiah,Claiton,iclaiton1k@sourceforge.net,Male,10/23/2018
58,Eugen,Cuddon,ecuddon1l@skyrock.com,Male,12/31/2017
59,Corbett,Hefferan,chefferan1m@multiply.com,Male,10/24/2018
60,Angelo,Bengal,abengal1n@amazon.com,Male,4/26/2018
61,Bonnibelle,Rewcastle,brewcastle1o@over-blog.com,Female,12/28/2017
62,Karissa,Pellissier,kpellissier1p@google.cn,Female,5/26/2018
63,Anabelle,O'Connor,aoconnor1q@reverbnation.com,Female,2/5/2018
64,Cookie,Wilshere,cwilshere1r@businessweek.com,Female,5/4/2018
65,Peyton,Trees,ptrees1s@nature.com,Male,9/24/2018
66,Jasmine,Gallacher,jgallacher1t@skyrock.com,Female,5/23/2018
67,Nicole,Von Welden,nvonwelden1u@blogspot.com,Female,3/1/2018
68,Janos,Lamberti,jlamberti1v@feedburner.com,Male,9/30/2018
69,Fred,Fri,ffri1w@ustream.tv,Male,1/9/2018
70,Sofia,McCarlich,smccarlich1x@patch.com,Female,9/30/2018
71,Griff,Colrein,gcolrein1y@hugedomains.com,Male,9/8/2018
72,Kennett,Immins,kimmins1z@techcrunch.com,Male,3/5/2018
73,Donnamarie,Hentze,dhentze20@tinyurl.com,Female,4/19/2018
74,Lu,Sibthorpe,lsibthorpe21@wordpress.com,Female,10/30/2018
75,Hildegarde,Billes,hbilles22@slashdot.org,Female,10/3/2018
76,Rockie,Elsdon,relsdon23@accuweather.com,Male,8/27/2018
77,Pincus,Lehrian,plehrian24@thetimes.co.uk,Male,3/9/2018
78,Frederico,Ashdown,fashdown25@cafepress.com,Male,2/17/2018
79,Nertie,Beaconsall,nbeaconsall26@ameblo.jp,Female,10/26/2018
80,Lief,Snoding,lsnoding27@cargocollective.com,Male,3/27/2018
81,Aurel,Ludlem,aludlem28@jugem.jp,Female,2/26/2018
82,Dani,Riggey,driggey29@bing.com,Male,8/24/2018
83,Hamid,Butcher,hbutcher2a@mysql.com,Male,9/10/2018
84,Melvyn,Wiggall,mwiggall2b@slashdot.org,Male,1/4/2018
85,Winston,Jillis,wjillis2c@cnbc.com,Male,9/13/2018
86,Shamus,Fidgett,sfidgett2d@liveinternet.ru,Male,5/20/2018
87,Bria,Ebbins,bebbins2e@dyndns.org,Female,6/3/2018
88,Staffard,Novakovic,snovakovic2f@archive.org,Male,9/15/2018
89,Gwyn,Sang,gsang2g@comcast.net,Female,4/8/2018
90,Elias,Gadsdon,egadsdon2h@samsung.com,Male,2/14/2018
91,Cinda,Clarricoates,cclarricoates2i@chronoengine.com,Female,3/13/2018
92,Ilyse,Bulfoy,ibulfoy2j@cloudflare.com,Female,10/9/2018
93,Guthry,Rue,grue2k@mozilla.com,Male,6/30/2018
94,Olympie,Stirrip,ostirrip2l@arstechnica.com,Female,4/4/2018
95,Jackie,Bannon,jbannon2m@usa.gov,Male,11/19/2018
96,Shaun,Iiannone,siiannone2n@tmall.com,Female,5/12/2018
97,Jacqueline,Matuskiewicz,jmatuskiewicz2o@barnesandnoble.com,Female,11/17/2018
98,Molly,Hitzmann,mhitzmann2p@ucsd.edu,Female,3/10/2018
99,Marilyn,Goodsell,mgoodsell2q@oaic.gov.au,Female,5/22/2018
100,Maxine,Pettie,mpettie2r@dion.ne.jp,Female,2/20/2018
101,Tannie,Leyborne,tleyborne2s@imgur.com,Male,11/20/2018
102,Jo-anne,Shay,jshay2t@ocn.ne.jp,Female,1/12/2018
103,Irwin,Torr,itorr2u@google.es,Male,1/5/2018
104,Davina,Fiddler,dfiddler2v@tripadvisor.com,Female,5/11/2018
105,Foss,Dudny,fdudny2w@independent.co.uk,Male,11/9/2018
106,Sara,Bakhrushkin,sbakhrushkin2x@free.fr,Female,9/13/2018
107,Jerry,Januszkiewicz,jjanuszkiewicz2y@myspace.com,Female,7/3/2018
108,Randi,Checketts,rchecketts2z@free.fr,Female,5/20/2018
109,Marty,Fries,mfries30@jugem.jp,Female,11/15/2018
110,Kailey,Venables,kvenables31@parallels.com,Female,7/25/2018
111,Verile,Murphy,vmurphy32@cocolog-nifty.com,Female,9/21/2018
112,Etan,Pidcock,epidcock33@apache.org,Male,7/12/2018
113,Nanete,Creboe,ncreboe34@over-blog.com,Female,8/22/2018
114,Jehanna,Nellis,jnellis35@live.com,Female,7/30/2018
115,Emalee,Critchell,ecritchell36@quantcast.com,Female,3/8/2018
116,Noe,Orme,norme37@samsung.com,Male,2/4/2018
117,Anica,Judson,ajudson38@photobucket.com,Female,9/11/2018
118,Lorene,Sayles,lsayles39@stumbleupon.com,Female,10/21/2018
119,Chelsy,Overstone,coverstone3a@rakuten.co.jp,Female,11/10/2018
120,Darcy,Schriren,dschriren3b@google.pl,Male,10/9/2018
121,Massimo,Wolfenden,mwolfenden3c@rambler.ru,Male,11/6/2018
122,Dulcia,Kobieriecki,dkobieriecki3d@elpais.com,Female,5/17/2018
123,Wini,Rouke,wrouke3e@shinystat.com,Female,9/21/2018
124,Iolande,Tulleth,itulleth3f@hatena.ne.jp,Female,1/31/2018
125,Armand,Heinz,aheinz3g@com.com,Male,7/5/2018
126,Annelise,Hazeldene,ahazeldene3h@answers.com,Female,5/26/2018
127,Alberik,Trodden,atrodden3i@unblog.fr,Male,2/10/2018
128,Melitta,Boxall,mboxall3j@gizmodo.com,Female,10/14/2018
129,Margie,Micheli,mmicheli3k@quantcast.com,Female,11/12/2018
130,Anderson,Gregory,agregory3l@columbia.edu,Male,5/29/2018
131,Nessa,Varden,nvarden3m@pinterest.com,Female,10/11/2018
132,Boyce,Marley,bmarley3n@bbb.org,Male,1/24/2018
133,Lennie,MacGilrewy,lmacgilrewy3o@techcrunch.com,Male,3/22/2018
134,Emanuel,Tinsey,etinsey3p@microsoft.com,Male,5/2/2018
135,Kikelia,Beesey,kbeesey3q@usnews.com,Female,1/5/2018
136,Inglebert,Torricella,itorricella3r@about.me,Male,1/25/2018
137,Claudette,Stribling,cstribling3s@xing.com,Female,10/6/2018
138,Ruben,de Mullett,rdemullett3t@thetimes.co.uk,Male,7/21/2018
139,Sarajane,Jeffcock,sjeffcock3u@purevolume.com,Female,10/26/2018
140,Ruthann,Elkington,relkington3v@spotify.com,Female,9/25/2018
141,Patten,Strand,pstrand3w@noaa.gov,Male,5/9/2018
142,Ivonne,Pottage,ipottage3x@myspace.com,Female,7/6/2018
143,Mart,Crichmere,mcrichmere3y@sciencedirect.com,Male,3/6/2018
144,Ike,Dandie,idandie3z@cargocollective.com,Male,7/29/2018
145,Junette,Bartoloma,jbartoloma40@cdbaby.com,Female,12/26/2017
146,Alexandra,Hegden,ahegden41@archive.org,Female,7/17/2018
147,Ruthanne,Mustarde,rmustarde42@marriott.com,Female,10/13/2018
148,Quintina,Merida,qmerida43@infoseek.co.jp,Female,1/5/2018
149,Quintilla,Darbyshire,qdarbyshire44@house.gov,Female,12/28/2017
150,Merv,Dominelli,mdominelli45@independent.co.uk,Male,6/30/2018
151,Heath,Cuttell,hcuttell46@twitpic.com,Male,11/27/2018
152,Job,O'Growgane,jogrowgane47@cmu.edu,Male,2/1/2018
153,Baxie,Tour,btour48@forbes.com,Male,3/16/2018
154,Palmer,Cronk,pcronk49@princeton.edu,Male,4/4/2018
155,Corly,Wright,cwright4a@ted.com,Female,3/11/2018
156,Anders,Ilchenko,ailchenko4b@vistaprint.com,Male,12/22/2017
157,Davidde,McCanny,dmccanny4c@nytimes.com,Male,10/26/2018
158,Lucas,Antoniat,lantoniat4d@google.cn,Male,5/9/2018
159,Dee,Phillpotts,dphillpotts4e@digg.com,Female,4/18/2018
160,Dino,Skellern,dskellern4f@mozilla.com,Male,7/3/2018
161,Paxton,Rikard,prikard4g@cnn.com,Male,5/30/2018
162,Olly,Calcut,ocalcut4h@disqus.com,Male,10/9/2018
163,Joeann,Hansford,jhansford4i@dell.com,Female,9/1/2018
164,Hewitt,Beekmann,hbeekmann4j@sfgate.com,Male,3/31/2018
165,Duffy,Dudding,ddudding4k@photobucket.com,Male,7/18/2018
166,Melli,Woolpert,mwoolpert4l@seattletimes.com,Female,11/18/2018
167,Norrie,Blomefield,nblomefield4m@timesonline.co.uk,Male,12/25/2017
168,Karney,McCrea,kmccrea4n@smugmug.com,Male,9/22/2018
169,Mahmud,Brannan,mbrannan4o@paypal.com,Male,3/25/2018
170,Renado,Ferrucci,rferrucci4p@naver.com,Male,3/29/2018
171,Kare,Lathwood,klathwood4q@cnbc.com,Female,8/4/2018
172,Keary,Winkell,kwinkell4r@people.com.cn,Male,2/3/2018
173,Yul,Zanni,yzanni4s@cocolog-nifty.com,Male,1/20/2018
174,Roseline,Vinton,rvinton4t@imdb.com,Female,4/6/2018
175,Norean,Woodsford,nwoodsford4u@live.com,Female,3/16/2018
176,Dulcie,Gabe,dgabe4v@soundcloud.com,Female,7/14/2018
177,Halley,Garside,hgarside4w@hubpages.com,Female,8/9/2018
178,Cyndie,Feehily,cfeehily4x@google.com,Female,6/8/2018
179,Vera,Tabord,vtabord4y@princeton.edu,Female,2/7/2018
180,Danette,Anglim,danglim4z@hexun.com,Female,8/21/2018
181,Gertrud,Ossipenko,gossipenko50@rambler.ru,Female,11/7/2018
182,Eric,Langstone,elangstone51@amazon.de,Male,11/30/2018
183,Sheba,Jochen,sjochen52@cnet.com,Female,1/9/2018
184,Elmer,Bartelli,ebartelli53@techcrunch.com,Male,10/13/2018
185,Murielle,Unitt,munitt54@freewebs.com,Female,10/15/2018
186,Dallis,Stiell,dstiell55@domainmarket.com,Male,4/25/2018
187,Tori,Feavearyear,tfeavearyear56@hubpages.com,Female,6/18/2018
188,Barrie,Cissen,bcissen57@fotki.com,Male,8/21/2018
189,Tiffie,Van Hove,tvanhove58@sourceforge.net,Female,9/24/2018
190,Jolynn,McDermid,jmcdermid59@zdnet.com,Female,2/12/2018
191,Titus,Thurby,tthurby5a@posterous.com,Male,9/18/2018
192,Faunie,Pinckard,fpinckard5b@weibo.com,Female,12/20/2017
193,Aloysius,Sackes,asackes5c@answers.com,Male,2/15/2018
194,Kippar,Hestrop,khestrop5d@unc.edu,Male,5/15/2018
195,Corbett,Kilmary,ckilmary5e@europa.eu,Male,2/23/2018
196,Tim,Simister,tsimister5f@state.tx.us,Male,2/12/2018
197,Kayley,Brockley,kbrockley5g@hp.com,Female,10/15/2018
198,Harbert,Ysson,hysson5h@theatlantic.com,Male,5/24/2018
199,Thane,Jeavon,tjeavon5i@csmonitor.com,Male,1/1/2018
200,Bailie,Pedrocchi,bpedrocchi5j@yellowbook.com,Male,4/16/2018
201,Skippie,Mitkin,smitkin5k@goo.gl,Male,12/23/2017
202,Abbie,Oneill,aoneill5l@globo.com,Female,11/25/2018
203,Frasquito,Ilsley,filsley5m@princeton.edu,Male,7/29/2018
204,Shayne,Botte,sbotte5n@ebay.com,Male,1/17/2018
205,Emili,Laister,elaister5o@etsy.com,Female,9/13/2018
206,Korey,Clempton,kclempton5p@yandex.ru,Male,9/27/2018
207,Fabe,Phythian,fphythian5q@opensource.org,Male,2/19/2018
208,Marylinda,Sayre,msayre5r@discovery.com,Female,12/22/2017
209,Marwin,Franschini,mfranschini5s@sciencedirect.com,Male,6/23/2018
210,Kalila,Blades,kblades5t@msn.com,Female,7/21/2018
211,Janean,Gergus,jgergus5u@disqus.com,Female,10/4/2018
212,Catlaina,Flattman,cflattman5v@jugem.jp,Female,2/9/2018
213,Alisun,Whitechurch,awhitechurch5w@state.tx.us,Female,10/29/2018
214,Felizio,Napton,fnapton5x@examiner.com,Male,8/23/2018
215,Carmencita,Atchly,catchly5y@de.vu,Female,2/15/2018
216,Suki,Dimberline,sdimberline5z@yellowbook.com,Female,11/16/2018
217,Dex,Rack,drack60@feedburner.com,Male,3/11/2018
218,Ronny,Kraft,rkraft61@walmart.com,Female,6/1/2018
219,Fredra,Hellens,fhellens62@ibm.com,Female,2/22/2018
220,Nataline,Cicutto,ncicutto63@wufoo.com,Female,12/6/2018
221,Way,Kahen,wkahen64@digg.com,Male,9/18/2018
222,Orlan,Regenhardt,oregenhardt65@miitbeian.gov.cn,Male,3/6/2018
223,Skip,Dutson,sdutson66@nytimes.com,Male,6/23/2018
224,Arlana,Feathersby,afeathersby67@elpais.com,Female,8/11/2018
225,Enrica,Colwill,ecolwill68@java.com,Female,9/11/2018
226,Garret,Dunkinson,gdunkinson69@craigslist.org,Male,10/22/2018
227,Cairistiona,Hambidge,chambidge6a@dell.com,Female,6/9/2018
228,Nessa,Shama,nshama6b@prnewswire.com,Female,5/13/2018
229,Nedda,Landreth,nlandreth6c@liveinternet.ru,Female,12/6/2018
230,Norby,Thredder,nthredder6d@mashable.com,Male,1/7/2018
231,Batholomew,Janicijevic,bjanicijevic6e@ifeng.com,Male,10/27/2018
232,Gerri,Lickorish,glickorish6f@wsj.com,Female,12/28/2017
233,Gilbertina,Stanley,gstanley6g@ovh.net,Female,7/3/2018
234,Kenneth,Stidworthy,kstidworthy6h@amazon.de,Male,2/7/2018
235,Ricky,Colbridge,rcolbridge6i@slashdot.org,Male,10/17/2018
236,Inigo,Zupo,izupo6j@yellowpages.com,Male,8/2/2018
237,Maridel,Rissen,mrissen6k@seattletimes.com,Female,6/26/2018
238,Sheryl,Chrippes,schrippes6l@cbsnews.com,Female,9/19/2018
239,Dorise,St Louis,dstlouis6m@epa.gov,Female,6/9/2018
240,Pip,Ameer-Beg,pameerbeg6n@freewebs.com,Male,9/30/2018
241,Kary,Nansom,knansom6o@surveymonkey.com,Female,7/25/2018
242,Cherilyn,Claridge,cclaridge6p@bloglovin.com,Female,12/30/2017
243,Iona,Crighten,icrighten6q@gov.uk,Female,12/14/2017
244,Marinna,Schapero,mschapero6r@nifty.com,Female,4/27/2018
245,Forester,Schistl,fschistl6s@clickbank.net,Male,8/10/2018
246,Wildon,Adamson,wadamson6t@google.ru,Male,7/25/2018
247,Rodi,Gibard,rgibard6u@storify.com,Female,3/7/2018
248,Selia,Britland,sbritland6v@sakura.ne.jp,Female,11/27/2018
249,Luigi,Trevallion,ltrevallion6w@gizmodo.com,Male,5/9/2018
250,Lelia,Isaq,lisaq6x@dailymotion.com,Female,10/5/2018
251,Farrah,Droogan,fdroogan6y@dyndns.org,Female,10/6/2018
252,Brittan,Deverille,bdeverille6z@technorati.com,Female,6/28/2018
253,Bili,Attrie,battrie70@soundcloud.com,Female,11/22/2018
254,Madella,Scoyles,mscoyles71@ftc.gov,Female,6/8/2018
255,Riva,Kobera,rkobera72@sitemeter.com,Female,12/7/2018
256,Horton,Rowes,hrowes73@w3.org,Male,3/17/2018
257,Joane,Dimont,jdimont74@si.edu,Female,3/3/2018
258,Louisa,Gosland,lgosland75@phoca.cz,Female,1/16/2018
259,Kristoforo,Trenaman,ktrenaman76@t-online.de,Male,12/16/2017
260,Eberhard,Alenshev,ealenshev77@bluehost.com,Male,1/3/2018
261,Shayne,Fuidge,sfuidge78@naver.com,Male,1/17/2018
262,Tory,Wannop,twannop79@deviantart.com,Female,7/11/2018
263,Annamarie,Malkin,amalkin7a@usnews.com,Female,5/17/2018
264,Leann,Creasey,lcreasey7b@apple.com,Female,7/5/2018
265,Jodie,Beadman,jbeadman7c@narod.ru,Male,4/1/2018
266,Minor,Cappleman,mcappleman7d@goodreads.com,Male,2/14/2018
267,Aloisia,Overstreet,aoverstreet7e@timesonline.co.uk,Female,1/29/2018
268,Liz,Bampkin,lbampkin7f@army.mil,Female,3/15/2018
269,Fabio,Salan,fsalan7g@wikia.com,Male,9/30/2018
270,Binni,Hunte,bhunte7h@bandcamp.com,Female,11/16/2018
271,Mal,Vinten,mvinten7i@4shared.com,Male,9/5/2018
272,Alleen,Vezey,avezey7j@gmpg.org,Female,7/13/2018
273,Alene,Prisley,aprisley7k@cbc.ca,Female,3/18/2018
274,Sawyer,Sheekey,ssheekey7l@freewebs.com,Male,5/12/2018
275,Susette,McWhorter,smcwhorter7m@ovh.net,Female,5/20/2018
276,Ingemar,Carrivick,icarrivick7n@wired.com,Male,7/31/2018
277,Ronna,Kewley,rkewley7o@boston.com,Female,6/19/2018
278,Emanuel,Ellerton,eellerton7p@whitehouse.gov,Male,10/4/2018
279,Samuel,Passie,spassie7q@privacy.gov.au,Male,6/6/2018
280,Robbie,Salamon,rsalamon7r@liveinternet.ru,Female,8/6/2018
281,Fairfax,Farthing,ffarthing7s@vistaprint.com,Male,7/22/2018
282,Alf,Excell,aexcell7t@google.com.au,Male,2/5/2018
283,Nicolas,Mitchiner,nmitchiner7u@quantcast.com,Male,8/12/2018
284,Billy,Minister,bminister7v@timesonline.co.uk,Male,7/20/2018
285,Jaime,Jochanany,jjochanany7w@youtube.com,Male,8/21/2018
286,Clayborne,Godley,cgodley7x@ebay.com,Male,10/7/2018
287,Artur,Sharp,asharp7y@goo.ne.jp,Male,8/11/2018
288,Trula,Batchan,tbatchan7z@jimdo.com,Female,10/4/2018
289,Nathalia,Ramsby,nramsby80@discuz.net,Female,7/18/2018
290,Faith,Mallison,fmallison81@live.com,Female,10/25/2018
291,Tova,Maltman,tmaltman82@multiply.com,Female,7/29/2018
292,Tamara,Colafate,tcolafate83@independent.co.uk,Female,7/13/2018
293,Alair,Eidler,aeidler84@github.com,Male,10/4/2018
294,Jaimie,Jewson,jjewson85@amazonaws.com,Male,2/24/2018
295,Audra,Attew,aattew86@bandcamp.com,Female,11/1/2018
296,Gwenette,Tyrer,gtyrer87@tmall.com,Female,11/14/2018
297,Merola,Beckitt,mbeckitt88@msu.edu,Female,11/6/2018
298,Kalina,Beseke,kbeseke89@uiuc.edu,Female,7/7/2018
299,Sheela,Powlesland,spowlesland8a@posterous.com,Female,7/10/2018
300,Ransom,Dugan,rdugan8b@usa.gov,Male,8/28/2018
301,Obie,Madrell,omadrell8c@springer.com,Male,12/29/2017
302,Tudor,Barkus,tbarkus8d@privacy.gov.au,Male,1/24/2018
303,Kristoforo,De Giovanni,kdegiovanni8e@com.com,Male,5/19/2018
304,Elliot,Kowalski,ekowalski8f@yolasite.com,Male,10/12/2018
305,Shawn,Shetliff,sshetliff8g@twitpic.com,Female,5/22/2018
306,Gale,Adderson,gadderson8h@google.com.br,Male,1/1/2018
307,Shelba,Mille,smille8i@youtu.be,Female,1/31/2018
308,Bret,Cuseick,bcuseick8j@spiegel.de,Male,12/26/2017
309,Valli,Duckit,vduckit8k@earthlink.net,Female,8/11/2018
310,Ulla,Murrock,umurrock8l@digg.com,Female,11/8/2018
311,Catherine,Lassells,classells8m@google.com.au,Female,1/13/2018
312,Wye,Coch,wcoch8n@multiply.com,Male,7/8/2018
313,Terrel,Dunniom,tdunniom8o@digg.com,Male,12/13/2017
314,Christye,Paiton,cpaiton8p@theguardian.com,Female,10/10/2018
315,Noemi,Schoolfield,nschoolfield8q@noaa.gov,Female,9/28/2018
316,Consuela,Boness,cboness8r@accuweather.com,Female,2/13/2018
317,Dag,Urpeth,durpeth8s@geocities.com,Male,11/22/2018
318,Terra,Drable,tdrable8t@people.com.cn,Female,4/14/2018
319,Emmalee,Wolfindale,ewolfindale8u@printfriendly.com,Female,12/12/2017
320,Easter,Grosier,egrosier8v@liveinternet.ru,Female,5/25/2018
321,Thom,Baunton,tbaunton8w@cyberchimps.com,Male,9/24/2018
322,Jo,Elgram,jelgram8x@walmart.com,Female,4/20/2018
323,Lorenza,Gault,lgault8y@cornell.edu,Female,11/3/2018
324,Jud,Keelinge,jkeelinge8z@cnbc.com,Male,4/6/2018
325,Nanci,Astridge,nastridge90@amazon.com,Female,1/18/2018
326,Esma,Pirot,epirot91@scientificamerican.com,Female,8/31/2018
327,Lindsey,Tourle,ltourle92@mediafire.com,Male,5/31/2018
328,Farah,Syers,fsyers93@go.com,Female,10/23/2018
329,Luce,Burgott,lburgott94@nyu.edu,Male,11/6/2018
330,Christophe,McKag,cmckag95@alexa.com,Male,2/9/2018
331,Sully,Benedtti,sbenedtti96@ehow.com,Male,12/19/2017
332,Emanuel,Ferie,eferie97@squarespace.com,Male,7/22/2018
333,Didi,Vautre,dvautre98@t-online.de,Female,9/3/2018
334,Rochette,Licence,rlicence99@technorati.com,Female,10/20/2018
335,Chery,Antonio,cantonio9a@myspace.com,Female,2/15/2018
336,Daryle,Boulds,dboulds9b@accuweather.com,Male,11/17/2018
337,Annabela,Deem,adeem9c@wired.com,Female,8/4/2018
338,Kele,Pattison,kpattison9d@digg.com,Male,2/5/2018
339,Phillis,Crowthe,pcrowthe9e@facebook.com,Female,7/1/2018
340,Pierson,Fawdry,pfawdry9f@mapy.cz,Male,1/23/2018
341,Sauncho,Pietrusiak,spietrusiak9g@diigo.com,Male,2/9/2018
342,Reta,Ivens,rivens9h@yahoo.co.jp,Female,2/1/2018
343,Duncan,Wolfe,dwolfe9i@altervista.org,Male,1/4/2018
344,Samson,Belcham,sbelcham9j@princeton.edu,Male,7/28/2018
345,Tarrance,Magarrell,tmagarrell9k@goodreads.com,Male,6/9/2018
346,Ceil,Cleare,ccleare9l@nydailynews.com,Female,3/13/2018
347,Blayne,Peabody,bpeabody9m@yahoo.co.jp,Male,5/16/2018
348,Earvin,Hempel,ehempel9n@rediff.com,Male,11/15/2018
349,Ignacio,McCallam,imccallam9o@blogs.com,Male,8/1/2018
350,Sascha,Febry,sfebry9p@admin.ch,Male,7/14/2018
351,Michelina,Fellgett,mfellgett9q@sakura.ne.jp,Female,9/12/2018
352,Marline,Elvidge,melvidge9r@aboutads.info,Female,4/27/2018
353,Marcela,Denerley,mdenerley9s@ucsd.edu,Female,9/21/2018
354,Law,Hounsome,lhounsome9t@dailymotion.com,Male,11/26/2018
355,Web,Bachmann,wbachmann9u@hugedomains.com,Male,2/7/2018
356,Lanny,Gabrieli,lgabrieli9v@theatlantic.com,Male,11/28/2018
357,Marie-jeanne,Wagon,mwagon9w@networksolutions.com,Female,12/24/2017
358,Tamiko,Ubee,tubee9x@macromedia.com,Female,12/30/2017
359,Claudius,Stegers,cstegers9y@pinterest.com,Male,7/11/2018
360,Marianna,Stidston,mstidston9z@msn.com,Female,7/28/2018
361,Carlynn,Tames,ctamesa0@issuu.com,Female,7/4/2018
362,Eleen,Prinne,eprinnea1@theglobeandmail.com,Female,1/26/2018
363,Simonette,McRobbie,smcrobbiea2@whitehouse.gov,Female,7/3/2018
364,Lonni,Bushell,lbushella3@intel.com,Female,9/22/2018
365,Jase,McGready,jmcgreadya4@addtoany.com,Male,5/2/2018
366,Irena,Keywood,ikeywooda5@unblog.fr,Female,8/30/2018
367,Pepito,Smorthit,psmorthita6@cam.ac.uk,Male,8/27/2018
368,Gunar,Standrin,gstandrina7@theglobeandmail.com,Male,10/19/2018
369,Nadine,Tenbrug,ntenbruga8@theglobeandmail.com,Female,2/27/2018
370,Kaila,Eastway,keastwaya9@umich.edu,Female,7/15/2018
371,Cati,Virr,cvirraa@cnet.com,Female,3/21/2018
372,Dion,Bohden,dbohdenab@rambler.ru,Female,6/6/2018
373,Elysia,Burberow,eburberowac@sohu.com,Female,4/17/2018
374,Skye,Mayor,smayorad@nba.com,Male,8/22/2018
375,Gerri,Palphreyman,gpalphreymanae@google.com.br,Female,6/13/2018
376,Florencia,Heartfield,fheartfieldaf@nyu.edu,Female,5/16/2018
377,Lexine,Muck,lmuckag@prweb.com,Female,2/16/2018
378,Stephen,Bier,sbierah@chronoengine.com,Male,6/8/2018
379,Charline,Ceaser,cceaserai@wired.com,Female,2/23/2018
380,Kameko,Tott,ktottaj@ucoz.ru,Female,7/20/2018
381,Irving,Tavner,itavnerak@rambler.ru,Male,10/29/2018
382,Haleigh,Bennion,hbennional@nasa.gov,Female,5/7/2018
383,Eve,Reach,ereacham@dell.com,Female,1/18/2018
384,Elli,Axleby,eaxlebyan@tamu.edu,Female,10/12/2018
385,Oran,Jorry,ojorryao@hao123.com,Male,4/24/2018
386,Godwin,Measom,gmeasomap@domainmarket.com,Male,1/10/2018
387,Seline,Worswick,sworswickaq@businessinsider.com,Female,11/25/2018
388,Fred,Lawfull,flawfullar@51.la,Male,8/24/2018
389,Doreen,Smellie,dsmellieas@g.co,Female,10/28/2018
390,Jerrold,Peres,jperesat@google.cn,Male,9/17/2018
391,Elayne,Jepensen,ejepensenau@fema.gov,Female,12/12/2017
392,Pierrette,Kordovani,pkordovaniav@dailymotion.com,Female,7/13/2018
393,Hardy,Crat,hcrataw@msn.com,Male,7/15/2018
394,Flint,M'Chirrie,fmchirrieax@github.com,Male,3/14/2018
395,Clayson,Offiler,coffileray@barnesandnoble.com,Male,6/8/2018
396,Peri,Regus,pregusaz@japanpost.jp,Female,1/10/2018
397,Arleen,Jorden,ajordenb0@over-blog.com,Female,1/27/2018
398,Daisie,Bessett,dbessettb1@wikispaces.com,Female,5/26/2018
399,Ade,Cubbon,acubbonb2@usa.gov,Male,11/4/2018
400,Wrennie,Sysland,wsyslandb3@craigslist.org,Female,1/2/2018
401,Jacqueline,Kirkman,jkirkmanb4@live.com,Female,5/30/2018
402,Alethea,Jurkiewicz,ajurkiewiczb5@chronoengine.com,Female,11/27/2018
403,Clarinda,Olliff,colliffb6@twitpic.com,Female,11/8/2018
404,Valenka,Ettery,vetteryb7@shinystat.com,Female,12/1/2018
405,Jeanelle,Piscopiello,jpiscopiellob8@w3.org,Female,6/15/2018
406,Kienan,Rickson,kricksonb9@ycombinator.com,Male,5/8/2018
407,Mallissa,Deplacido,mdeplacidoba@walmart.com,Female,4/25/2018
408,Jeana,O'Hoolahan,johoolahanbb@cbslocal.com,Female,7/13/2018
409,Nico,De Domenicis,ndedomenicisbc@army.mil,Male,11/27/2018
410,Ban,Renak,brenakbd@ifeng.com,Male,7/16/2018
411,Marcos,Mowbray,mmowbraybe@sciencedaily.com,Male,9/27/2018
412,Ali,Jaffa,ajaffabf@statcounter.com,Male,7/23/2018
413,Netty,Hanson,nhansonbg@usgs.gov,Female,5/14/2018
414,Tabbie,Gamon,tgamonbh@weibo.com,Female,1/20/2018
415,Gaspard,Maxted,gmaxtedbi@biglobe.ne.jp,Male,5/4/2018
416,Lonee,Jacqueme,ljacquemebj@elpais.com,Female,11/19/2018
417,Jodie,Balogun,jbalogunbk@oakley.com,Female,5/20/2018
418,Rob,Jimson,rjimsonbl@rediff.com,Male,8/19/2018
419,Olenolin,Horry,ohorrybm@alexa.com,Male,4/24/2018
420,Augustine,Illyes,aillyesbn@zimbio.com,Female,12/3/2018
421,Clemence,Blumire,cblumirebo@dyndns.org,Female,10/29/2018
422,Eduard,Langshaw,elangshawbp@google.co.uk,Male,12/18/2017
423,Royall,Twells,rtwellsbq@nydailynews.com,Male,7/3/2018
424,Leonardo,Rysdale,lrysdalebr@dion.ne.jp,Male,5/1/2018
425,Alvy,Sole,asolebs@sina.com.cn,Male,12/6/2018
426,Agneta,Mandres,amandresbt@multiply.com,Female,3/24/2018
427,Isaiah,Gozney,igozneybu@tuttocitta.it,Male,5/17/2018
428,Ranique,Lacroux,rlacrouxbv@newsvine.com,Female,1/7/2018
429,Kent,Jeavons,kjeavonsbw@vkontakte.ru,Male,7/19/2018
430,Bary,Keller,bkellerbx@t-online.de,Male,1/16/2018
431,Gaby,Hundey,ghundeyby@hugedomains.com,Male,4/29/2018
432,Padriac,Brugsma,pbrugsmabz@ucla.edu,Male,6/2/2018
433,Ramon,Abercrombie,rabercrombiec0@scientificamerican.com,Male,5/15/2018
434,Chiquita,Iczokvitz,ciczokvitzc1@plala.or.jp,Female,5/14/2018
435,Cindie,Gawke,cgawkec2@ow.ly,Female,5/27/2018
436,Gertruda,Krikorian,gkrikorianc3@google.it,Female,6/30/2018
437,Marcel,Clyant,mclyantc4@mtv.com,Male,6/4/2018
438,Ly,McMahon,lmcmahonc5@ebay.co.uk,Male,4/6/2018
439,Vivian,Dosdale,vdosdalec6@cafepress.com,Female,7/19/2018
440,Diego,Crew,dcrewc7@elpais.com,Male,5/5/2018
441,Griz,Matei,gmateic8@yale.edu,Male,3/4/2018
442,Sterling,Austen,saustenc9@myspace.com,Male,6/1/2018
443,Chev,Stoggles,cstogglesca@si.edu,Male,8/27/2018
444,Izak,Wych,iwychcb@tinyurl.com,Male,12/22/2017
445,Ira,Rubinowicz,irubinowiczcc@sun.com,Female,8/20/2018
446,Roze,O'Hannay,rohannaycd@wsj.com,Female,10/20/2018
447,Giacopo,Benardeau,gbenardeauce@wiley.com,Male,6/12/2018
448,Monro,Janssen,mjanssencf@wunderground.com,Male,5/3/2018
449,Brewer,Isaacs,bisaacscg@pagesperso-orange.fr,Male,1/10/2018
450,Barnie,Greeding,bgreedingch@altervista.org,Male,11/19/2018
451,Nikkie,Meaking,nmeakingci@nps.gov,Female,11/22/2018
452,Chancey,Solloway,csollowaycj@parallels.com,Male,2/5/2018
453,Saxon,Good,sgoodck@chron.com,Male,3/6/2018
454,Zorina,Simonassi,zsimonassicl@sphinn.com,Female,4/9/2018
455,Lacee,Vescovo,lvescovocm@va.gov,Female,12/17/2017
456,Rhiamon,Branney,rbranneycn@senate.gov,Female,4/29/2018
457,Brandi,Bagnal,bbagnalco@patch.com,Female,4/11/2018
458,Robinette,Sarver,rsarvercp@theatlantic.com,Female,12/28/2017
459,Celine,Meighan,cmeighancq@hibu.com,Female,11/24/2018
460,Forster,Retallack,fretallackcr@istockphoto.com,Male,2/12/2018
461,Arleyne,Nichols,anicholscs@unesco.org,Female,11/23/2018
462,Lurleen,Balsdone,lbalsdonect@bluehost.com,Female,11/11/2018
463,Clayton,Thunderman,cthundermancu@yellowbook.com,Male,9/1/2018
464,Kat,Joesbury,kjoesburycv@discuz.net,Female,10/22/2018
465,Sib,Wordsley,swordsleycw@loc.gov,Female,10/23/2018
466,Georgy,Struijs,gstruijscx@goo.ne.jp,Male,4/9/2018
467,Coletta,Bockmaster,cbockmastercy@hc360.com,Female,12/30/2017
468,Kirsti,Denkin,kdenkincz@mac.com,Female,11/17/2018
469,Marlene,Panton,mpantond0@wisc.edu,Female,8/9/2018
470,Whit,Semiraz,wsemirazd1@vimeo.com,Male,3/30/2018
471,Ana,Godspede,agodspeded2@drupal.org,Female,1/15/2018
472,Saidee,Dunphy,sdunphyd3@cam.ac.uk,Female,6/7/2018
473,Germaine,Hadeke,ghadeked4@pcworld.com,Male,2/27/2018
474,Jaimie,Bonafacino,jbonafacinod5@imageshack.us,Female,10/3/2018
475,Raff,Eastment,reastmentd6@free.fr,Male,10/25/2018
476,Kayle,Derycot,kderycotd7@utexas.edu,Female,6/5/2018
477,Marguerite,Carnell,mcarnelld8@usnews.com,Female,3/24/2018
478,Urbain,Egger,ueggerd9@fotki.com,Male,11/15/2018
479,Octavia,Gerish,ogerishda@skype.com,Female,6/4/2018
480,Dalton,Deverose,ddeverosedb@simplemachines.org,Male,11/29/2018
481,Reidar,Blissett,rblissettdc@narod.ru,Male,1/5/2018
482,Chester,Mabon,cmabondd@msn.com,Male,1/19/2018
483,Nikkie,Walles,nwallesde@networkadvertising.org,Female,6/15/2018
484,Fernanda,MacDaid,fmacdaiddf@google.co.jp,Female,3/15/2018
485,Hank,Threader,hthreaderdg@sfgate.com,Male,1/5/2018
486,Chancey,Oxnam,coxnamdh@sogou.com,Male,11/7/2018
487,Nehemiah,Janicki,njanickidi@godaddy.com,Male,4/9/2018
488,Ottilie,Feild,ofeilddj@merriam-webster.com,Female,5/23/2018
489,Scarface,Shildrake,sshildrakedk@thetimes.co.uk,Male,8/9/2018
490,Lindsey,Thickens,lthickensdl@feedburner.com,Male,4/4/2018
491,Tanner,Richfield,trichfielddm@rakuten.co.jp,Male,1/7/2018
492,Shanie,Fernely,sfernelydn@ebay.co.uk,Female,12/30/2017
493,Dacia,Heggie,dheggiedo@jiathis.com,Female,8/15/2018
494,Shadow,Izatt,sizattdp@irs.gov,Male,4/22/2018
495,Sidnee,Sute,ssutedq@rakuten.co.jp,Male,7/26/2018
496,Jermaine,Topper,jtopperdr@printfriendly.com,Male,7/25/2018
497,Peria,Duchateau,pduchateauds@walmart.com,Female,7/25/2018
498,Vicki,Durgan,vdurgandt@omniture.com,Female,6/23/2018
499,Cord,Camosso,ccamossodu@upenn.edu,Male,1/31/2018
500,Dawna,Bradnick,dbradnickdv@tiny.cc,Female,10/27/2018
501,Kelsey,Summons,ksummonsdw@lycos.com,Female,4/12/2018
502,Yoko,Ditty,ydittydx@infoseek.co.jp,Female,6/4/2018
503,Mollee,Conelly,mconellydy@bbb.org,Female,2/28/2018
504,Chalmers,Winspear,cwinspeardz@time.com,Male,12/24/2017
505,Randell,Tickel,rtickele0@digg.com,Male,2/20/2018
506,Eydie,Puller,epullere1@ovh.net,Female,10/1/2018
507,Barrie,Trout,btroute2@phpbb.com,Male,7/28/2018
508,Atlanta,Poulett,apoulette3@imageshack.us,Female,7/7/2018
509,Joanne,Targe,jtargee4@google.pl,Female,3/16/2018
510,Giusto,Nelm,gnelme5@wired.com,Male,4/21/2018
511,Saudra,Yewman,syewmane6@macromedia.com,Female,6/21/2018
512,Aldon,Couldwell,acouldwelle7@vimeo.com,Male,4/25/2018
513,Dania,Innman,dinnmane8@sun.com,Female,5/21/2018
514,Elysia,Jessop,ejessope9@reddit.com,Female,4/23/2018
515,Ban,Colson,bcolsonea@tmall.com,Male,7/6/2018
516,Karen,Birwhistle,kbirwhistleeb@1und1.de,Female,9/27/2018
517,Huntlee,Jewess,hjewessec@seesaa.net,Male,3/30/2018
518,Bran,Hartles,bhartlesed@skype.com,Male,6/8/2018
519,Kristan,Lauthian,klauthianee@mozilla.com,Female,9/14/2018
520,Gui,Dozdill,gdozdillef@icio.us,Female,2/13/2018
521,Holly-anne,Bisp,hbispeg@businesswire.com,Female,5/14/2018
522,Lenee,Carmont,lcarmonteh@youku.com,Female,6/7/2018
523,Palmer,Madle,pmadleei@gizmodo.com,Male,4/9/2018
524,Melisande,Vonderdell,mvonderdellej@odnoklassniki.ru,Female,4/20/2018
525,Katrine,Sandy,ksandyek@japanpost.jp,Female,10/13/2018
526,Sidoney,O'Lynn,solynnel@imageshack.us,Female,7/16/2018
527,Rickie,Outhwaite,routhwaiteem@hibu.com,Male,7/3/2018
528,Putnem,Constanza,pconstanzaen@shutterfly.com,Male,8/4/2018
529,Marten,Fowls,mfowlseo@apple.com,Male,3/12/2018
530,Hadlee,Gerrels,hgerrelsep@webnode.com,Male,5/7/2018
531,Archy,Cosgriff,acosgriffeq@opera.com,Male,12/11/2017
532,Chip,Gallardo,cgallardoer@github.io,Male,1/29/2018
533,Myrtice,Bewshire,mbewshirees@360.cn,Female,1/24/2018
534,Lea,Garrison,lgarrisonet@prnewswire.com,Female,10/26/2018
535,Bethany,Heppenspall,bheppenspalleu@opera.com,Female,3/17/2018
536,Woodman,Ridgewell,wridgewellev@cbslocal.com,Male,8/21/2018
537,Jillie,Bakesef,jbakesefew@wp.com,Female,3/4/2018
538,Thorstein,Bacon,tbaconex@economist.com,Male,2/21/2018
539,Humfrid,Kleinplac,hkleinplacey@phoca.cz,Male,5/3/2018
540,Franklyn,Kindle,fkindleez@gmpg.org,Male,2/13/2018
541,Margarethe,Glowacha,mglowachaf0@nature.com,Female,1/2/2018
542,Angil,Bladesmith,abladesmithf1@zimbio.com,Female,6/3/2018
543,Mason,Vasovic,mvasovicf2@dailymail.co.uk,Male,10/23/2018
544,Leora,Ravens,lravensf3@facebook.com,Female,10/23/2018
545,Karisa,Fattore,kfattoref4@elegantthemes.com,Female,8/9/2018
546,Yale,Stabler,ystablerf5@craigslist.org,Male,6/26/2018
547,Kerby,Mathivon,kmathivonf6@house.gov,Male,1/2/2018
548,Clifford,Whight,cwhightf7@bloglines.com,Male,8/1/2018
549,Hildagard,Rand,hrandf8@altervista.org,Female,9/26/2018
550,Felicity,Simco,fsimcof9@google.com,Female,12/26/2017
551,Dorotea,Linnane,dlinnanefa@tamu.edu,Female,11/8/2018
552,Cleon,Chedzoy,cchedzoyfb@pcworld.com,Male,6/14/2018
553,Zachery,Siggee,zsiggeefc@youku.com,Male,3/14/2018
554,Cathe,Camilio,ccamiliofd@xing.com,Female,8/22/2018
555,Richie,Humbatch,rhumbatchfe@google.com.au,Male,11/12/2018
556,Rafaelia,Orsman,rorsmanff@miitbeian.gov.cn,Female,7/6/2018
557,Hali,Baytrop,hbaytropfg@creativecommons.org,Female,6/23/2018
558,Emmery,Hartil,ehartilfh@smh.com.au,Male,7/23/2018
559,Meris,Scowcraft,mscowcraftfi@auda.org.au,Female,6/15/2018
560,Mikel,Cappell,mcappellfj@canalblog.com,Male,3/24/2018
561,Aurthur,Cockerell,acockerellfk@vk.com,Male,11/14/2018
562,Daryl,Padginton,dpadgintonfl@sourceforge.net,Male,11/1/2018
563,Nessie,Blazek,nblazekfm@etsy.com,Female,6/4/2018
564,Travus,Grisenthwaite,tgrisenthwaitefn@ocn.ne.jp,Male,6/1/2018
565,Malvina,Wheeliker,mwheelikerfo@independent.co.uk,Female,3/6/2018
566,Sky,Ipsgrave,sipsgravefp@amazonaws.com,Male,3/30/2018
567,Jillayne,Pinxton,jpinxtonfq@wix.com,Female,7/15/2018
568,Esra,Asmus,easmusfr@theatlantic.com,Male,7/25/2018
569,Lorne,Jumel,ljumelfs@japanpost.jp,Male,12/3/2018
570,Rikki,Shelton,rsheltonft@multiply.com,Male,12/8/2018
571,Korney,Brummitt,kbrummittfu@twitter.com,Female,1/23/2018
572,Edin,McGawn,emcgawnfv@reddit.com,Female,4/16/2018
573,Glyn,Hartington,ghartingtonfw@dagondesign.com,Female,8/11/2018
574,Ninetta,Maystone,nmaystonefx@yelp.com,Female,11/16/2018
575,Terrell,Bantick,tbantickfy@booking.com,Male,8/25/2018
576,Say,Saffill,ssaffillfz@comsenz.com,Male,2/17/2018
577,Bertie,Corfield,bcorfieldg0@twitpic.com,Male,6/22/2018
578,Susann,Van der Brug,svanderbrugg1@t.co,Female,4/19/2018
579,Ashly,Preist,apreistg2@wix.com,Female,12/18/2017
580,Willow,Antonomoli,wantonomolig3@dmoz.org,Female,3/12/2018
581,Rena,Rummings,rrummingsg4@hc360.com,Female,2/3/2018
582,Annemarie,Kohlert,akohlertg5@google.es,Female,10/8/2018
583,Che,Quig,cquigg6@ebay.co.uk,Male,8/2/2018
584,Eugine,Daldan,edaldang7@miitbeian.gov.cn,Female,10/4/2018
585,Juline,Kynnd,jkynndg8@vk.com,Female,3/28/2018
586,Crissie,Deignan,cdeignang9@yahoo.co.jp,Female,5/5/2018
587,Connor,Maven,cmavenga@nymag.com,Male,1/31/2018
588,Eldin,Gerrett,egerrettgb@storify.com,Male,2/7/2018
589,Ephraim,Comi,ecomigc@cbslocal.com,Male,11/4/2018
590,Marwin,McLise,mmclisegd@bizjournals.com,Male,3/23/2018
591,Lori,Brastead,lbrasteadge@163.com,Female,7/13/2018
592,Kerwinn,Parsley,kparsleygf@dion.ne.jp,Male,2/14/2018
593,Malia,Taffs,mtaffsgg@canalblog.com,Female,11/27/2018
594,Chrisy,Ollett,collettgh@newsvine.com,Male,7/2/2018
595,Kimberly,Dutchburn,kdutchburngi@google.pl,Female,5/19/2018
596,Charmaine,Carl,ccarlgj@dedecms.com,Female,10/12/2018
597,Torey,Esland,teslandgk@wikia.com,Female,3/17/2018
598,Barnaby,Drinkel,bdrinkelgl@hibu.com,Male,12/3/2018
599,Somerset,Liquorish,sliquorishgm@house.gov,Male,6/30/2018
600,Sampson,Ginner,sginnergn@addthis.com,Male,6/8/2018
601,Patrice,Whaites,pwhaitesgo@prnewswire.com,Male,12/15/2017
602,Roby,McKue,rmckuegp@reverbnation.com,Female,8/29/2018
603,Hilliary,McVeigh,hmcveighgq@vimeo.com,Female,2/26/2018
604,Lorilee,Betteridge,lbetteridgegr@ucoz.com,Female,11/29/2018
605,Padgett,Lavalle,plavallegs@nasa.gov,Male,9/27/2018
606,Kendall,Rittmeier,krittmeiergt@amazon.co.jp,Male,11/15/2018
607,Fae,Skone,fskonegu@google.nl,Female,5/26/2018
608,Karlen,Driscoll,kdriscollgv@unesco.org,Female,1/30/2018
609,Izak,Edmund,iedmundgw@angelfire.com,Male,10/21/2018
610,Oates,Bento,obentogx@washingtonpost.com,Male,7/29/2018
611,Ellene,Glisenan,eglisenangy@comsenz.com,Female,11/16/2018
612,Sephira,Waterfield,swaterfieldgz@fema.gov,Female,6/13/2018
613,Cal,Stanton,cstantonh0@washingtonpost.com,Female,5/15/2018
614,Sherri,McCuthais,smccuthaish1@mapquest.com,Female,2/20/2018
615,Vittorio,Drewson,vdrewsonh2@deliciousdays.com,Male,3/12/2018
616,Sibley,Hillam,shillamh3@whitehouse.gov,Female,12/29/2017
617,Letti,Chaster,lchasterh4@addthis.com,Female,7/29/2018
618,Louise,Caplen,lcaplenh5@apple.com,Female,12/6/2018
619,Gualterio,Keogh,gkeoghh6@ucla.edu,Male,7/16/2018
620,Romona,Rampling,rramplingh7@ox.ac.uk,Female,5/7/2018
621,Grantham,Lorek,glorekh8@wp.com,Male,4/21/2018
622,Marlon,De'Ath,mdeathh9@irs.gov,Male,10/24/2018
623,Brand,Lytell,blytellha@51.la,Male,12/19/2017
624,Jessa,Badrick,jbadrickhb@time.com,Female,9/18/2018
625,Norbert,Kingescot,nkingescothc@google.nl,Male,11/3/2018
626,Delores,Spencelayh,dspencelayhhd@istockphoto.com,Female,12/18/2017
627,Mendel,Prene,mprenehe@fotki.com,Male,9/9/2018
628,Andrey,Cabrera,acabrerahf@disqus.com,Male,12/26/2017
629,Olympe,Hairs,ohairshg@etsy.com,Female,12/7/2018
630,Jon,Roussel,jrousselhh@paypal.com,Male,11/7/2018
631,Kenon,Scrinage,kscrinagehi@nps.gov,Male,10/26/2018
632,Ofella,Rigmond,origmondhj@hexun.com,Female,8/30/2018
633,Walliw,Steels,wsteelshk@java.com,Female,12/21/2017
634,Charlot,Burgess,cburgesshl@patch.com,Female,5/13/2018
635,Artair,Woodhams,awoodhamshm@wisc.edu,Male,8/18/2018
636,Bondy,Ledbetter,bledbetterhn@typepad.com,Male,7/28/2018
637,Francene,Safell,fsafellho@etsy.com,Female,2/19/2018
638,Shayne,Connew,sconnewhp@ovh.net,Male,11/22/2018
639,Rorke,Bashford,rbashfordhq@blogger.com,Male,6/21/2018
640,Rhody,Gribben,rgribbenhr@google.it,Female,2/15/2018
641,Zonda,Fiddian,zfiddianhs@google.pl,Female,4/19/2018
642,Annabel,Gimber,agimberht@fc2.com,Female,1/5/2018
643,Araldo,Wedlake,awedlakehu@angelfire.com,Male,11/2/2018
644,Aline,Bedome,abedomehv@hugedomains.com,Female,9/6/2018
645,Marieann,Starmore,mstarmorehw@weibo.com,Female,11/29/2018
646,Royce,Dilliston,rdillistonhx@jiathis.com,Male,9/21/2018
647,Aurora,Weavers,aweavershy@etsy.com,Female,10/19/2018
648,Kare,Vannucci,kvannuccihz@unesco.org,Female,3/26/2018
649,Yuri,Crackel,ycrackeli0@google.com.au,Male,6/4/2018
650,Kara-lynn,Garden,kgardeni1@blogger.com,Female,10/2/2018
651,Radcliffe,Simpkiss,rsimpkissi2@google.ca,Male,11/29/2018
652,Kerianne,Coronado,kcoronadoi3@joomla.org,Female,5/10/2018
653,Moreen,Liccardi,mliccardii4@shareasale.com,Female,6/15/2018
654,Myrta,Vasyunichev,mvasyunichevi5@bing.com,Female,6/16/2018
655,Jobi,Comfort,jcomforti6@github.com,Female,7/3/2018
656,Petrina,Cornthwaite,pcornthwaitei7@delicious.com,Female,1/22/2018
657,Nial,Goldsby,ngoldsbyi8@answers.com,Male,7/7/2018
658,Cassandre,Gippes,cgippesi9@zimbio.com,Female,11/22/2018
659,Mikel,Bonnier,mbonnieria@seattletimes.com,Male,10/11/2018
660,Anni,Forgie,aforgieib@nymag.com,Female,7/15/2018
661,Sigismondo,Wimes,swimesic@google.ca,Male,10/30/2018
662,Cordey,Tolan,ctolanid@theguardian.com,Female,8/27/2018
663,Erik,Ishaki,eishakiie@uiuc.edu,Male,10/10/2018
664,Daphna,Davidman,ddavidmanif@indiatimes.com,Female,1/5/2018
665,Winthrop,Alexandrescu,walexandrescuig@unicef.org,Male,8/14/2018
666,Roxane,Dury,rduryih@xing.com,Female,10/11/2018
667,Domenic,Snellman,dsnellmanii@ihg.com,Male,7/25/2018
668,Gun,Klimowski,gklimowskiij@wiley.com,Male,6/23/2018
669,Kipp,Nowell,knowellik@merriam-webster.com,Male,11/11/2018
670,Sheppard,Romanet,sromanetil@gmpg.org,Male,1/9/2018
671,Melinde,Stannion,mstannionim@fastcompany.com,Female,8/27/2018
672,Bogey,Lempke,blempkein@mlb.com,Male,7/2/2018
673,Sofia,Agett,sagettio@amazon.de,Female,4/15/2018
674,Jay,Windless,jwindlessip@blogspot.com,Male,3/29/2018
675,Laurie,Markie,lmarkieiq@4shared.com,Male,1/11/2018
676,Gerianne,Sauven,gsauvenir@addtoany.com,Female,12/31/2017
677,Lawton,Duffitt,lduffittis@sphinn.com,Male,9/1/2018
678,Jayson,Mayhow,jmayhowit@multiply.com,Male,9/28/2018
679,Jemmie,Toman,jtomaniu@freewebs.com,Female,9/21/2018
680,Jae,Ashpole,jashpoleiv@biblegateway.com,Male,1/2/2018
681,Sabrina,L'Hommee,slhommeeiw@discuz.net,Female,6/1/2018
682,Miles,Bevan,mbevanix@e-recht24.de,Male,4/22/2018
683,Karylin,Jugging,kjuggingiy@behance.net,Female,6/5/2018
684,Keriann,Pesterfield,kpesterfieldiz@nbcnews.com,Female,11/25/2018
685,Nikoletta,Bassano,nbassanoj0@hhs.gov,Female,8/1/2018
686,Kendricks,Pinfold,kpinfoldj1@smh.com.au,Male,9/29/2018
687,Ike,Dunwoody,idunwoodyj2@cbc.ca,Male,4/16/2018
688,Isabeau,Eric,iericj3@forbes.com,Female,3/17/2018
689,Jacky,Orrow,jorrowj4@imdb.com,Male,9/4/2018
690,Dinnie,Fiddler,dfiddlerj5@shinystat.com,Female,9/7/2018
691,Mill,Haughey,mhaugheyj6@angelfire.com,Male,1/29/2018
692,Ruddie,Uman,rumanj7@exblog.jp,Male,6/18/2018
693,Anna-diana,Syratt,asyrattj8@imdb.com,Female,5/28/2018
694,Ennis,Coundley,ecoundleyj9@addthis.com,Male,4/10/2018
695,Claudio,Walthew,cwalthewja@nytimes.com,Male,10/21/2018
696,Cathi,McArley,cmcarleyjb@ebay.com,Female,2/11/2018
697,Jyoti,Gooble,jgooblejc@dmoz.org,Female,12/23/2017
698,Waldon,Buchan,wbuchanjd@pinterest.com,Male,6/13/2018
699,Saul,Ottewill,sottewillje@blogspot.com,Male,8/29/2018
700,Annabell,Ballinger,aballingerjf@cnbc.com,Female,1/6/2018
701,Zia,Dunley,zdunleyjg@stumbleupon.com,Female,1/4/2018
702,Cassy,Ranaghan,cranaghanjh@bravesites.com,Female,10/3/2018
703,Damara,Vallack,dvallackji@nytimes.com,Female,8/30/2018
704,Caldwell,Popeley,cpopeleyjj@exblog.jp,Male,7/28/2018
705,Belicia,Speake,bspeakejk@phoca.cz,Female,12/31/2017
706,Nicoline,Cordeux,ncordeuxjl@1688.com,Female,10/10/2018
707,Brita,Ghione,bghionejm@oaic.gov.au,Female,11/12/2018
708,Bili,Rattenberie,brattenberiejn@cisco.com,Female,3/4/2018
709,Franklyn,Folshom,ffolshomjo@bbc.co.uk,Male,9/14/2018
710,Sapphire,Beeton,sbeetonjp@vimeo.com,Female,5/24/2018
711,Oliver,Bullivent,obulliventjq@freewebs.com,Male,10/29/2018
712,Eryn,Howcroft,ehowcroftjr@hostgator.com,Female,9/22/2018
713,Byrom,McGillreich,bmcgillreichjs@exblog.jp,Male,11/9/2018
714,Frazer,Manneville,fmannevillejt@printfriendly.com,Male,2/25/2018
715,Vere,Farrah,vfarrahju@ning.com,Female,2/2/2018
716,Joanie,Maryska,jmaryskajv@ameblo.jp,Female,10/19/2018
717,Agnola,Colombier,acolombierjw@loc.gov,Female,10/26/2018
718,Mariele,O'Dennehy,modennehyjx@opensource.org,Female,1/31/2018
719,Carl,Hacun,chacunjy@canalblog.com,Male,11/29/2018
720,Lotta,Orys,lorysjz@salon.com,Female,8/22/2018
721,Nat,Jersch,njerschk0@artisteer.com,Male,1/3/2018
722,Ardisj,Cockhill,acockhillk1@ucsd.edu,Female,11/1/2018
723,Diana,Defraine,ddefrainek2@army.mil,Female,4/21/2018
724,Lorin,Mongeot,lmongeotk3@wp.com,Male,6/9/2018
725,Bard,Dyster,bdysterk4@blogger.com,Male,9/17/2018
726,Artie,Bentote,abentotek5@dailymotion.com,Male,9/23/2018
727,Lauren,Dionsetto,ldionsettok6@mtv.com,Male,6/25/2018
728,Isacco,Gravett,igravettk7@hao123.com,Male,7/19/2018
729,Chantalle,Alesbrook,calesbrookk8@usgs.gov,Female,3/14/2018
730,Barth,Beckwith,bbeckwithk9@trellian.com,Male,4/8/2018
731,Doug,Gudeman,dgudemanka@comcast.net,Male,7/11/2018
732,Eleanor,Alesbrook,ealesbrookkb@upenn.edu,Female,2/19/2018
733,Karoline,Sinkinson,ksinkinsonkc@angelfire.com,Female,10/12/2018
734,Nevin,Claige,nclaigekd@ocn.ne.jp,Male,10/27/2018
735,Susan,Guilaem,sguilaemke@canalblog.com,Female,10/31/2018
736,Karna,Fruchon,kfruchonkf@fastcompany.com,Female,11/4/2018
737,Loren,Shufflebotham,lshufflebothamkg@cbc.ca,Male,1/15/2018
738,Chris,Jerzak,cjerzakkh@nih.gov,Female,9/21/2018
739,Dulcie,Krelle,dkrelleki@nasa.gov,Female,6/11/2018
740,Cully,Boulstridge,cboulstridgekj@cdbaby.com,Male,2/20/2018
741,Virgina,Rumens,vrumenskk@1688.com,Female,5/12/2018
742,Rosalind,Giorgetti,rgiorgettikl@a8.net,Female,3/18/2018
743,Hendrik,Doust,hdoustkm@networksolutions.com,Male,8/15/2018
744,Pavlov,Sarsfield,psarsfieldkn@bloglines.com,Male,6/30/2018
745,Cirstoforo,Greenig,cgreenigko@marketwatch.com,Male,1/11/2018
746,Wallas,Scimonelli,wscimonellikp@latimes.com,Male,4/13/2018
747,Leroi,Eliasson,leliassonkq@g.co,Male,9/5/2018
748,Kean,Yerrell,kyerrellkr@google.de,Male,6/6/2018
749,Fidela,Pidler,fpidlerks@msn.com,Female,10/26/2018
750,Kalil,Choules,kchouleskt@yellowbook.com,Male,3/25/2018
751,Hazel,Pidduck,hpidduckku@themeforest.net,Male,2/3/2018
752,Talbot,McLeary,tmclearykv@ebay.co.uk,Male,8/21/2018
753,Gennifer,Toth,gtothkw@foxnews.com,Female,10/14/2018
754,Adorne,Sturt,asturtkx@dailymail.co.uk,Female,10/6/2018
755,Sofia,Kinkaid,skinkaidky@ezinearticles.com,Female,10/27/2018
756,Melanie,Mandifield,mmandifieldkz@oakley.com,Female,11/13/2018
757,Hugh,Springer,hspringerl0@csmonitor.com,Male,7/30/2018
758,Novelia,Tummasutti,ntummasuttil1@yandex.ru,Female,6/24/2018
759,Shirl,Worvell,sworvelll2@washingtonpost.com,Female,5/2/2018
760,Trueman,Winterbourne,twinterbournel3@umn.edu,Male,6/24/2018
761,Royal,Houliston,rhoulistonl4@cornell.edu,Male,7/20/2018
762,Marja,Hake,mhakel5@hao123.com,Female,3/28/2018
763,Norry,Capey,ncapeyl6@360.cn,Male,8/19/2018
764,Maris,Devorill,mdevorilll7@pen.io,Female,1/31/2018
765,Sheree,Considine,sconsidinel8@cocolog-nifty.com,Female,3/8/2018
766,Annetta,Trelevan,atrelevanl9@archive.org,Female,5/19/2018
767,Daryn,Richardes,drichardesla@slashdot.org,Female,10/15/2018
768,Kort,South,ksouthlb@diigo.com,Male,10/6/2018
769,Gardy,Ballard,gballardlc@symantec.com,Male,1/11/2018
770,Camile,Lovart,clovartld@spiegel.de,Female,9/16/2018
771,Zack,Rosita,zrositale@wordpress.org,Male,5/3/2018
772,Sib,Rushmare,srushmarelf@java.com,Female,1/23/2018
773,Benoit,Focke,bfockelg@mail.ru,Male,6/14/2018
774,Joel,Sapir,jsapirlh@spotify.com,Male,5/2/2018
775,Suzanne,Erdely,serdelyli@imageshack.us,Female,4/2/2018
776,Mal,Hessentaler,mhessentalerlj@apple.com,Male,12/22/2017
777,Hali,Brearton,hbreartonlk@cam.ac.uk,Female,5/3/2018
778,Papagena,Kenzie,pkenziell@samsung.com,Female,3/8/2018
779,Ursuline,McIlwreath,umcilwreathlm@cdc.gov,Female,4/30/2018
780,Juliette,Bugg,jbuggln@unc.edu,Female,8/13/2018
781,Janey,Kondratyuk,jkondratyuklo@ucoz.com,Female,8/15/2018
782,Bruno,Packman,bpackmanlp@trellian.com,Male,2/16/2018
783,Wiatt,Bartczak,wbartczaklq@apache.org,Male,9/6/2018
784,Appolonia,Pesek,apeseklr@amazon.co.uk,Female,11/20/2018
785,Ashleigh,Igoe,aigoels@opensource.org,Female,10/8/2018
786,Torrence,Essery,tesserylt@diigo.com,Male,12/16/2017
787,Olvan,Erdes,oerdeslu@elpais.com,Male,10/22/2018
788,Tony,Grand,tgrandlv@nymag.com,Male,12/14/2017
789,Cassandry,Lain,clainlw@redcross.org,Female,8/17/2018
790,Estevan,Kimpton,ekimptonlx@so-net.ne.jp,Male,9/25/2018
791,Ernesto,Wordesworth,ewordesworthly@utexas.edu,Male,4/8/2018
792,Myrilla,Warton,mwartonlz@techcrunch.com,Female,4/15/2018
793,Benny,Caldeiro,bcaldeirom0@sciencedaily.com,Male,8/20/2018
794,Alastair,Mackelworth,amackelworthm1@prweb.com,Male,12/28/2017
795,Alyson,Rulf,arulfm2@4shared.com,Female,8/1/2018
796,Germain,Ives,givesm3@shop-pro.jp,Male,3/5/2018
797,Verene,Antoney,vantoneym4@tmall.com,Female,11/6/2018
798,Donny,O' Dornan,dodornanm5@simplemachines.org,Male,7/3/2018
799,Bartolomeo,Gillam,bgillamm6@mapy.cz,Male,4/2/2018
800,Craggie,Blase,cblasem7@hexun.com,Male,12/29/2017
801,Richmond,Luciani,rlucianim8@cbc.ca,Male,10/17/2018
802,Herman,Fliege,hfliegem9@seesaa.net,Male,11/13/2018
803,Marielle,Godman,mgodmanma@intel.com,Female,4/5/2018
804,Missy,Bloxam,mbloxammb@state.tx.us,Female,10/28/2018
805,Brandtr,Lamplugh,blamplughmc@ebay.com,Male,8/7/2018
806,Domini,Blague,dblaguemd@icq.com,Female,7/26/2018
807,Noe,Vaisey,nvaiseyme@dagondesign.com,Male,2/25/2018
808,Orson,Whitlock,owhitlockmf@chronoengine.com,Male,3/17/2018
809,Eddy,Kidwell,ekidwellmg@uiuc.edu,Male,10/22/2018
810,Lorrie,Hillaby,lhillabymh@desdev.cn,Male,11/21/2018
811,Colby,Hilliam,chilliammi@toplist.cz,Male,11/15/2018
812,Carita,Beresfore,cberesforemj@un.org,Female,11/2/2018
813,Kaye,Billingsly,kbillingslymk@devhub.com,Female,2/19/2018
814,Neale,Cosgreave,ncosgreaveml@youtu.be,Male,6/22/2018
815,Peyton,Lentsch,plentschmm@livejournal.com,Male,12/31/2017
816,Aubrey,Tocque,atocquemn@wufoo.com,Female,6/18/2018
817,Sergeant,Mulran,smulranmo@163.com,Male,9/7/2018
818,Ikey,Whitbread,iwhitbreadmp@businessinsider.com,Male,7/2/2018
819,Lockwood,Coaten,lcoatenmq@usa.gov,Male,5/24/2018
820,Dorie,Grieswood,dgrieswoodmr@ebay.co.uk,Male,12/19/2017
821,Shina,Spenceley,sspenceleyms@digg.com,Female,11/7/2018
822,Bunny,De Vaan,bdevaanmt@ted.com,Female,1/15/2018
823,Theodora,Zanetto,tzanettomu@unblog.fr,Female,1/5/2018
824,Corny,Whitney,cwhitneymv@rambler.ru,Female,10/24/2018
825,Loria,Beernaert,lbeernaertmw@admin.ch,Female,2/15/2018
826,Sylvan,Erridge,serridgemx@usgs.gov,Male,3/4/2018
827,Joel,Langmaid,jlangmaidmy@cmu.edu,Male,5/24/2018
828,Aridatha,Velti,aveltimz@hibu.com,Female,8/24/2018
829,Elicia,Schiefersten,eschieferstenn0@wikipedia.org,Female,12/13/2017
830,Doyle,Ledwidge,dledwidgen1@dell.com,Male,6/20/2018
831,Rebekkah,Panyer,rpanyern2@clickbank.net,Female,10/1/2018
832,Wenona,Sawley,wsawleyn3@hibu.com,Female,4/5/2018
833,Nyssa,Boeter,nboetern4@uol.com.br,Female,2/23/2018
834,Emory,Gaine,egainen5@stanford.edu,Male,3/26/2018
835,Charmaine,Gibbie,cgibbien6@cmu.edu,Female,12/13/2017
836,Fons,Kench,fkenchn7@rambler.ru,Male,11/16/2018
837,Clevie,Tompkin,ctompkinn8@clickbank.net,Male,9/14/2018
838,Keary,Cowitz,kcowitzn9@patch.com,Male,10/8/2018
839,Almeria,Manicomb,amanicombna@usatoday.com,Female,8/7/2018
840,Hanson,Edinborough,hedinboroughnb@cpanel.net,Male,3/28/2018
841,Vannie,Martyn,vmartynnc@answers.com,Female,1/28/2018
842,Fannie,Espy,fespynd@reference.com,Female,4/24/2018
843,Andros,Liley,alileyne@ask.com,Male,9/19/2018
844,Lucinda,Whittles,lwhittlesnf@vk.com,Female,4/19/2018
845,Wilie,Garcia,wgarciang@nasa.gov,Female,10/28/2018
846,Oona,Rafferty,oraffertynh@nsw.gov.au,Female,12/6/2018
847,Tommy,D'Adamo,tdadamoni@51.la,Male,12/14/2017
848,Berne,Tart,btartnj@china.com.cn,Male,12/29/2017
849,Willabella,McCleod,wmccleodnk@ucoz.ru,Female,8/11/2018
850,Dennison,Treece,dtreecenl@nhs.uk,Male,5/14/2018
851,Daisi,Pointin,dpointinnm@forbes.com,Female,1/4/2018
852,Nat,Wulfinger,nwulfingernn@ow.ly,Male,9/5/2018
853,Benji,Jenman,bjenmanno@nifty.com,Male,1/11/2018
854,Lucille,Jagiela,ljagielanp@yale.edu,Female,11/8/2018
855,Shanon,Worsfield,sworsfieldnq@e-recht24.de,Female,4/4/2018
856,Konstanze,Whorlton,kwhorltonnr@wix.com,Female,11/27/2018
857,Noel,Pollack,npollackns@jalbum.net,Female,5/11/2018
858,Carole,Gillinghams,cgillinghamsnt@bigcartel.com,Female,1/2/2018
859,Loretta,Letcher,lletchernu@ifeng.com,Female,7/29/2018
860,Burch,Gullen,bgullennv@reference.com,Male,4/17/2018
861,Eustace,Shrigley,eshrigleynw@theglobeandmail.com,Male,7/28/2018
862,Tripp,Cardello,tcardellonx@dion.ne.jp,Male,3/15/2018
863,Jonathan,Faiers,jfaiersny@facebook.com,Male,11/25/2018
864,Ulises,Ruoss,uruossnz@discuz.net,Male,2/25/2018
865,Agnella,Halligan,ahalligano0@gov.uk,Female,6/28/2018
866,Marie-ann,Josefovic,mjosefovico1@home.pl,Female,8/10/2018
867,Audre,Quarterman,aquartermano2@1und1.de,Female,11/15/2018
868,Teodor,Guerriero,tguerrieroo3@fema.gov,Male,10/12/2018
869,Janine,Domenge,jdomengeo4@slideshare.net,Female,4/15/2018
870,Desirae,Vannoort,dvannoorto5@feedburner.com,Female,9/1/2018
871,Geoff,Fitzer,gfitzero6@google.co.uk,Male,7/30/2018
872,Mychal,Huxstep,mhuxstepo7@nbcnews.com,Male,11/13/2018
873,Eve,Gillis,egilliso8@uiuc.edu,Female,10/21/2018
874,Johnathon,Eilhart,jeilharto9@mozilla.com,Male,5/14/2018
875,Kassi,Mallett,kmallettoa@soundcloud.com,Female,1/10/2018
876,Dodi,Gadeaux,dgadeauxob@reuters.com,Female,5/17/2018
877,Benny,Staunton,bstauntonoc@cbsnews.com,Male,10/10/2018
878,Claudette,Eglinton,ceglintonod@gov.uk,Female,7/14/2018
879,Jilleen,Applegate,japplegateoe@youku.com,Female,12/4/2018
880,Lorianne,Petruska,lpetruskaof@meetup.com,Female,11/13/2018
881,Tomasine,Andreichik,tandreichikog@amazon.co.uk,Female,7/4/2018
882,Ivory,Thornewell,ithornewelloh@flickr.com,Female,9/9/2018
883,Gib,Scoffins,gscoffinsoi@yale.edu,Male,4/16/2018
884,Binni,Brass,bbrassoj@bbb.org,Female,4/28/2018
885,Godiva,Blayd,gblaydok@theatlantic.com,Female,10/5/2018
886,Laurie,Hamblyn,lhamblynol@prweb.com,Male,11/4/2018
887,Brice,Balloch,bballochom@addthis.com,Male,4/18/2018
888,Dolley,Mc Harg,dmchargon@mysql.com,Female,3/1/2018
889,Aurelie,Barthorpe,abarthorpeoo@census.gov,Female,1/26/2018
890,Kendal,Kalderon,kkalderonop@etsy.com,Male,1/10/2018
891,Travers,Crannage,tcrannageoq@mapy.cz,Male,6/8/2018
892,Murray,Tinham,mtinhamor@si.edu,Male,1/13/2018
893,Missy,Lebrun,mlebrunos@imageshack.us,Female,8/19/2018
894,Cathee,Gersam,cgersamot@europa.eu,Female,8/18/2018
895,Franciska,Lammert,flammertou@scientificamerican.com,Female,12/25/2017
896,Concettina,Fallowfield,cfallowfieldov@epa.gov,Female,10/27/2018
897,Jard,Liebrecht,jliebrechtow@opera.com,Male,12/31/2017
898,Jorry,Drance,jdranceox@zimbio.com,Female,11/1/2018
899,Cody,Ashmole,cashmoleoy@google.cn,Male,8/22/2018
900,Wiatt,Beekmann,wbeekmannoz@chronoengine.com,Male,8/26/2018
901,Nickolai,Burniston,nburnistonp0@discovery.com,Male,7/7/2018
902,Elliott,Simonelli,esimonellip1@macromedia.com,Male,1/17/2018
903,Thebault,Kiwitz,tkiwitzp2@angelfire.com,Male,6/12/2018
904,Anallese,Pudan,apudanp3@blinklist.com,Female,11/18/2018
905,Cindi,Chstney,cchstneyp4@seattletimes.com,Female,2/15/2018
906,Nadine,Fraulo,nfraulop5@reuters.com,Female,8/29/2018
907,Shannan,Chalfant,schalfantp6@reddit.com,Male,12/1/2018
908,Gwennie,Legges,gleggesp7@webnode.com,Female,3/28/2018
909,Wandie,Slorach,wslorachp8@bloglines.com,Female,4/1/2018
910,Norrie,Goudy,ngoudyp9@bing.com,Male,1/4/2018
911,Godfree,Kleinmintz,gkleinmintzpa@cargocollective.com,Male,3/14/2018
912,Hope,Bellin,hbellinpb@ocn.ne.jp,Female,10/19/2018
913,Purcell,Greatbanks,pgreatbankspc@ox.ac.uk,Male,11/22/2018
914,Iolande,Sayer,isayerpd@purevolume.com,Female,7/24/2018
915,Daren,Darridon,ddarridonpe@domainmarket.com,Male,9/25/2018
916,Delmor,Gavey,dgaveypf@webeden.co.uk,Male,5/8/2018
917,Dayna,Davidofski,ddavidofskipg@4shared.com,Female,6/29/2018
918,Urban,Dun,udunph@prlog.org,Male,7/26/2018
919,Cary,Blemings,cblemingspi@flavors.me,Female,5/1/2018
920,Derrick,Greenig,dgreenigpj@theglobeandmail.com,Male,12/15/2017
921,Chelsie,Kurth,ckurthpk@sfgate.com,Female,10/24/2018
922,Chance,Lade,cladepl@ted.com,Male,6/17/2018
923,Mohandis,Kobisch,mkobischpm@people.com.cn,Male,8/18/2018
924,Harlie,Crossby,hcrossbypn@nymag.com,Female,7/16/2018
925,Vonni,Evens,vevenspo@i2i.jp,Female,12/27/2017
926,Florance,Danielczyk,fdanielczykpp@hc360.com,Female,11/14/2018
927,Bettine,Brightling,bbrightlingpq@miitbeian.gov.cn,Female,4/9/2018
928,Lawry,Caile,lcailepr@nbcnews.com,Male,2/1/2018
929,Bernelle,Draisey,bdraiseyps@discovery.com,Female,3/10/2018
930,Thomas,Heaselgrave,theaselgravept@prlog.org,Male,12/3/2018
931,Ardella,Parfrey,aparfreypu@xing.com,Female,8/26/2018
932,Milt,Flemyng,mflemyngpv@eventbrite.com,Male,12/16/2017
933,Phylis,Rigglesford,prigglesfordpw@bloomberg.com,Female,2/14/2018
934,Alonzo,Calendar,acalendarpx@tiny.cc,Male,11/25/2018
935,Eddie,De Simone,edesimonepy@noaa.gov,Male,9/28/2018
936,Milzie,Huddle,mhuddlepz@comcast.net,Female,6/26/2018
937,Thea,Milton-White,tmiltonwhiteq0@skyrock.com,Female,2/26/2018
938,Giuditta,Lavender,glavenderq1@creativecommons.org,Female,10/28/2018
939,Kathryne,Snaddon,ksnaddonq2@naver.com,Female,7/15/2018
940,Emery,Berzons,eberzonsq3@howstuffworks.com,Male,9/15/2018
941,Derrick,Brame,dbrameq4@msn.com,Male,6/26/2018
942,Carson,Jones,cjonesq5@blinklist.com,Male,2/22/2018
943,Marleah,Neljes,mneljesq6@google.it,Female,12/21/2017
944,Riva,Richardon,rrichardonq7@desdev.cn,Female,11/7/2018
945,Armin,Gowry,agowryq8@cpanel.net,Male,11/14/2018
946,Ashleigh,Terbrugge,aterbruggeq9@eventbrite.com,Female,5/22/2018
947,Friederike,Dronsfield,fdronsfieldqa@irs.gov,Female,6/20/2018
948,Currie,Leithgoe,cleithgoeqb@jigsy.com,Male,8/30/2018
949,Tiler,Philbrook,tphilbrookqc@indiegogo.com,Male,3/9/2018
950,Mercie,Bogaert,mbogaertqd@google.co.uk,Female,3/23/2018
951,Brett,Allinson,ballinsonqe@gnu.org,Female,3/13/2018
952,Jarrod,Melby,jmelbyqf@sciencedaily.com,Male,11/11/2018
953,Goddart,Thorneloe,gthorneloeqg@cdc.gov,Male,6/10/2018
954,Chloris,Sillick,csillickqh@etsy.com,Female,3/26/2018
955,Janeta,Brundle,jbrundleqi@wix.com,Female,2/4/2018
956,Erny,Impy,eimpyqj@google.de,Male,5/16/2018
957,Lorette,Vass,lvassqk@vk.com,Female,9/30/2018
958,Valerye,O'Ferris,voferrisql@weather.com,Female,7/1/2018
959,Glenda,Carroll,gcarrollqm@npr.org,Female,3/29/2018
960,Kent,Cuttelar,kcuttelarqn@unesco.org,Male,3/30/2018
961,Kipp,Tiddy,ktiddyqo@tiny.cc,Male,7/24/2018
962,Alexei,MacCome,amaccomeqp@toplist.cz,Male,11/14/2018
963,Evita,Ellwood,eellwoodqq@china.com.cn,Female,12/20/2017
964,Tallulah,Shreve,tshreveqr@discovery.com,Female,2/16/2018
965,Shelba,Weald,swealdqs@eepurl.com,Female,2/15/2018
966,Eldin,Siviter,esiviterqt@shareasale.com,Male,8/27/2018
967,Ogdan,Duffie,oduffiequ@senate.gov,Male,5/23/2018
968,Alexandro,Armell,aarmellqv@si.edu,Male,1/30/2018
969,Carleton,Preshaw,cpreshawqw@creativecommons.org,Male,3/17/2018
970,Davon,Bricksey,dbrickseyqx@ning.com,Male,10/20/2018
971,Durward,Knoton,dknotonqy@sitemeter.com,Male,1/1/2018
972,Patric,Kleinberer,pkleinbererqz@cornell.edu,Male,6/12/2018
973,Isacco,Idel,iidelr0@independent.co.uk,Male,4/9/2018
974,Dory,Boost,dboostr1@gizmodo.com,Male,11/20/2018
975,Even,Jeannon,ejeannonr2@alexa.com,Male,3/27/2018
976,James,Mulroy,jmulroyr3@qq.com,Male,11/6/2018
977,Berkly,Norssister,bnorssisterr4@buzzfeed.com,Male,8/22/2018
978,Chrystal,Dmitr,cdmitrr5@msn.com,Female,12/29/2017
979,Ethelbert,Barthel,ebarthelr6@slate.com,Male,4/6/2018
980,Davina,Serris,dserrisr7@springer.com,Female,1/26/2018
981,Udell,Ormonde,uormonder8@home.pl,Male,5/7/2018
982,Tybie,Litherborough,tlitherboroughr9@ca.gov,Female,10/17/2018
983,Caren,Simonou,csimonoura@nasa.gov,Female,3/8/2018
984,Robinett,Traice,rtraicerb@harvard.edu,Female,8/22/2018
985,Emelda,Striker,estrikerrc@flavors.me,Female,5/8/2018
986,Clementia,Evreux,cevreuxrd@rambler.ru,Female,9/29/2018
987,Chaddie,Keedwell,ckeedwellre@ftc.gov,Male,12/13/2017
988,Bamby,Allwell,ballwellrf@liveinternet.ru,Female,9/30/2018
989,Bryn,Lampkin,blampkinrg@cbc.ca,Male,11/20/2018
990,Axel,Lowman,alowmanrh@furl.net,Male,3/24/2018
991,Lorne,Bromage,lbromageri@infoseek.co.jp,Male,11/8/2018
992,Orelle,Mounce,omouncerj@craigslist.org,Female,10/27/2018
993,Kienan,Marsh,kmarshrk@bbc.co.uk,Male,5/18/2018
994,Katee,Dunton,kduntonrl@washington.edu,Female,12/23/2017
995,Giacinta,Bacchus,gbacchusrm@amazon.co.uk,Female,5/18/2018
996,Abigael,Petrovykh,apetrovykhrn@cafepress.com,Female,5/24/2018
997,Tory,Core,tcorero@wiley.com,Female,3/7/2018
998,Skyler,Bearfoot,sbearfootrp@facebook.com,Male,4/3/2018
999,Cody,Goldberg,cgoldbergrq@sciencedaily.com,Female,2/21/2018
1000,Sonny,Mulholland,smulhollandrr@omniture.com,Male,10/26/2018
