id,first_name,last_name,email,gender,birth_date
1,Nico,Mattsson,nmattsson0@hubpages.com,Male,12/24/2017
2,Emmalynn,Bradneck,ebradneck1@ft.com,Female,9/18/2018
3,Lark,Starbucke,lstarbucke2@hhs.gov,Female,12/31/2017
4,Fiona,Howieson,fhowieson3@cam.ac.uk,Female,10/30/2018
5,Benetta,Kopke,bkopke4@goo.gl,Female,2/10/2018
6,Derby,Poynton,dpoynton5@issuu.com,Male,4/7/2018
7,Nissa,Nathan,nnathan6@businesswire.com,Female,11/17/2018
8,Natasha,Killigrew,nkilligrew7@blogtalkradio.com,Female,4/9/2018
9,Christie,Jouannot,cjouannot8@yandex.ru,Female,1/25/2018
10,Tova,Fritschel,tfritschel9@yelp.com,Female,4/28/2018
11,Arlyn,Burrel,aburrela@webmd.com,Female,3/2/2018
12,Lotta,Renad,lrenadb@rediff.com,Female,11/13/2018
13,Gabriellia,Skayman,gskaymanc@msu.edu,Female,7/17/2018
14,Orsa,Manjot,omanjotd@state.tx.us,Female,10/29/2018
15,Gregoire,Duffer,gduffere@wsj.com,Male,7/29/2018
16,Celka,Tapner,ctapnerf@comsenz.com,Female,12/18/2017
17,Louisa,Elvey,lelveyg@infoseek.co.jp,Female,4/6/2018
18,Betti,Caldow,bcaldowh@phoca.cz,Female,2/19/2018
19,Ive,Gerald,igeraldi@hibu.com,Male,5/21/2018
20,Jerrome,McGeachie,jmcgeachiej@edublogs.org,Male,7/5/2018
21,Tobin,Whitticks,twhitticksk@opensource.org,Male,2/7/2018
22,Davidde,Gooderham,dgooderhaml@delicious.com,Male,11/28/2018
23,Flo,Boykett,fboykettm@histats.com,Female,7/31/2018
24,Celisse,Rubinowitch,crubinowitchn@comsenz.com,Female,12/1/2018
25,Forbes,Flancinbaum,fflancinbaumo@seesaa.net,Male,12/18/2017
26,Ailsun,Powdrell,apowdrellp@goo.gl,Female,2/17/2018
27,Myrah,Burdell,mburdellq@jugem.jp,Female,6/21/2018
28,Cleavland,Deesly,cdeeslyr@state.tx.us,Male,3/5/2018
29,Rourke,Tufts,rtuftss@posterous.com,Male,6/9/2018
30,Bud,Dockrell,bdockrellt@yellowpages.com,Male,10/8/2018
31,Bent,Carlon,bcarlonu@sun.com,Male,1/4/2018
32,Cristiano,Penswick,cpenswickv@ebay.com,Male,1/1/2018
33,Ignacius,Jedrysik,ijedrysikw@harvard.edu,Male,10/29/2018
34,Veronika,Strutt,vstruttx@howstuffworks.com,Female,6/19/2018
35,Roselin,Bolter,rboltery@over-blog.com,Female,1/8/2018
36,Anjanette,Rablin,arablinz@nps.gov,Female,7/5/2018
37,Rodney,Mungin,rmungin10@angelfire.com,Male,5/10/2018
38,Rudyard,Warrington,rwarrington11@about.me,Male,4/30/2018
39,Babbette,Rebanks,brebanks12@phoca.cz,Female,2/11/2018
40,Hephzibah,Scandred,hscandred13@about.me,Female,7/31/2018
41,Eileen,Brenstuhl,ebrenstuhl14@is.gd,Female,12/19/2017
42,Ignace,Probart,iprobart15@house.gov,Male,11/18/2018
43,Donnajean,Bugdell,dbugdell16@twitter.com,Female,1/1/2018
44,Demeter,Yerby,dyerby17@clickbank.net,Female,3/22/2018
45,Dani,Doul,ddoul18@state.gov,Female,8/13/2018
46,Levey,Hedderly,lhedderly19@nba.com,Male,12/1/2018
47,Marlow,Camel,mcamel1a@jigsy.com,Male,5/15/2018
48,Estella,Crilley,ecrilley1b@utexas.edu,Female,3/28/2018
49,Aili,Steinham,asteinham1c@123-reg.co.uk,Female,6/19/2018
50,Waylin,Standley,wstandley1d@quantcast.com,Male,11/16/2018
51,Edd,Espinosa,eespinosa1e@aboutads.info,Male,6/13/2018
52,Darbie,Leamon,dleamon1f@chron.com,Female,1/15/2018
53,Harmon,Chiverton,hchiverton1g@kickstarter.com,Male,6/8/2018
54,Adan,Logg,alogg1h@home.pl,Female,8/18/2018
55,Noella,Dimitriev,ndimitriev1i@biblegateway.com,Female,9/4/2018
56,Craggie,Fillery,cfillery1j@edublogs.org,Male,5/4/2018
57,Mohammed,Bertenshaw,mbertenshaw1k@macromedia.com,Male,5/7/2018
58,Carlos,Oki,coki1l@boston.com,Male,3/22/2018
59,Welby,Wrack,wwrack1m@economist.com,Male,5/13/2018
60,Gallard,Minelli,gminelli1n@gov.uk,Male,10/26/2018
61,Tobiah,Phifer,tphifer1o@nbcnews.com,Male,8/17/2018
62,Roarke,Laughtisse,rlaughtisse1p@utexas.edu,Male,12/30/2017
63,Aguste,Fishley,afishley1q@vimeo.com,Male,7/18/2018
64,Danya,Swindells,dswindells1r@google.co.jp,Female,11/2/2018
65,Tomkin,Woodfine,twoodfine1s@bbb.org,Male,8/17/2018
66,Ingra,Cowin,icowin1t@zdnet.com,Male,5/26/2018
67,Cristian,Luparti,cluparti1u@youtu.be,Male,1/11/2018
68,Leslie,Ryott,lryott1v@sogou.com,Male,8/26/2018
69,Tuck,Vawton,tvawton1w@free.fr,Male,7/15/2018
70,Rafferty,Wilgar,rwilgar1x@google.cn,Male,10/30/2018
71,Adore,Shoveller,ashoveller1y@phpbb.com,Female,12/8/2018
72,Lavina,Kewish,lkewish1z@weebly.com,Female,3/18/2018
73,Raviv,Napolione,rnapolione20@aol.com,Male,8/2/2018
74,Evangelia,Le Gall,elegall21@bizjournals.com,Female,6/10/2018
75,Agnese,Whannel,awhannel22@noaa.gov,Female,11/15/2018
76,Elvis,LeEstut,eleestut23@nifty.com,Male,7/26/2018
77,Angelika,Saile,asaile24@imgur.com,Female,11/26/2018
78,Sharyl,McGeady,smcgeady25@jugem.jp,Female,11/1/2018
79,Melvyn,Wingate,mwingate26@nhs.uk,Male,3/28/2018
80,Emily,Iacobassi,eiacobassi27@mac.com,Female,7/1/2018
81,Winona,Pessel,wpessel28@shareasale.com,Female,10/5/2018
82,Carma,O'Corrane,cocorrane29@blogtalkradio.com,Female,9/21/2018
83,Aleda,Barr,abarr2a@ehow.com,Female,12/5/2018
84,Chic,Esslemont,cesslemont2b@qq.com,Male,2/20/2018
85,Ron,Shorton,rshorton2c@va.gov,Male,9/2/2018
86,Sheelagh,Duffrie,sduffrie2d@google.es,Female,10/2/2018
87,Christoforo,Wherton,cwherton2e@elegantthemes.com,Male,8/16/2018
88,Skelly,Cassley,scassley2f@omniture.com,Male,3/16/2018
89,Wendie,Prinnett,wprinnett2g@google.nl,Female,8/10/2018
90,Adda,Berkley,aberkley2h@dagondesign.com,Female,3/2/2018
91,Clarissa,Hendrich,chendrich2i@pinterest.com,Female,4/10/2018
92,Madelaine,Faherty,mfaherty2j@prweb.com,Female,6/2/2018
93,Penn,Leven,pleven2k@wired.com,Male,9/13/2018
94,Shelly,Hallagan,shallagan2l@xrea.com,Female,5/17/2018
95,Shoshanna,Seaborn,sseaborn2m@gizmodo.com,Female,10/28/2018
96,Luke,Carnier,lcarnier2n@chicagotribune.com,Male,9/17/2018
97,Nevin,de Guise,ndeguise2o@marketwatch.com,Male,6/3/2018
98,Jeane,Raxworthy,jraxworthy2p@comsenz.com,Female,9/24/2018
99,Dell,Cottier,dcottier2q@miitbeian.gov.cn,Male,9/25/2018
100,Dyane,Betun,dbetun2r@earthlink.net,Female,7/5/2018
101,Al,Cruft,acruft2s@dmoz.org,Male,8/9/2018
102,Zacherie,Nottingam,znottingam2t@smugmug.com,Male,12/17/2017
103,Josy,Grouse,jgrouse2u@marriott.com,Female,7/29/2018
104,Estele,Challis,echallis2v@spotify.com,Female,6/7/2018
105,Cathleen,Minall,cminall2w@ask.com,Female,6/11/2018
106,Zorina,Meech,zmeech2x@pbs.org,Female,11/7/2018
107,Kally,Kennet,kkennet2y@paginegialle.it,Female,11/10/2018
108,Jarrid,Howsego,jhowsego2z@pbs.org,Male,7/20/2018
109,Randene,Helix,rhelix30@blogtalkradio.com,Female,7/24/2018
110,Ange,Loveless,aloveless31@loc.gov,Male,3/7/2018
111,Modesty,Covendon,mcovendon32@ted.com,Female,10/29/2018
112,Jeana,Buggs,jbuggs33@4shared.com,Female,8/31/2018
113,Rudiger,Barenski,rbarenski34@artisteer.com,Male,1/5/2018
114,Melanie,Gertz,mgertz35@nymag.com,Female,5/17/2018
115,Burlie,Martygin,bmartygin36@angelfire.com,Male,8/10/2018
116,Myra,Ratke,mratke37@nsw.gov.au,Female,11/1/2018
117,Dane,Houlden,dhoulden38@gravatar.com,Male,12/21/2017
118,Alberto,Alliott,aalliott39@redcross.org,Male,10/31/2018
119,Roxine,Faithorn,rfaithorn3a@nature.com,Female,11/5/2018
120,Puff,Thomas,pthomas3b@home.pl,Male,3/22/2018
121,Goran,Eddoes,geddoes3c@jigsy.com,Male,11/19/2018
122,Bren,Amer,bamer3d@reddit.com,Male,5/17/2018
123,Glyn,Langcaster,glangcaster3e@moonfruit.com,Male,3/13/2018
124,Hugues,Cassella,hcassella3f@merriam-webster.com,Male,10/15/2018
125,Arline,Orr,aorr3g@google.pl,Female,2/4/2018
126,Concettina,Dodds,cdodds3h@paginegialle.it,Female,10/21/2018
127,Wilhelm,Coughtrey,wcoughtrey3i@canalblog.com,Male,5/12/2018
128,Bronson,Trewartha,btrewartha3j@networksolutions.com,Male,3/6/2018
129,Perkin,Christoforou,pchristoforou3k@sphinn.com,Male,10/30/2018
130,Pammi,Vanni,pvanni3l@t-online.de,Female,2/20/2018
131,Virginie,Mahon,vmahon3m@weebly.com,Female,9/25/2018
132,Caspar,Challes,cchalles3n@parallels.com,Male,9/16/2018
133,Cathyleen,Pawels,cpawels3o@auda.org.au,Female,12/2/2018
134,Shayla,Drew-Clifton,sdrewclifton3p@princeton.edu,Female,5/21/2018
135,Kalila,Antonucci,kantonucci3q@lycos.com,Female,4/18/2018
136,Cherlyn,Markie,cmarkie3r@wordpress.org,Female,9/21/2018
137,Iver,Andras,iandras3s@icq.com,Male,6/12/2018
138,Dusty,Aloway,daloway3t@hatena.ne.jp,Female,5/7/2018
139,Yard,Coneybeare,yconeybeare3u@cpanel.net,Male,12/23/2017
140,Alyce,Byfield,abyfield3v@psu.edu,Female,7/1/2018
141,Berkley,Fidelli,bfidelli3w@typepad.com,Male,2/1/2018
142,Oran,Garbutt,ogarbutt3x@deviantart.com,Male,2/24/2018
143,Ruy,Quinton,rquinton3y@domainmarket.com,Male,10/23/2018
144,Joan,Horsewood,jhorsewood3z@usatoday.com,Female,2/27/2018
145,Shani,Giannazzo,sgiannazzo40@blinklist.com,Female,7/6/2018
146,Margi,Robjents,mrobjents41@dyndns.org,Female,9/27/2018
147,Joela,Gantlett,jgantlett42@mlb.com,Female,6/2/2018
148,Ali,Stanlake,astanlake43@cmu.edu,Male,8/31/2018
149,Stern,Doldon,sdoldon44@eepurl.com,Male,11/16/2018
150,Dimitri,Gouldie,dgouldie45@networksolutions.com,Male,12/24/2017
151,Dorise,Oxenbury,doxenbury46@amazon.de,Female,11/6/2018
152,Skell,Halsall,shalsall47@nba.com,Male,12/14/2017
153,Ruth,Mansuer,rmansuer48@geocities.jp,Female,5/8/2018
154,Devi,Tuke,dtuke49@mail.ru,Female,10/1/2018
155,Valentina,MacWhan,vmacwhan4a@blinklist.com,Female,9/9/2018
156,Margret,Carolan,mcarolan4b@princeton.edu,Female,6/16/2018
157,Aloisia,McCarver,amccarver4c@bigcartel.com,Female,8/10/2018
158,Giorgi,Klimes,gklimes4d@xinhuanet.com,Male,5/23/2018
159,Cos,Wilstead,cwilstead4e@deliciousdays.com,Male,10/30/2018
160,Krystle,Hales,khales4f@nationalgeographic.com,Female,4/25/2018
161,Allene,Larrosa,alarrosa4g@homestead.com,Female,5/26/2018
162,Myrah,King,mking4h@ibm.com,Female,12/6/2018
163,Meryl,Schoroder,mschoroder4i@narod.ru,Male,1/24/2018
164,Bancroft,Daviot,bdaviot4j@bing.com,Male,4/3/2018
165,Engelbert,Petrozzi,epetrozzi4k@dedecms.com,Male,11/6/2018
166,Adoree,Scruby,ascruby4l@unblog.fr,Female,9/21/2018
167,Tisha,Crus,tcrus4m@seesaa.net,Female,10/5/2018
168,Audy,Collum,acollum4n@live.com,Female,11/14/2018
169,Belicia,Edelheit,bedelheit4o@slideshare.net,Female,6/14/2018
170,Ariella,Kasparski,akasparski4p@cpanel.net,Female,1/28/2018
171,Godwin,Mitie,gmitie4q@blinklist.com,Male,9/13/2018
172,Randell,Dyball,rdyball4r@boston.com,Male,7/16/2018
173,Michaela,California,mcalifornia4s@arizona.edu,Female,4/16/2018
174,Hedwiga,Pagel,hpagel4t@oakley.com,Female,6/12/2018
175,Ariela,Hamber,ahamber4u@soundcloud.com,Female,2/26/2018
176,Jody,Baglow,jbaglow4v@ning.com,Male,8/31/2018
177,Kathie,Canelas,kcanelas4w@twitter.com,Female,8/25/2018
178,Horton,Smythe,hsmythe4x@csmonitor.com,Male,2/27/2018
179,Nev,Doak,ndoak4y@tumblr.com,Male,2/24/2018
180,Wallis,Ollier,wollier4z@technorati.com,Female,11/22/2018
181,Laurens,Boxell,lboxell50@marriott.com,Male,4/3/2018
182,Gualterio,Nutty,gnutty51@acquirethisname.com,Male,9/24/2018
183,Vern,Spencelayh,vspencelayh52@parallels.com,Male,2/20/2018
184,Trescha,Lansdowne,tlansdowne53@exblog.jp,Female,3/7/2018
185,Mignonne,Bullocke,mbullocke54@state.tx.us,Female,6/16/2018
186,Felix,Iannini,fiannini55@facebook.com,Male,8/1/2018
187,Artur,Fruser,afruser56@altervista.org,Male,4/6/2018
188,Gregorius,Wetherburn,gwetherburn57@ezinearticles.com,Male,12/9/2018
189,Nicko,Falck,nfalck58@tumblr.com,Male,5/19/2018
190,Cyb,Hynam,chynam59@hp.com,Female,12/24/2017
191,Jason,Clement,jclement5a@ameblo.jp,Male,11/3/2018
192,Ruthanne,Huikerby,rhuikerby5b@meetup.com,Female,11/25/2018
193,Kennan,Vanderplas,kvanderplas5c@scribd.com,Male,1/17/2018
194,Hatty,Dorr,hdorr5d@artisteer.com,Female,1/13/2018
195,Selig,Laverenz,slaverenz5e@reuters.com,Male,11/4/2018
196,Scott,Stallebrass,sstallebrass5f@ucsd.edu,Male,12/16/2017
197,Manon,Rosencrantz,mrosencrantz5g@live.com,Female,3/14/2018
198,Brodie,Linstead,blinstead5h@symantec.com,Male,5/22/2018
199,Sigfried,Dickie,sdickie5i@livejournal.com,Male,12/6/2018
200,Casar,Worner,cworner5j@bbc.co.uk,Male,3/4/2018
201,Putnem,Trynor,ptrynor5k@google.de,Male,3/25/2018
202,Jackson,Reford,jreford5l@alibaba.com,Male,9/28/2018
203,Zena,Giacovazzo,zgiacovazzo5m@europa.eu,Female,12/21/2017
204,Alonso,Blankman,ablankman5n@drupal.org,Male,2/19/2018
205,Honoria,Romeril,hromeril5o@php.net,Female,4/20/2018
206,Catriona,Biever,cbiever5p@51.la,Female,1/20/2018
207,Frankie,Cleall,fcleall5q@ihg.com,Female,7/25/2018
208,Reese,Bockmaster,rbockmaster5r@ucsd.edu,Male,12/9/2018
209,Mahmud,Peacher,mpeacher5s@google.fr,Male,2/4/2018
210,Dudley,Cantera,dcantera5t@odnoklassniki.ru,Male,11/12/2018
211,Che,Beevor,cbeevor5u@marriott.com,Male,12/25/2017
212,Christoffer,Grima,cgrima5v@unblog.fr,Male,4/16/2018
213,Zelig,Bride,zbride5w@opera.com,Male,11/30/2018
214,Rourke,Evert,revert5x@newsvine.com,Male,2/21/2018
215,Wade,Kaming,wkaming5y@accuweather.com,Male,2/24/2018
216,Guy,Nilles,gnilles5z@github.io,Male,1/10/2018
217,Matty,Jozefczak,mjozefczak60@mtv.com,Female,7/6/2018
218,Jolene,Mathevet,jmathevet61@ucoz.ru,Female,12/15/2017
219,Hadley,Simononsky,hsimononsky62@adobe.com,Male,3/3/2018
220,Nathalia,Orgill,norgill63@sun.com,Female,6/12/2018
221,Ame,Quigley,aquigley64@mayoclinic.com,Female,10/28/2018
222,Zeke,Kilfeather,zkilfeather65@cocolog-nifty.com,Male,3/4/2018
223,Vilma,Habergham,vhabergham66@360.cn,Female,5/25/2018
224,Glory,Frift,gfrift67@digg.com,Female,10/13/2018
225,Austina,Addison,aaddison68@huffingtonpost.com,Female,5/12/2018
226,Deck,Statefield,dstatefield69@howstuffworks.com,Male,7/13/2018
227,Lorrin,Felstead,lfelstead6a@walmart.com,Female,7/10/2018
228,Jackie,Grimolbie,jgrimolbie6b@boston.com,Male,5/13/2018
229,Patrizia,Klimmek,pklimmek6c@ebay.com,Female,8/12/2018
230,Carlin,Tuck,ctuck6d@xrea.com,Female,8/5/2018
231,Melisa,Fasler,mfasler6e@mashable.com,Female,9/1/2018
232,Morey,Maylott,mmaylott6f@reddit.com,Male,2/24/2018
233,Josias,Bengtsen,jbengtsen6g@bravesites.com,Male,11/3/2018
234,Devonne,Molloy,dmolloy6h@theatlantic.com,Female,8/15/2018
235,Tawnya,Morales,tmorales6i@engadget.com,Female,11/18/2018
236,Stefania,Arson,sarson6j@wikispaces.com,Female,8/26/2018
237,Layne,Oldcroft,loldcroft6k@blinklist.com,Female,8/12/2018
238,Pavla,Neilands,pneilands6l@tamu.edu,Female,6/2/2018
239,Wilmar,Aubery,waubery6m@howstuffworks.com,Male,11/6/2018
240,Vidovik,McCorkell,vmccorkell6n@google.de,Male,3/28/2018
241,Jacky,Kelling,jkelling6o@marriott.com,Male,8/12/2018
242,Meara,Kurdani,mkurdani6p@google.com,Female,9/24/2018
243,Aguie,Haveline,ahaveline6q@noaa.gov,Male,1/11/2018
244,Wolfgang,Johanssen,wjohanssen6r@smh.com.au,Male,3/17/2018
245,Sher,Duffy,sduffy6s@topsy.com,Female,10/23/2018
246,Cassi,Heistermann,cheistermann6t@salon.com,Female,10/12/2018
247,Chad,Allworthy,callworthy6u@g.co,Male,8/7/2018
248,Maureene,Hartly,mhartly6v@adobe.com,Female,4/2/2018
249,Matelda,Hewell,mhewell6w@sogou.com,Female,6/10/2018
250,Helen-elizabeth,Eake,heake6x@abc.net.au,Female,3/14/2018
251,Lawrence,Frazer,lfrazer6y@dailymail.co.uk,Male,3/4/2018
252,Nelle,Beek,nbeek6z@diigo.com,Female,1/13/2018
253,Ailina,Bernhardt,abernhardt70@liveinternet.ru,Female,5/27/2018
254,Gerry,Mousby,gmousby71@yahoo.com,Male,4/15/2018
255,Winston,Maffetti,wmaffetti72@jalbum.net,Male,8/7/2018
256,Gaile,Tomaszewicz,gtomaszewicz73@liveinternet.ru,Male,10/30/2018
257,Brianne,Ryle,bryle74@ocn.ne.jp,Female,1/5/2018
258,Keir,Trenfield,ktrenfield75@smugmug.com,Male,7/16/2018
259,Frankie,Bensley,fbensley76@hubpages.com,Female,6/11/2018
260,Stirling,Rathmell,srathmell77@godaddy.com,Male,2/13/2018
261,Christoper,Anelay,canelay78@flickr.com,Male,7/18/2018
262,Brynna,Labusch,blabusch79@rediff.com,Female,9/17/2018
263,Eustace,Dobrovsky,edobrovsky7a@com.com,Male,3/27/2018
264,Nara,Morot,nmorot7b@miitbeian.gov.cn,Female,4/3/2018
265,Natalya,Moncreif,nmoncreif7c@xinhuanet.com,Female,9/18/2018
266,Wendall,Tamplin,wtamplin7d@goo.ne.jp,Male,6/4/2018
267,Wendy,Quinlan,wquinlan7e@seattletimes.com,Female,12/9/2018
268,Marci,Yakubovich,myakubovich7f@cbc.ca,Female,11/22/2018
269,Eilis,Robertet,erobertet7g@nytimes.com,Female,3/8/2018
270,Shelden,Brookton,sbrookton7h@ftc.gov,Male,7/9/2018
271,Carri,Blakeborough,cblakeborough7i@sbwire.com,Female,1/13/2018
272,Garey,McGinley,gmcginley7j@surveymonkey.com,Male,4/22/2018
273,Price,McCreary,pmccreary7k@berkeley.edu,Male,2/3/2018
274,Kelli,Fauguel,kfauguel7l@wikipedia.org,Female,6/8/2018
275,Stillmann,Girardot,sgirardot7m@ow.ly,Male,7/26/2018
276,Miner,Densie,mdensie7n@networkadvertising.org,Male,1/11/2018
277,Ricki,Soars,rsoars7o@instagram.com,Female,7/19/2018
278,Andriette,L'Amie,alamie7p@ning.com,Female,3/16/2018
279,Haskel,Pilkington,hpilkington7q@360.cn,Male,5/3/2018
280,Lisa,Berry,lberry7r@tumblr.com,Female,4/15/2018
281,Adoree,Lepope,alepope7s@com.com,Female,8/8/2018
282,Tiphany,Bellocht,tbellocht7t@timesonline.co.uk,Female,7/3/2018
283,Corine,Thirkettle,cthirkettle7u@geocities.jp,Female,12/6/2018
284,Normand,Capaldi,ncapaldi7v@uol.com.br,Male,1/11/2018
285,Jany,Danneil,jdanneil7w@slideshare.net,Female,3/15/2018
286,Karlyn,Baitman,kbaitman7x@umn.edu,Female,4/1/2018
287,Lorenzo,Olohan,lolohan7y@angelfire.com,Male,5/17/2018
288,Bebe,Sansom,bsansom7z@macromedia.com,Female,5/13/2018
289,Corbin,Gobeaux,cgobeaux80@biglobe.ne.jp,Male,8/11/2018
290,Amory,Breem,abreem81@uol.com.br,Male,3/23/2018
291,Maggie,O'Halligan,mohalligan82@utexas.edu,Female,7/18/2018
292,Bernie,Theuss,btheuss83@123-reg.co.uk,Male,7/28/2018
293,Allayne,Lindenman,alindenman84@discuz.net,Male,11/11/2018
294,Carlynne,Tapley,ctapley85@intel.com,Female,10/21/2018
295,Alicea,Skate,askate86@icio.us,Female,1/16/2018
296,Rip,Gabbetis,rgabbetis87@drupal.org,Male,7/14/2018
297,Sisely,Paice,spaice88@dropbox.com,Female,5/2/2018
298,Burl,Uren,buren89@shop-pro.jp,Male,11/8/2018
299,Phillip,Bayfield,pbayfield8a@marriott.com,Male,10/20/2018
300,Tiffanie,Bougen,tbougen8b@nature.com,Female,6/14/2018
301,Clemens,Kirton,ckirton8c@posterous.com,Male,2/27/2018
302,Shel,Byrom,sbyrom8d@epa.gov,Female,11/14/2018
303,Ariel,Batterham,abatterham8e@webeden.co.uk,Male,5/23/2018
304,Gaven,Knowlden,gknowlden8f@yelp.com,Male,12/2/2018
305,Hulda,Melia,hmelia8g@bravesites.com,Female,10/13/2018
306,Sorcha,Trudgion,strudgion8h@trellian.com,Female,6/25/2018
307,Silvano,Ferrarese,sferrarese8i@hud.gov,Male,9/4/2018
308,Dyanne,Bergin,dbergin8j@irs.gov,Female,7/25/2018
309,Archy,Bru,abru8k@skype.com,Male,9/27/2018
310,Laural,Boutcher,lboutcher8l@stanford.edu,Female,2/17/2018
311,Kissiah,Wallwood,kwallwood8m@nasa.gov,Female,10/6/2018
312,Raffaello,Roelvink,rroelvink8n@dailymail.co.uk,Male,11/4/2018
313,Ashlie,Farrear,afarrear8o@is.gd,Female,6/13/2018
314,Caro,Quigg,cquigg8p@unesco.org,Female,2/19/2018
315,Land,Ridhole,lridhole8q@vk.com,Male,3/30/2018
316,Isabelita,Mulhall,imulhall8r@tuttocitta.it,Female,12/26/2017
317,Odele,Di Carli,odicarli8s@youku.com,Female,11/23/2018
318,Nicolette,Albone,nalbone8t@walmart.com,Female,12/30/2017
319,Kerstin,Grayling,kgrayling8u@4shared.com,Female,1/21/2018
320,Lotti,Emmatt,lemmatt8v@people.com.cn,Female,11/20/2018
321,Margret,Flode,mflode8w@quantcast.com,Female,12/28/2017
322,Kingsley,Maddick,kmaddick8x@yandex.ru,Male,5/22/2018
323,Rozamond,Colcutt,rcolcutt8y@wikimedia.org,Female,7/16/2018
324,Lindsy,Hopkyns,lhopkyns8z@spiegel.de,Female,4/5/2018
325,Maxy,McCalister,mmccalister90@webs.com,Female,10/18/2018
326,Reagan,Dancey,rdancey91@dot.gov,Male,4/18/2018
327,Dana,Davidovics,ddavidovics92@omniture.com,Male,8/27/2018
328,Gisele,Frear,gfrear93@umich.edu,Female,8/18/2018
329,Cull,Bellsham,cbellsham94@patch.com,Male,10/15/2018
330,Branden,Goodayle,bgoodayle95@cisco.com,Male,10/8/2018
331,Farlay,Richichi,frichichi96@harvard.edu,Male,8/8/2018
332,Rog,Styant,rstyant97@timesonline.co.uk,Male,4/20/2018
333,Libbi,Leworthy,lleworthy98@bandcamp.com,Female,1/20/2018
334,Bertrando,Wrathall,bwrathall99@webmd.com,Male,12/28/2017
335,Kirstyn,Heinke,kheinke9a@istockphoto.com,Female,2/13/2018
336,Beatriz,Darrigoe,bdarrigoe9b@uiuc.edu,Female,4/28/2018
337,Cliff,Cardnell,ccardnell9c@tamu.edu,Male,10/23/2018
338,Fergus,Escudier,fescudier9d@amazon.co.uk,Male,10/31/2018
339,Marylee,Paschke,mpaschke9e@wikipedia.org,Female,7/17/2018
340,Karrah,Dalgetty,kdalgetty9f@acquirethisname.com,Female,10/25/2018
341,Vikky,Gronous,vgronous9g@cmu.edu,Female,10/14/2018
342,Ottilie,Covey,ocovey9h@phoca.cz,Female,3/10/2018
343,Jarrett,Skipperbottom,jskipperbottom9i@homestead.com,Male,10/19/2018
344,Wilie,Musgrove,wmusgrove9j@deviantart.com,Female,7/16/2018
345,Ilse,Ickovitz,iickovitz9k@wp.com,Female,1/2/2018
346,Cherey,Ranahan,cranahan9l@dailymotion.com,Female,3/29/2018
347,Jaquenette,Chicken,jchicken9m@nifty.com,Female,10/25/2018
348,Tiff,Chatainier,tchatainier9n@newyorker.com,Female,8/1/2018
349,Dehlia,Marcone,dmarcone9o@examiner.com,Female,10/20/2018
350,Dotty,Shawell,dshawell9p@163.com,Female,4/15/2018
351,Tucker,Iacavone,tiacavone9q@qq.com,Male,3/16/2018
352,Valentia,Jahnel,vjahnel9r@go.com,Female,2/28/2018
353,Marwin,Capaldo,mcapaldo9s@bandcamp.com,Male,5/20/2018
354,Siward,Dohmann,sdohmann9t@alexa.com,Male,10/30/2018
355,Sheridan,Boyford,sboyford9u@qq.com,Male,3/7/2018
356,Claudine,Lethby,clethby9v@nsw.gov.au,Female,5/3/2018
357,Cori,Orth,corth9w@icio.us,Male,6/12/2018
358,Gherardo,Axe,gaxe9x@wikimedia.org,Male,10/13/2018
359,Harland,Cousans,hcousans9y@elpais.com,Male,4/11/2018
360,Hillel,Scrange,hscrange9z@feedburner.com,Male,3/31/2018
361,Ring,Jouandet,rjouandeta0@reference.com,Male,3/13/2018
362,Ariel,Headly,aheadlya1@whitehouse.gov,Male,12/20/2017
363,Alistair,Cashell,acashella2@opera.com,Male,10/12/2018
364,Augustus,Berridge,aberridgea3@cbslocal.com,Male,12/25/2017
365,Jany,Readman,jreadmana4@google.fr,Female,3/28/2018
366,Inigo,Fowden,ifowdena5@nifty.com,Male,8/31/2018
367,Dorey,Durrington,ddurringtona6@webs.com,Female,5/3/2018
368,Jermain,Deakins,jdeakinsa7@chronoengine.com,Male,9/8/2018
369,Caz,Andreasen,candreasena8@joomla.org,Male,6/6/2018
370,Lucine,Ingleston,linglestona9@newyorker.com,Female,2/17/2018
371,Skipton,Sex,ssexaa@amazonaws.com,Male,1/10/2018
372,Matilda,Collier,mcollierab@ning.com,Female,4/30/2018
373,Kenton,Blyde,kblydeac@intel.com,Male,4/27/2018
374,Sylvan,Cawood,scawoodad@delicious.com,Male,5/14/2018
375,Marena,Lindmark,mlindmarkae@dmoz.org,Female,3/21/2018
376,Karlyn,Searston,ksearstonaf@istockphoto.com,Female,11/30/2018
377,Greggory,Sleaford,gsleafordag@hao123.com,Male,9/26/2018
378,Molli,Twort,mtwortah@xing.com,Female,7/22/2018
379,Theadora,Agneau,tagneauai@blogtalkradio.com,Female,11/2/2018
380,Ilsa,Lagneaux,ilagneauxaj@cloudflare.com,Female,11/13/2018
381,Clem,Blasius,cblasiusak@wix.com,Male,6/5/2018
382,Pearle,Marlen,pmarlenal@independent.co.uk,Female,6/18/2018
383,Amber,Stanwix,astanwixam@webs.com,Female,2/22/2018
384,Karla,MacCartney,kmaccartneyan@wisc.edu,Female,2/9/2018
385,Ray,Kilduff,rkilduffao@etsy.com,Female,9/24/2018
386,Judi,Batterton,jbattertonap@intel.com,Female,5/27/2018
387,Ted,Wallbutton,twallbuttonaq@jalbum.net,Female,1/14/2018
388,Cullan,Beacon,cbeaconar@gmpg.org,Male,7/8/2018
389,Drusy,Jeffcock,djeffcockas@usgs.gov,Female,4/4/2018
390,Delmor,Aslett,daslettat@timesonline.co.uk,Male,8/16/2018
391,Liuka,Bouller,lboullerau@samsung.com,Female,4/17/2018
392,Georgena,Fawks,gfawksav@fotki.com,Female,2/16/2018
393,Sheilakathryn,Fealy,sfealyaw@4shared.com,Female,7/22/2018
394,Janet,Vakhrushin,jvakhrushinax@chron.com,Female,5/1/2018
395,Chelsey,Rochewell,crochewellay@shinystat.com,Female,8/20/2018
396,Homer,Gotfrey,hgotfreyaz@amazonaws.com,Male,10/13/2018
397,Radcliffe,Densell,rdensellb0@gnu.org,Male,8/17/2018
398,Emmalynn,Kilfeather,ekilfeatherb1@linkedin.com,Female,6/13/2018
399,Leon,Samuels,lsamuelsb2@mediafire.com,Male,4/28/2018
400,Berget,Beams,bbeamsb3@istockphoto.com,Female,11/3/2018
401,Mina,Lathleiff,mlathleiffb4@bloglines.com,Female,8/3/2018
402,Cyb,Lindblad,clindbladb5@nydailynews.com,Female,7/29/2018
403,Shawna,Walter,swalterb6@wordpress.com,Female,8/24/2018
404,Gabriella,Rossiter,grossiterb7@toplist.cz,Female,4/1/2018
405,Nichols,Vassman,nvassmanb8@vk.com,Male,8/18/2018
406,Carry,Bread,cbreadb9@timesonline.co.uk,Female,7/6/2018
407,Linzy,Gronw,lgronwba@goodreads.com,Female,7/26/2018
408,Natty,Fraczak,nfraczakbb@wikipedia.org,Male,9/29/2018
409,Drusie,Caress,dcaressbc@webs.com,Female,1/1/2018
410,Vinny,Collyear,vcollyearbd@de.vu,Male,1/2/2018
411,Lenka,Nestoruk,lnestorukbe@csmonitor.com,Female,7/14/2018
412,Winne,Hulland,whullandbf@youku.com,Female,11/24/2018
413,Lyell,Yarnton,lyarntonbg@examiner.com,Male,11/7/2018
414,Christyna,Hendricks,chendricksbh@sfgate.com,Female,5/7/2018
415,Case,Siderfin,csiderfinbi@cmu.edu,Male,2/11/2018
416,Melly,Labat,mlabatbj@yellowbook.com,Female,3/31/2018
417,Hyacinthie,Sugden,hsugdenbk@devhub.com,Female,1/26/2018
418,Babs,Palfrey,bpalfreybl@bluehost.com,Female,7/24/2018
419,Ddene,Brayn,dbraynbm@webmd.com,Female,11/24/2018
420,Barbie,Wethers,bwethersbn@posterous.com,Female,4/13/2018
421,Kassey,Campione,kcampionebo@wikimedia.org,Female,6/8/2018
422,Shaylynn,Sanchiz,ssanchizbp@wikimedia.org,Female,7/11/2018
423,Mathilda,Couth,mcouthbq@diigo.com,Female,10/3/2018
424,Agnes,Grills,agrillsbr@amazon.co.jp,Female,3/23/2018
425,Arlyn,McNabb,amcnabbbs@squarespace.com,Female,10/15/2018
426,Rasia,Hewell,rhewellbt@creativecommons.org,Female,2/21/2018
427,Danna,Glenton,dglentonbu@nymag.com,Female,9/4/2018
428,Roobbie,McFie,rmcfiebv@nsw.gov.au,Female,12/17/2017
429,Brigid,Baudone,bbaudonebw@miibeian.gov.cn,Female,12/21/2017
430,Athene,Joyson,ajoysonbx@moonfruit.com,Female,11/14/2018
431,Rasia,Silmon,rsilmonby@hubpages.com,Female,2/26/2018
432,Bonnee,Le Page,blepagebz@china.com.cn,Female,7/25/2018
433,Gerta,Muzzall,gmuzzallc0@umn.edu,Female,10/1/2018
434,Burch,Rodge,brodgec1@symantec.com,Male,2/10/2018
435,Margery,Craghead,mcragheadc2@canalblog.com,Female,4/6/2018
436,Maure,Farland,mfarlandc3@hao123.com,Female,1/13/2018
437,Dania,Kingerby,dkingerbyc4@youtu.be,Female,3/15/2018
438,Car,Frampton,cframptonc5@drupal.org,Male,12/24/2017
439,Irwinn,Molan,imolanc6@delicious.com,Male,5/15/2018
440,Adina,Dunbar,adunbarc7@pen.io,Female,4/20/2018
441,Rollin,Covolini,rcovolinic8@umn.edu,Male,3/31/2018
442,Howey,Wimlet,hwimletc9@hao123.com,Male,8/19/2018
443,Forrester,Grabiec,fgrabiecca@nytimes.com,Male,3/21/2018
444,Ingar,Pirson,ipirsoncb@gov.uk,Male,1/28/2018
445,Renata,Sertin,rsertincc@unesco.org,Female,11/30/2018
446,Jehu,Menci,jmencicd@printfriendly.com,Male,5/24/2018
447,Gaile,Verrico,gverricoce@oracle.com,Male,4/4/2018
448,Jorge,Southwick,jsouthwickcf@icio.us,Male,1/24/2018
449,Ursulina,Chilcott,uchilcottcg@google.com.au,Female,3/28/2018
450,Wally,Saller,wsallerch@census.gov,Female,11/12/2018
451,Carmel,Lownds,clowndsci@unc.edu,Female,7/16/2018
452,Barbey,Riediger,briedigercj@list-manage.com,Female,4/3/2018
453,Darla,Tavner,dtavnerck@oracle.com,Female,11/20/2018
454,Arlyne,Keher,akehercl@360.cn,Female,11/6/2018
455,Carlyn,Davenall,cdavenallcm@cmu.edu,Female,1/12/2018
456,Alfred,Charters,acharterscn@google.nl,Male,5/21/2018
457,Roseann,Currer,rcurrerco@blogtalkradio.com,Female,10/28/2018
458,Worth,Bellworthy,wbellworthycp@cargocollective.com,Male,6/10/2018
459,Derick,Hazel,dhazelcq@istockphoto.com,Male,10/13/2018
460,Elvin,O'Growgane,eogrowganecr@csmonitor.com,Male,12/14/2017
461,Kellina,Duplock,kduplockcs@barnesandnoble.com,Female,8/22/2018
462,Lil,Gilbank,lgilbankct@theglobeandmail.com,Female,4/25/2018
463,Carolann,Wedmore,cwedmorecu@ucoz.com,Female,10/10/2018
464,Phip,Weald,pwealdcv@comcast.net,Male,4/15/2018
465,Merrill,Wetherburn,mwetherburncw@engadget.com,Female,5/15/2018
466,Valentine,Snyder,vsnydercx@archive.org,Male,4/15/2018
467,Cris,Blant,cblantcy@issuu.com,Male,7/13/2018
468,Godart,Pepye,gpepyecz@fastcompany.com,Male,5/12/2018
469,Dieter,Bealing,dbealingd0@quantcast.com,Male,1/4/2018
470,Sutherlan,McKinney,smckinneyd1@angelfire.com,Male,1/11/2018
471,Jamison,Shale,jshaled2@smh.com.au,Male,10/15/2018
472,Georgy,Spensly,gspenslyd3@mapy.cz,Male,7/6/2018
473,Amelie,Jahan,ajahand4@cam.ac.uk,Female,12/15/2017
474,Glenna,Slowly,gslowlyd5@imgur.com,Female,1/23/2018
475,Georgi,Tansly,gtanslyd6@shinystat.com,Male,8/6/2018
476,Thoma,Casburn,tcasburnd7@sina.com.cn,Male,7/1/2018
477,Harlan,Diamond,hdiamondd8@technorati.com,Male,5/6/2018
478,Allyson,Forrington,aforringtond9@tripod.com,Female,9/23/2018
479,Koressa,Fer,kferda@microsoft.com,Female,11/1/2018
480,Sheree,Paumier,spaumierdb@pagesperso-orange.fr,Female,5/3/2018
481,Eachelle,Harlock,eharlockdc@trellian.com,Female,9/4/2018
482,Thayne,Rubinfajn,trubinfajndd@cloudflare.com,Male,5/28/2018
483,Tabatha,Earney,tearneyde@google.es,Female,6/15/2018
484,Luella,Blakeden,lblakedendf@devhub.com,Female,11/27/2018
485,Sara,France,sfrancedg@blogspot.com,Female,12/3/2018
486,Noel,Lehrahan,nlehrahandh@skyrock.com,Female,1/7/2018
487,Sharlene,Smallbone,ssmallbonedi@google.co.uk,Female,8/27/2018
488,Wendy,Jullian,wjulliandj@mapy.cz,Female,9/21/2018
489,Wildon,Barefoot,wbarefootdk@nyu.edu,Male,3/27/2018
490,Davide,Dillingham,ddillinghamdl@ft.com,Male,2/9/2018
491,Conny,Trimmell,ctrimmelldm@reddit.com,Female,1/15/2018
492,Kirstin,Norkett,knorkettdn@nba.com,Female,12/8/2018
493,Giorgia,Brettel,gbretteldo@loc.gov,Female,5/17/2018
494,Stanislaw,Caps,scapsdp@phpbb.com,Male,12/7/2018
495,Maggie,Lilly,mlillydq@pagesperso-orange.fr,Female,4/11/2018
496,Irma,Frondt,ifrondtdr@java.com,Female,7/10/2018
497,Janeva,Ault,jaultds@yelp.com,Female,11/8/2018
498,Carri,Dionisetto,cdionisettodt@ucla.edu,Female,5/24/2018
499,Sander,Waddington,swaddingtondu@prnewswire.com,Male,10/25/2018
500,Dorie,Josling,djoslingdv@twitter.com,Male,9/14/2018
501,Greg,Spillane,gspillanedw@answers.com,Male,4/28/2018
502,Portia,Sexstone,psexstonedx@purevolume.com,Female,6/9/2018
503,Amble,DelaField,adelafielddy@boston.com,Male,2/28/2018
504,Lamont,Gothard,lgotharddz@discuz.net,Male,7/11/2018
505,Loria,Robertson,lrobertsone0@pcworld.com,Female,10/3/2018
506,Lelia,Briamo,lbriamoe1@examiner.com,Female,10/25/2018
507,Katleen,Tomini,ktominie2@aboutads.info,Female,7/21/2018
508,Ciel,Hopfner,chopfnere3@nature.com,Female,7/16/2018
509,Emiline,Conradsen,econradsene4@blog.com,Female,4/5/2018
510,Mal,Jennings,mjenningse5@nsw.gov.au,Male,5/22/2018
511,Garnette,Adnet,gadnete6@dmoz.org,Female,9/4/2018
512,Deanna,Dolden,ddoldene7@webmd.com,Female,7/17/2018
513,Mil,Arnoldi,marnoldie8@va.gov,Female,11/11/2018
514,Mariellen,Langfield,mlangfielde9@usa.gov,Female,3/3/2018
515,Frederica,Wintour,fwintourea@chicagotribune.com,Female,3/2/2018
516,Rubie,Croke,rcrokeeb@example.com,Female,9/15/2018
517,Daniel,Rideout,drideoutec@cornell.edu,Male,9/16/2018
518,Ricard,Litzmann,rlitzmanned@drupal.org,Male,10/22/2018
519,Fern,McGuiney,fmcguineyee@redcross.org,Female,2/10/2018
520,Albie,Vedenyapin,avedenyapinef@artisteer.com,Male,3/29/2018
521,Larissa,Hethron,lhethroneg@telegraph.co.uk,Female,3/8/2018
522,Birdie,Jillings,bjillingseh@virginia.edu,Female,9/4/2018
523,Anthiathia,Darch,adarchei@bloomberg.com,Female,3/1/2018
524,Janelle,Garbutt,jgarbuttej@umich.edu,Female,12/17/2017
525,Raye,Chitson,rchitsonek@i2i.jp,Female,9/7/2018
526,Edgardo,Sawbridge,esawbridgeel@prnewswire.com,Male,5/3/2018
527,Bambi,Muckle,bmuckleem@redcross.org,Female,7/25/2018
528,Nicol,Farnin,nfarninen@rambler.ru,Male,10/26/2018
529,Pinchas,Machans,pmachanseo@mapy.cz,Male,8/18/2018
530,Audy,Trehearn,atrehearnep@uol.com.br,Female,6/11/2018
531,Jacob,Hallock,jhallockeq@51.la,Male,12/15/2017
532,Thomasa,Tench,ttencher@alexa.com,Female,8/9/2018
533,Blondelle,Somerbell,bsomerbelles@harvard.edu,Female,2/10/2018
534,Maegan,Gitting,mgittinget@gov.uk,Female,5/23/2018
535,Sondra,Speed,sspeedeu@free.fr,Female,4/19/2018
536,Hazel,Grenshiels,hgrenshielsev@mapquest.com,Male,12/17/2017
537,Jorrie,Huitson,jhuitsonew@tamu.edu,Female,5/27/2018
538,Mendie,Olliver,molliverex@chicagotribune.com,Male,8/3/2018
539,Dav,Seeman,dseemaney@jugem.jp,Male,3/28/2018
540,Tildi,Jandel,tjandelez@yale.edu,Female,2/25/2018
541,Richie,Deacon,rdeaconf0@ucoz.com,Male,2/3/2018
542,Sanderson,Rubens,srubensf1@clickbank.net,Male,1/5/2018
543,Currey,Neeve,cneevef2@clickbank.net,Male,8/30/2018
544,Vinny,Mullaly,vmullalyf3@washington.edu,Female,2/12/2018
545,Dwayne,Sperski,dsperskif4@devhub.com,Male,4/3/2018
546,Bard,Valti,bvaltif5@uol.com.br,Male,5/5/2018
547,Lonnard,Etteridge,letteridgef6@chron.com,Male,1/10/2018
548,Freda,MacPaik,fmacpaikf7@nbcnews.com,Female,2/14/2018
549,Nicola,Fattori,nfattorif8@4shared.com,Male,7/19/2018
550,Maribelle,Wardall,mwardallf9@ucoz.com,Female,11/9/2018
551,Giorgio,Chilcotte,gchilcottefa@shareasale.com,Male,12/22/2017
552,Edwina,Hebden,ehebdenfb@marriott.com,Female,2/10/2018
553,Nara,Gingles,nginglesfc@live.com,Female,2/10/2018
554,Skippy,Grollmann,sgrollmannfd@adobe.com,Male,4/19/2018
555,Bear,McLugaish,bmclugaishfe@meetup.com,Male,2/6/2018
556,Karie,Brighty,kbrightyff@cyberchimps.com,Female,1/24/2018
557,Neysa,Botterman,nbottermanfg@examiner.com,Female,10/20/2018
558,Delphine,Diviney,ddivineyfh@ezinearticles.com,Female,12/9/2018
559,Lauren,Viall,lviallfi@myspace.com,Male,10/29/2018
560,Latisha,Ullyatt,lullyattfj@yale.edu,Female,1/22/2018
561,Dietrich,Mc Curlye,dmccurlyefk@hp.com,Male,2/27/2018
562,Orin,Chadwell,ochadwellfl@chronoengine.com,Male,8/6/2018
563,Adriana,Mayger,amaygerfm@taobao.com,Female,3/11/2018
564,Vivian,Arenson,varensonfn@fc2.com,Female,7/25/2018
565,Jillie,Haborn,jhabornfo@theatlantic.com,Female,9/8/2018
566,Mitchell,Brugden,mbrugdenfp@tripod.com,Male,1/25/2018
567,Nicola,Myhan,nmyhanfq@vimeo.com,Male,7/26/2018
568,Genevieve,Cathrae,gcathraefr@elegantthemes.com,Female,6/17/2018
569,Janka,Brunnen,jbrunnenfs@twitpic.com,Female,8/19/2018
570,Andres,Lengthorn,alengthornft@theguardian.com,Male,11/5/2018
571,Emery,M'Quharg,emquhargfu@people.com.cn,Male,5/27/2018
572,Arin,Boyle,aboylefv@live.com,Male,6/27/2018
573,Toinette,MacCahey,tmaccaheyfw@free.fr,Female,1/3/2018
574,Guenevere,Erdes,gerdesfx@ucsd.edu,Female,2/12/2018
575,Roberta,Daffey,rdaffeyfy@creativecommons.org,Female,10/24/2018
576,Eustacia,Benting,ebentingfz@shinystat.com,Female,8/13/2018
577,Damien,Carp,dcarpg0@reference.com,Male,4/13/2018
578,Pooh,Condon,pcondong1@wiley.com,Male,4/30/2018
579,Rayna,Keems,rkeemsg2@psu.edu,Female,7/22/2018
580,Kylie,Lomansey,klomanseyg3@boston.com,Female,2/14/2018
581,Shane,Meadowcraft,smeadowcraftg4@reverbnation.com,Female,9/22/2018
582,Pooh,Douty,pdoutyg5@skyrock.com,Male,1/11/2018
583,Brunhilda,Bellchamber,bbellchamberg6@umn.edu,Female,9/21/2018
584,Elsworth,Fevier,efevierg7@parallels.com,Male,7/16/2018
585,Krissie,Fuente,kfuenteg8@illinois.edu,Female,8/4/2018
586,Joy,Corteis,jcorteisg9@theguardian.com,Female,4/8/2018
587,Amalie,Rathjen,arathjenga@histats.com,Female,5/22/2018
588,Gaby,Askie,gaskiegb@geocities.com,Male,5/11/2018
589,Gustie,O'Conor,goconorgc@paginegialle.it,Female,11/20/2018
590,Reggis,O'Kennavain,rokennavaingd@friendfeed.com,Male,11/24/2018
591,Meade,Mollison,mmollisonge@uiuc.edu,Male,8/22/2018
592,Quent,Santon,qsantongf@i2i.jp,Male,6/22/2018
593,Althea,Ready,areadygg@webs.com,Female,1/8/2018
594,Angie,Kobu,akobugh@topsy.com,Male,9/28/2018
595,Winnifred,Hales,whalesgi@bandcamp.com,Female,9/19/2018
596,La verne,Calway,lcalwaygj@tumblr.com,Female,9/13/2018
597,Laurette,Popplewell,lpopplewellgk@prlog.org,Female,10/15/2018
598,Melina,Leaves,mleavesgl@dot.gov,Female,11/17/2018
599,Shermie,Fudger,sfudgergm@salon.com,Male,3/8/2018
600,Valli,Caw,vcawgn@ox.ac.uk,Female,12/17/2017
601,Rollie,Capelen,rcapelengo@ustream.tv,Male,11/18/2018
602,Griffith,Campanelle,gcampanellegp@angelfire.com,Male,10/15/2018
603,Christoffer,Aldrich,caldrichgq@about.me,Male,11/30/2018
604,Evangelin,Radbourn,eradbourngr@japanpost.jp,Female,6/26/2018
605,Meggi,Darkins,mdarkinsgs@furl.net,Female,2/8/2018
606,Chastity,Onion,coniongt@cmu.edu,Female,4/26/2018
607,Barnard,Frere,bfreregu@virginia.edu,Male,6/9/2018
608,Gardener,Tidswell,gtidswellgv@arstechnica.com,Male,7/8/2018
609,Joanna,Iverson,jiversongw@plala.or.jp,Female,9/12/2018
610,Whitney,Magovern,wmagoverngx@nps.gov,Female,3/16/2018
611,Agretha,Brunke,abrunkegy@google.co.jp,Female,9/12/2018
612,Quentin,Sabine,qsabinegz@deviantart.com,Female,7/6/2018
613,Law,Donaher,ldonaherh0@php.net,Male,3/21/2018
614,Moe,McJury,mmcjuryh1@so-net.ne.jp,Male,7/24/2018
615,Twila,Petrillo,tpetrilloh2@mayoclinic.com,Female,9/16/2018
616,Bert,Pirrey,bpirreyh3@about.com,Male,1/26/2018
617,Flor,Rowen,frowenh4@wikimedia.org,Female,4/2/2018
618,Rozele,Bidnall,rbidnallh5@jiathis.com,Female,9/25/2018
619,Donal,Louche,dloucheh6@lulu.com,Male,10/13/2018
620,Dalt,Shitliff,dshitliffh7@cnet.com,Male,8/19/2018
621,Alic,Hiskey,ahiskeyh8@telegraph.co.uk,Male,12/5/2018
622,Carolan,Burdell,cburdellh9@ca.gov,Female,4/19/2018
623,Aubrie,Stranks,astranksha@ning.com,Female,7/22/2018
624,Merralee,Beardsell,mbeardsellhb@deviantart.com,Female,1/15/2018
625,Othilie,Vayro,ovayrohc@technorati.com,Female,9/8/2018
626,Yuma,Schulke,yschulkehd@blogspot.com,Male,3/14/2018
627,Lorain,Kleinmann,lkleinmannhe@sitemeter.com,Female,4/22/2018
628,Jordain,O'Doohaine,jodoohainehf@whitehouse.gov,Female,1/11/2018
629,Rudolf,Killbey,rkillbeyhg@vistaprint.com,Male,11/15/2018
630,Pancho,Damrell,pdamrellhh@yellowbook.com,Male,1/7/2018
631,Catarina,Egell,cegellhi@naver.com,Female,10/31/2018
632,Claybourne,Trembath,ctrembathhj@buzzfeed.com,Male,3/4/2018
633,Rodge,Timmens,rtimmenshk@google.co.jp,Male,3/7/2018
634,Laura,Francis,lfrancishl@eepurl.com,Female,11/10/2018
635,Angie,Pizzie,apizziehm@wired.com,Male,8/31/2018
636,Sergei,Edelman,sedelmanhn@amazon.de,Male,3/30/2018
637,Jorrie,Demead,jdemeadho@printfriendly.com,Female,10/6/2018
638,Kaitlyn,Livermore,klivermorehp@istockphoto.com,Female,4/15/2018
639,Storm,Spilisy,sspilisyhq@canalblog.com,Female,1/27/2018
640,Neddie,Drever,ndreverhr@dion.ne.jp,Male,8/22/2018
641,Aluin,Ibbs,aibbshs@prnewswire.com,Male,8/12/2018
642,Matty,Thominga,mthomingaht@macromedia.com,Male,8/30/2018
643,Auguste,Biaggetti,abiaggettihu@geocities.jp,Female,9/18/2018
644,Ferd,Crutchley,fcrutchleyhv@wiley.com,Male,5/30/2018
645,Tabbie,Dudderidge,tdudderidgehw@fema.gov,Female,9/8/2018
646,Antoni,Mutter,amutterhx@weather.com,Male,5/7/2018
647,Roldan,Saffrin,rsaffrinhy@homestead.com,Male,9/11/2018
648,Rosalinde,Sarjeant,rsarjeanthz@va.gov,Female,1/9/2018
649,Lissi,Ogilby,logilbyi0@spiegel.de,Female,12/23/2017
650,Garwood,Shillitto,gshillittoi1@auda.org.au,Male,5/5/2018
651,Kessiah,Zupa,kzupai2@mapy.cz,Female,9/2/2018
652,Tallie,Taylorson,ttaylorsoni3@taobao.com,Male,11/4/2018
653,Wain,Crennell,wcrennelli4@csmonitor.com,Male,10/6/2018
654,Ginny,Wileman,gwilemani5@google.ru,Female,3/15/2018
655,Natalya,Trousdale,ntrousdalei6@goodreads.com,Female,4/8/2018
656,Marcellus,Ackroyd,mackroydi7@infoseek.co.jp,Male,11/28/2018
657,Barry,Fincham,bfinchami8@mozilla.org,Male,6/3/2018
658,Godfrey,Napolitano,gnapolitanoi9@delicious.com,Male,9/22/2018
659,Rodina,Calf,rcalfia@t-online.de,Female,5/8/2018
660,Brockie,De Dantesie,bdedantesieib@flickr.com,Male,8/21/2018
661,Troy,Batthew,tbatthewic@addthis.com,Male,1/19/2018
662,Candra,Aymerich,caymerichid@google.cn,Female,9/9/2018
663,Giselle,Yate,gyateie@blogspot.com,Female,5/1/2018
664,Gilburt,Bonny,gbonnyif@twitpic.com,Male,3/17/2018
665,Matthiew,Schimon,mschimonig@sun.com,Male,3/14/2018
666,Don,Shearn,dshearnih@abc.net.au,Male,9/22/2018
667,Marvin,Torrecilla,mtorrecillaii@technorati.com,Male,5/8/2018
668,Selinda,Tithecott,stithecottij@biblegateway.com,Female,11/12/2018
669,Panchito,Broadway,pbroadwayik@zimbio.com,Male,12/13/2017
670,Paxton,Heppner,pheppneril@ox.ac.uk,Male,6/20/2018
671,Marlon,Banisch,mbanischim@businesswire.com,Male,6/21/2018
672,Alexina,Craighead,acraigheadin@moonfruit.com,Female,5/9/2018
673,Gene,Cotterell,gcotterellio@macromedia.com,Female,10/11/2018
674,Courtney,Borgnet,cborgnetip@rakuten.co.jp,Female,10/5/2018
675,Jeanne,Lushey,jlusheyiq@omniture.com,Female,3/5/2018
676,Tremayne,Sellack,tsellackir@cmu.edu,Male,2/27/2018
677,Town,Lohde,tlohdeis@un.org,Male,3/1/2018
678,Elvyn,Jacke,ejackeit@jigsy.com,Male,1/21/2018
679,Barbra,Riveles,brivelesiu@amazon.com,Female,2/24/2018
680,Cristiano,Lehrmann,clehrmanniv@cbslocal.com,Male,12/14/2017
681,Bail,Hounihan,bhounihaniw@homestead.com,Male,1/23/2018
682,Sue,Yockley,syockleyix@g.co,Female,12/1/2018
683,Rianon,Cawthron,rcawthroniy@thetimes.co.uk,Female,4/22/2018
684,Erasmus,Edgerton,eedgertoniz@bloomberg.com,Male,11/19/2018
685,Patrizius,Mabbitt,pmabbittj0@booking.com,Male,10/3/2018
686,Thorvald,Howe,thowej1@nsw.gov.au,Male,12/30/2017
687,Jesselyn,Janks,jjanksj2@blogs.com,Female,6/25/2018
688,Ezri,Grigori,egrigorij3@scribd.com,Male,7/13/2018
689,Ulla,Fairrie,ufairriej4@163.com,Female,8/14/2018
690,Emili,Sodory,esodoryj5@reuters.com,Female,11/29/2018
691,Gratiana,Burrow,gburrowj6@ning.com,Female,8/28/2018
692,Isabella,Fooks,ifooksj7@reverbnation.com,Female,7/10/2018
693,Jsandye,Ofer,joferj8@w3.org,Female,9/27/2018
694,Elonore,Benbrick,ebenbrickj9@nasa.gov,Female,1/23/2018
695,Sherwood,Shambrook,sshambrookja@smh.com.au,Male,10/28/2018
696,Mollee,Swann,mswannjb@illinois.edu,Female,4/15/2018
697,Sheff,Bogaert,sbogaertjc@smugmug.com,Male,10/30/2018
698,Monty,Baroch,mbarochjd@abc.net.au,Male,5/4/2018
699,Keane,Yuille,kyuilleje@nasa.gov,Male,8/30/2018
700,Concettina,Steane,csteanejf@engadget.com,Female,8/25/2018
701,Gae,Marnane,gmarnanejg@indiatimes.com,Female,6/22/2018
702,Derril,Treble,dtreblejh@infoseek.co.jp,Male,3/4/2018
703,Kaile,Duesbury,kduesburyji@berkeley.edu,Female,4/20/2018
704,Kelsey,Di Lucia,kdiluciajj@weebly.com,Male,7/2/2018
705,Royce,Normandale,rnormandalejk@163.com,Male,6/28/2018
706,Stephani,Lorden,slordenjl@soundcloud.com,Female,9/21/2018
707,Lev,Brisseau,lbrisseaujm@a8.net,Male,12/20/2017
708,Annmarie,Eastbrook,aeastbrookjn@yolasite.com,Female,2/1/2018
709,Frederigo,Ruecastle,fruecastlejo@taobao.com,Male,3/15/2018
710,Armstrong,Stollmeier,astollmeierjp@icq.com,Male,3/13/2018
711,Dierdre,Baudy,dbaudyjq@pagesperso-orange.fr,Female,9/21/2018
712,Anthony,Rogier,arogierjr@macromedia.com,Male,3/23/2018
713,Alfred,McDiarmid,amcdiarmidjs@yahoo.com,Male,3/28/2018
714,Derrek,Harmour,dharmourjt@biglobe.ne.jp,Male,8/16/2018
715,Clim,McKelvey,cmckelveyju@studiopress.com,Male,6/15/2018
716,Homer,Garmey,hgarmeyjv@bbb.org,Male,4/12/2018
717,Cherri,Vandenhoff,cvandenhoffjw@pinterest.com,Female,7/10/2018
718,Gery,Waldren,gwaldrenjx@patch.com,Male,4/8/2018
719,Gertrude,Gwyneth,ggwynethjy@furl.net,Female,5/4/2018
720,Cal,Curedell,ccuredelljz@amazon.co.uk,Male,10/16/2018
721,Isaak,Doey,idoeyk0@exblog.jp,Male,4/4/2018
722,Claudelle,O'Giany,cogianyk1@whitehouse.gov,Female,8/3/2018
723,Raychel,Fawdry,rfawdryk2@over-blog.com,Female,10/19/2018
724,Tammy,Everingham,teveringhamk3@bigcartel.com,Female,3/30/2018
725,Vaclav,Ferre,vferrek4@patch.com,Male,3/31/2018
726,Patty,Matley,pmatleyk5@live.com,Male,2/16/2018
727,Marven,Brockman,mbrockmank6@symantec.com,Male,8/12/2018
728,Isadore,Bredbury,ibredburyk7@virginia.edu,Male,3/25/2018
729,Esme,Harfoot,eharfootk8@oracle.com,Male,3/21/2018
730,Pooh,Hastwell,phastwellk9@stumbleupon.com,Male,10/7/2018
731,Liuka,Searchwell,lsearchwellka@delicious.com,Female,9/11/2018
732,Jocko,Dobney,jdobneykb@un.org,Male,1/27/2018
733,Dorelle,Walaron,dwalaronkc@mac.com,Female,10/27/2018
734,Jenna,Helix,jhelixkd@furl.net,Female,12/31/2017
735,Jocelyn,Keneforde,jkenefordeke@toplist.cz,Female,2/7/2018
736,Elyn,Carde,ecardekf@surveymonkey.com,Female,4/7/2018
737,Cherilyn,Wolffers,cwolfferskg@foxnews.com,Female,4/29/2018
738,Derrik,McGeffen,dmcgeffenkh@chron.com,Male,2/5/2018
739,Penny,Allderidge,pallderidgeki@360.cn,Male,3/3/2018
740,Jillana,Affron,jaffronkj@dell.com,Female,11/14/2018
741,Roanna,Izac,rizackk@state.gov,Female,9/23/2018
742,Minnnie,Sokale,msokalekl@hugedomains.com,Female,12/2/2018
743,Stanford,Bruinsma,sbruinsmakm@parallels.com,Male,12/17/2017
744,Christa,Ferns,cfernskn@goo.ne.jp,Female,12/22/2017
745,Gustie,Wattam,gwattamko@trellian.com,Female,12/25/2017
746,Hagen,Drissell,hdrissellkp@tinypic.com,Male,4/18/2018
747,Dukey,Castellone,dcastellonekq@eepurl.com,Male,3/31/2018
748,Antonietta,Zanni,azannikr@disqus.com,Female,3/3/2018
749,Falito,Mellsop,fmellsopks@un.org,Male,4/5/2018
750,Alasteir,Vivians,avivianskt@github.com,Male,8/22/2018
751,Phillie,McCardle,pmccardleku@nasa.gov,Female,3/23/2018
752,Leeland,Wimbury,lwimburykv@comsenz.com,Male,10/15/2018
753,Dov,Menauteau,dmenauteaukw@myspace.com,Male,5/26/2018
754,Goldarina,O' Finan,gofinankx@statcounter.com,Female,12/6/2018
755,Tedi,Seel,tseelky@prweb.com,Female,5/24/2018
756,Leslie,Budge,lbudgekz@surveymonkey.com,Male,3/12/2018
757,Brady,Cuell,bcuelll0@sitemeter.com,Male,8/2/2018
758,Chan,Moynham,cmoynhaml1@vinaora.com,Male,12/31/2017
759,Michelina,Carney,mcarneyl2@twitter.com,Female,6/20/2018
760,Randie,Burstowe,rburstowel3@lycos.com,Male,10/10/2018
761,Coleen,Jeness,cjenessl4@feedburner.com,Female,8/16/2018
762,Abel,Hugonnet,ahugonnetl5@answers.com,Male,11/13/2018
763,Meriel,Bispham,mbisphaml6@nymag.com,Female,4/27/2018
764,Tildi,Herkess,therkessl7@census.gov,Female,1/11/2018
765,Stanislas,Runcie,srunciel8@free.fr,Male,8/29/2018
766,Dudley,Estabrook,destabrookl9@sitemeter.com,Male,4/1/2018
767,Chanda,Thon,cthonla@t-online.de,Female,3/2/2018
768,Kimbell,Hamblin,khamblinlb@amazon.co.jp,Male,10/23/2018
769,Holmes,Gumby,hgumbylc@altervista.org,Male,3/29/2018
770,Morissa,Inchan,minchanld@phpbb.com,Female,1/18/2018
771,Corilla,de Clerk,cdeclerkle@shinystat.com,Female,1/6/2018
772,Clerc,Egre,cegrelf@ovh.net,Male,5/20/2018
773,Ethe,Parminter,eparminterlg@shutterfly.com,Male,11/7/2018
774,Emmanuel,O'Hagirtie,eohagirtielh@ovh.net,Male,7/15/2018
775,Mortimer,Griniov,mgriniovli@sphinn.com,Male,4/17/2018
776,Val,Lavers,vlaverslj@smugmug.com,Male,11/6/2018
777,Cesar,Sturge,csturgelk@springer.com,Male,10/9/2018
778,Brandais,Grogor,bgrogorll@ameblo.jp,Female,3/20/2018
779,Ambrosius,Moran,amoranlm@npr.org,Male,5/10/2018
780,Jerrome,Southwell,jsouthwellln@newsvine.com,Male,4/21/2018
781,Fey,Boniface,fbonifacelo@webs.com,Female,3/13/2018
782,Kit,Cuddon,kcuddonlp@tinypic.com,Female,3/6/2018
783,Angie,Sinnock,asinnocklq@unicef.org,Female,10/4/2018
784,Dinnie,McClary,dmcclarylr@smh.com.au,Female,10/7/2018
785,Frazer,Jahns,fjahnsls@google.cn,Male,8/14/2018
786,Dewitt,Guiness,dguinesslt@independent.co.uk,Male,1/17/2018
787,Ruperto,Desorts,rdesortslu@aol.com,Male,8/20/2018
788,Zulema,Haitlie,zhaitlielv@bigcartel.com,Female,9/22/2018
789,Leoine,Ralestone,lralestonelw@irs.gov,Female,2/13/2018
790,Walsh,Baudet,wbaudetlx@indiegogo.com,Male,4/10/2018
791,Car,Esch,ceschly@sina.com.cn,Male,9/4/2018
792,Bathsheba,Radborne,bradbornelz@engadget.com,Female,1/16/2018
793,Kendell,Boffin,kboffinm0@umich.edu,Male,5/31/2018
794,Manny,Titcumb,mtitcumbm1@salon.com,Male,11/10/2018
795,Harlen,Schultze,hschultzem2@java.com,Male,3/4/2018
796,Towney,Dunlap,tdunlapm3@indiatimes.com,Male,9/7/2018
797,Stacia,Zelley,szelleym4@usatoday.com,Female,7/20/2018
798,Rodd,Pethick,rpethickm5@accuweather.com,Male,5/18/2018
799,Willow,Beed,wbeedm6@google.co.jp,Female,5/7/2018
800,Mal,Punton,mpuntonm7@yolasite.com,Male,12/7/2018
801,Amy,Peattie,apeattiem8@mlb.com,Female,12/4/2018
802,Simonette,Jedrzejewski,sjedrzejewskim9@blogger.com,Female,9/14/2018
803,Tally,Guittet,tguittetma@alexa.com,Male,2/27/2018
804,Charmian,Janisson,cjanissonmb@netvibes.com,Female,10/22/2018
805,Leif,Loudiane,lloudianemc@gizmodo.com,Male,1/21/2018
806,Zelma,Boatwright,zboatwrightmd@twitpic.com,Female,10/29/2018
807,Eldon,Pietrowicz,epietrowiczme@fema.gov,Male,6/16/2018
808,Wes,Burrett,wburrettmf@networkadvertising.org,Male,9/7/2018
809,Zared,Ginman,zginmanmg@theguardian.com,Male,2/28/2018
810,Christopher,Itzkin,citzkinmh@sogou.com,Male,2/23/2018
811,Alfred,Mc Cahey,amccaheymi@ehow.com,Male,10/10/2018
812,Cornela,Row,crowmj@sbwire.com,Female,9/14/2018
813,Tye,Killbey,tkillbeymk@123-reg.co.uk,Male,11/26/2018
814,Hyacintha,Dewbury,hdewburyml@archive.org,Female,12/4/2018
815,Darren,Hubbard,dhubbardmm@cpanel.net,Male,8/30/2018
816,Boris,McGowan,bmcgowanmn@sbwire.com,Male,9/26/2018
817,Jamison,Benton,jbentonmo@bloglovin.com,Male,10/6/2018
818,Jean,Readings,jreadingsmp@guardian.co.uk,Male,9/10/2018
819,Torey,Scrymgeour,tscrymgeourmq@accuweather.com,Male,9/28/2018
820,Rodrick,Cleverley,rcleverleymr@github.io,Male,10/18/2018
821,Lyn,Rennles,lrennlesms@earthlink.net,Male,7/15/2018
822,Adara,Tuxwell,atuxwellmt@ebay.com,Female,11/18/2018
823,Raine,Clench,rclenchmu@friendfeed.com,Female,7/24/2018
824,Barny,Pegler,bpeglermv@thetimes.co.uk,Male,1/6/2018
825,Rosalinde,Melbert,rmelbertmw@lulu.com,Female,4/2/2018
826,Erich,Whaley,ewhaleymx@dot.gov,Male,2/20/2018
827,Marcella,Iscowitz,miscowitzmy@squidoo.com,Female,3/9/2018
828,Phelia,Greenier,pgreeniermz@imgur.com,Female,6/20/2018
829,Pedro,Belitz,pbelitzn0@domainmarket.com,Male,7/22/2018
830,Stephanie,Bartels-Ellis,sbartelsellisn1@mayoclinic.com,Female,11/30/2018
831,Ainslee,Stair,astairn2@over-blog.com,Female,4/6/2018
832,Candice,Mytton,cmyttonn3@newsvine.com,Female,9/9/2018
833,Berget,Woolvin,bwoolvinn4@naver.com,Female,6/15/2018
834,Brittany,Dallow,bdallown5@techcrunch.com,Female,12/24/2017
835,Eleni,Januszewski,ejanuszewskin6@sbwire.com,Female,9/20/2018
836,Doris,Grimoldby,dgrimoldbyn7@furl.net,Female,10/7/2018
837,Madeline,Burr,mburrn8@springer.com,Female,9/24/2018
838,Channa,Branston,cbranstonn9@oakley.com,Female,10/15/2018
839,Gibb,Baxandall,gbaxandallna@feedburner.com,Male,9/21/2018
840,Ira,Basnett,ibasnettnb@about.me,Male,9/20/2018
841,Beauregard,Gianneschi,bgianneschinc@imdb.com,Male,6/27/2018
842,Skipper,Sarvar,ssarvarnd@i2i.jp,Male,9/16/2018
843,Lynea,Powdrell,lpowdrellne@ovh.net,Female,12/20/2017
844,Buddy,Baston,bbastonnf@auda.org.au,Male,7/11/2018
845,Druci,Barkess,dbarkessng@infoseek.co.jp,Female,10/3/2018
846,Ronnie,Yedy,ryedynh@addthis.com,Male,6/4/2018
847,Vale,Scollick,vscollickni@nba.com,Male,1/10/2018
848,Henrik,Holtaway,hholtawaynj@google.fr,Male,12/2/2018
849,Stevie,Davidsson,sdavidssonnk@whitehouse.gov,Male,7/23/2018
850,Brigid,Jorck,bjorcknl@loc.gov,Female,5/10/2018
851,Christiana,Deniscke,cdenisckenm@histats.com,Female,1/18/2018
852,Cass,Robel,crobelnn@networksolutions.com,Male,10/15/2018
853,Valentijn,Dullard,vdullardno@wikimedia.org,Male,9/24/2018
854,Sada,Binfield,sbinfieldnp@quantcast.com,Female,3/28/2018
855,Marshal,Grindell,mgrindellnq@flickr.com,Male,4/20/2018
856,Alessandro,D'eath,adeathnr@cocolog-nifty.com,Male,7/31/2018
857,Corinna,Huson,chusonns@nasa.gov,Female,3/11/2018
858,Tanitansy,Loude,tloudent@plala.or.jp,Female,5/12/2018
859,Ross,Swallow,rswallownu@go.com,Male,7/21/2018
860,Tracey,Antill,tantillnv@quantcast.com,Male,12/25/2017
861,Milt,Tomowicz,mtomowicznw@spiegel.de,Male,4/26/2018
862,Ber,Kiff,bkiffnx@soundcloud.com,Male,3/25/2018
863,Jaime,Manis,jmanisny@cnn.com,Female,11/29/2018
864,Emilee,Fishburn,efishburnnz@cdbaby.com,Female,6/15/2018
865,Payton,Suston,psustono0@archive.org,Male,8/3/2018
866,Euell,Iacobo,eiacoboo1@histats.com,Male,6/5/2018
867,Anni,Freire,afreireo2@hatena.ne.jp,Female,11/3/2018
868,Olly,Blewitt,oblewitto3@salon.com,Female,9/14/2018
869,Louis,Shillabeare,lshillabeareo4@de.vu,Male,11/1/2018
870,Griselda,Binion,gbiniono5@noaa.gov,Female,5/11/2018
871,Barry,Duckers,bduckerso6@accuweather.com,Female,3/13/2018
872,Dur,Fearick,dfearicko7@zimbio.com,Male,6/19/2018
873,Pete,Pingstone,ppingstoneo8@newsvine.com,Male,12/31/2017
874,Gertruda,Denley,gdenleyo9@odnoklassniki.ru,Female,5/6/2018
875,Krishna,Shickle,kshickleoa@mtv.com,Male,5/15/2018
876,Charlot,Tabor,ctaborob@narod.ru,Female,10/22/2018
877,Mavra,Goodbanne,mgoodbanneoc@home.pl,Female,9/5/2018
878,Lorrin,Dyter,ldyterod@gmpg.org,Female,5/21/2018
879,Howard,Pickering,hpickeringoe@discovery.com,Male,9/23/2018
880,Hewet,Lippo,hlippoof@friendfeed.com,Male,11/14/2018
881,Florella,Strettle,fstrettleog@usa.gov,Female,12/30/2017
882,Tabina,Sodeau,tsodeauoh@sourceforge.net,Female,8/3/2018
883,Abran,Colgan,acolganoi@cbc.ca,Male,2/18/2018
884,Seumas,Hollyman,shollymanoj@lulu.com,Male,8/27/2018
885,Isak,Oguz,ioguzok@princeton.edu,Male,6/15/2018
886,Nanny,Blakesley,nblakesleyol@opensource.org,Female,4/29/2018
887,Nadiya,Elgee,nelgeeom@so-net.ne.jp,Female,1/26/2018
888,Sherry,Gemlbett,sgemlbetton@ed.gov,Female,6/5/2018
889,Bibbye,Ivanovic,bivanovicoo@vimeo.com,Female,7/23/2018
890,Del,MacFadzean,dmacfadzeanop@reddit.com,Female,11/26/2018
891,Johannes,Hartgill,jhartgilloq@indiatimes.com,Male,9/23/2018
892,Amil,Gorling,agorlingor@nbcnews.com,Female,1/22/2018
893,Kittie,Peerman,kpeermanos@mapy.cz,Female,7/14/2018
894,Mack,Zimmermanns,mzimmermannsot@soundcloud.com,Male,10/18/2018
895,Matilde,Sedgeworth,msedgeworthou@webs.com,Female,7/8/2018
896,Damaris,McAvinchey,dmcavincheyov@sogou.com,Female,7/15/2018
897,Andriette,Peagrim,apeagrimow@symantec.com,Female,3/25/2018
898,Bartlett,Guite,bguiteox@ycombinator.com,Male,5/2/2018
899,Helge,Potten,hpottenoy@live.com,Female,3/2/2018
900,Corrine,Elliot,celliotoz@omniture.com,Female,1/12/2018
901,Joannes,Risborough,jrisboroughp0@barnesandnoble.com,Female,8/9/2018
902,Alika,Vel,avelp1@wikispaces.com,Female,6/11/2018
903,Wald,Skittrell,wskittrellp2@infoseek.co.jp,Male,4/4/2018
904,Nickie,Farnfield,nfarnfieldp3@mail.ru,Male,4/21/2018
905,Crosby,Robertacci,crobertaccip4@symantec.com,Male,8/21/2018
906,Elfie,Cullingworth,ecullingworthp5@hud.gov,Female,5/28/2018
907,Carmelita,Rozea,crozeap6@wix.com,Female,2/23/2018
908,Talbot,Russilll,trussilllp7@wordpress.com,Male,5/27/2018
909,Wang,Baulcombe,wbaulcombep8@dedecms.com,Male,11/21/2018
910,Delmor,Giorgiutti,dgiorgiuttip9@oaic.gov.au,Male,5/13/2018
911,Tabbie,Abramski,tabramskipa@admin.ch,Female,9/1/2018
912,Cher,Hawyes,chawyespb@amazon.co.jp,Female,5/26/2018
913,Willi,Giacobini,wgiacobinipc@fc2.com,Male,3/11/2018
914,Iggy,Pountain,ipountainpd@liveinternet.ru,Male,5/4/2018
915,Dolph,Balloch,dballochpe@who.int,Male,5/25/2018
916,Desiri,O'Sheerin,dosheerinpf@bizjournals.com,Female,4/23/2018
917,Hi,Figurski,hfigurskipg@illinois.edu,Male,1/31/2018
918,Kerrin,Sarsfield,ksarsfieldph@dyndns.org,Female,11/23/2018
919,Rosaleen,Burberow,rburberowpi@vimeo.com,Female,3/12/2018
920,Whit,Gonning,wgonningpj@devhub.com,Male,6/29/2018
921,Edik,Eyton,eeytonpk@hhs.gov,Male,7/24/2018
922,Smith,Danzey,sdanzeypl@gmpg.org,Male,10/17/2018
923,Ashton,Bortolussi,abortolussipm@ifeng.com,Male,1/7/2018
924,Cindelyn,Ettery,cetterypn@instagram.com,Female,9/14/2018
925,Gayle,Girodin,ggirodinpo@google.com.br,Female,7/29/2018
926,Maria,Capron,mcapronpp@shop-pro.jp,Female,10/27/2018
927,Von,Maestro,vmaestropq@pagesperso-orange.fr,Male,3/17/2018
928,Coriss,Brody,cbrodypr@seesaa.net,Female,6/2/2018
929,Gert,Caslett,gcaslettps@intel.com,Female,7/18/2018
930,Madelena,Lampe,mlampept@geocities.com,Female,7/9/2018
931,Alyson,Easen,aeasenpu@gravatar.com,Female,12/9/2018
932,Blinni,Harbar,bharbarpv@howstuffworks.com,Female,11/23/2018
933,Courtney,Vickery,cvickerypw@sciencedirect.com,Male,4/29/2018
934,Arthur,Signore,asignorepx@guardian.co.uk,Male,4/27/2018
935,Marcel,Cattellion,mcattellionpy@baidu.com,Male,4/30/2018
936,Carrol,Harburtson,charburtsonpz@cnbc.com,Male,11/28/2018
937,Sayre,Riley,srileyq0@csmonitor.com,Female,12/22/2017
938,Claudelle,Danbrook,cdanbrookq1@ibm.com,Female,5/9/2018
939,Evelyn,Clarson,eclarsonq2@ucsd.edu,Female,1/17/2018
940,Zitella,Cheng,zchengq3@odnoklassniki.ru,Female,12/15/2017
941,Bruis,Sparshutt,bsparshuttq4@yelp.com,Male,1/31/2018
942,Annamarie,Kirstein,akirsteinq5@bing.com,Female,9/10/2018
943,Trula,Clothier,tclothierq6@google.cn,Female,7/26/2018
944,Tiebold,Webborn,twebbornq7@angelfire.com,Male,9/24/2018
945,Sibeal,Twede,stwedeq8@ucoz.ru,Female,2/26/2018
946,Connor,Du Hamel,cduhamelq9@google.com.hk,Male,9/8/2018
947,Gerek,Inseal,ginsealqa@live.com,Male,7/21/2018
948,Ryon,Damrel,rdamrelqb@tmall.com,Male,3/17/2018
949,Brendan,Joreau,bjoreauqc@wikia.com,Male,8/13/2018
950,Wendy,Hanny,whannyqd@oracle.com,Female,10/22/2018
951,Ulberto,Kalinsky,ukalinskyqe@jalbum.net,Male,1/9/2018
952,Helenelizabeth,Grim,hgrimqf@amazon.co.jp,Female,9/29/2018
953,Claiborne,Yelden,cyeldenqg@virginia.edu,Male,12/11/2017
954,Hew,Dislee,hdisleeqh@paginegialle.it,Male,1/9/2018
955,Codi,Markl,cmarklqi@weebly.com,Female,4/15/2018
956,Doris,Benjamin,dbenjaminqj@mit.edu,Female,11/6/2018
957,Marshal,Cosgrave,mcosgraveqk@hud.gov,Male,1/12/2018
958,Penelopa,Olrenshaw,polrenshawql@fema.gov,Female,2/19/2018
959,Lenna,Challenger,lchallengerqm@123-reg.co.uk,Female,3/13/2018
960,Harwilll,Berks,hberksqn@guardian.co.uk,Male,2/9/2018
961,Arlina,Youel,ayouelqo@sogou.com,Female,11/9/2018
962,Carlota,Slide,cslideqp@weebly.com,Female,3/15/2018
963,Jasmine,Micheu,jmicheuqq@canalblog.com,Female,5/18/2018
964,Valera,Paolino,vpaolinoqr@nbcnews.com,Female,9/3/2018
965,Essie,Crim,ecrimqs@economist.com,Female,6/8/2018
966,Abby,Adamov,aadamovqt@chron.com,Male,4/5/2018
967,Kim,Vynehall,kvynehallqu@samsung.com,Male,6/2/2018
968,Carling,Phillipps,cphillippsqv@walmart.com,Male,7/2/2018
969,Ashia,Hazelby,ahazelbyqw@tinyurl.com,Female,12/27/2017
970,Dionisio,Eilers,deilersqx@bizjournals.com,Male,4/22/2018
971,Norah,Coulter,ncoulterqy@geocities.jp,Female,9/4/2018
972,Roobbie,McNally,rmcnallyqz@nydailynews.com,Female,7/11/2018
973,Delcine,Grishagin,dgrishaginr0@bloglines.com,Female,6/14/2018
974,Alejandrina,De Micoli,ademicolir1@google.nl,Female,11/18/2018
975,Jillana,McGraffin,jmcgraffinr2@mozilla.com,Female,3/8/2018
976,Nixie,Jelliman,njellimanr3@dmoz.org,Female,7/5/2018
977,Gwenneth,Kinloch,gkinlochr4@imageshack.us,Female,10/11/2018
978,Tandi,O'Geneay,togeneayr5@pbs.org,Female,6/3/2018
979,Neall,Martinson,nmartinsonr6@kickstarter.com,Male,7/9/2018
980,Gaynor,Parades,gparadesr7@house.gov,Female,6/9/2018
981,Worth,Islep,wislepr8@bizjournals.com,Male,8/23/2018
982,Mill,Heaps,mheapsr9@baidu.com,Male,4/5/2018
983,Keane,Hawkeridge,khawkeridgera@technorati.com,Male,4/29/2018
984,Kennan,Pinchon,kpinchonrb@gizmodo.com,Male,2/20/2018
985,Bennie,Haig,bhaigrc@netlog.com,Male,7/31/2018
986,Saw,Chiplin,schiplinrd@cloudflare.com,Male,11/14/2018
987,Orelie,Murrhardt,omurrhardtre@cnn.com,Female,4/26/2018
988,Scotti,De Meyer,sdemeyerrf@harvard.edu,Male,11/4/2018
989,Bendicty,Ten Broek,btenbroekrg@joomla.org,Male,4/28/2018
990,Ofilia,Spurrior,ospurriorrh@mapy.cz,Female,5/8/2018
991,Dyna,Jewett,djewettri@barnesandnoble.com,Female,5/13/2018
992,Rosetta,Honisch,rhonischrj@wp.com,Female,10/27/2018
993,Natalina,Maharry,nmaharryrk@msu.edu,Female,2/27/2018
994,Alisander,Grice,agricerl@nationalgeographic.com,Male,7/14/2018
995,Caria,Rogeon,crogeonrm@clickbank.net,Female,10/9/2018
996,Samuele,Poate,spoatern@wunderground.com,Male,9/13/2018
997,Karoline,Lawn,klawnro@washingtonpost.com,Female,7/9/2018
998,Claire,Ruperto,crupertorp@imageshack.us,Female,1/12/2018
999,Yoko,Challace,ychallacerq@google.ru,Female,5/15/2018
1000,Bjorn,Moynihan,bmoynihanrr@narod.ru,Male,1/31/2018
