id,first_name,last_name,email,gender,birth_date
1,Marie-jeanne,Pembridge,mpembridge0@simplemachines.org,Female,10/25/2018
2,Ricard,Murfill,rmurfill1@ted.com,Male,9/6/2018
3,Augusto,Fells,afells2@jugem.jp,Male,1/27/2018
4,Stafani,Hasely,shasely3@wikispaces.com,Female,4/24/2018
5,Vic,Tindley,vtindley4@etsy.com,Male,2/15/2018
6,Ingamar,Gillyatt,igillyatt5@t-online.de,Male,8/13/2018
7,Jesse,Burel,jburel6@cbslocal.com,Male,12/7/2018
8,Annemarie,Gerber,agerber7@lycos.com,Female,7/9/2018
9,Keefe,Cano,kcano8@xinhuanet.com,Male,6/3/2018
10,Bonnie,Baude,bbaude9@opensource.org,Female,9/26/2018
11,Alasteir,Grason,agrasona@pinterest.com,Male,4/15/2018
12,Guthry,Mussard,gmussardb@cloudflare.com,Male,8/3/2018
13,Roldan,Webland,rweblandc@nba.com,Male,7/28/2018
14,Daniella,Cristoforetti,dcristoforettid@go.com,Female,7/19/2018
15,Winnie,Martinson,wmartinsone@elpais.com,Female,3/19/2018
16,Barbara,Daintry,bdaintryf@blinklist.com,Female,10/2/2018
17,Colby,Braunthal,cbraunthalg@jimdo.com,Male,7/29/2018
18,Chiquia,Biasini,cbiasinih@hao123.com,Female,1/5/2018
19,Johnna,Swapp,jswappi@linkedin.com,Female,9/19/2018
20,Crystie,Gaskarth,cgaskarthj@digg.com,Female,12/12/2017
21,Tarah,Dronsfield,tdronsfieldk@homestead.com,Female,3/2/2018
22,Creight,Woliter,cwoliterl@twitpic.com,Male,2/2/2018
23,Cordey,Adamovitz,cadamovitzm@bizjournals.com,Female,3/28/2018
24,Even,Ellissen,eellissenn@surveymonkey.com,Male,10/31/2018
25,Elliott,Roff,eroffo@gizmodo.com,Male,4/9/2018
26,Emlynne,Waring,ewaringp@soundcloud.com,Female,2/25/2018
27,Ibbie,Stelljes,istelljesq@nsw.gov.au,Female,5/29/2018
28,Beatrisa,Jinda,bjindar@behance.net,Female,6/16/2018
29,Jere,Mongain,jmongains@omniture.com,Female,5/29/2018
30,Loraine,Ealam,lealamt@springer.com,Female,8/13/2018
31,Thatcher,Rummin,trumminu@reddit.com,Male,7/21/2018
32,Nady,Ackred,nackredv@altervista.org,Female,2/1/2018
33,Ronni,McKague,rmckaguew@google.de,Female,9/20/2018
34,Francisco,Levine,flevinex@eventbrite.com,Male,11/16/2018
35,Claudius,Wysome,cwysomey@netscape.com,Male,5/9/2018
36,Anny,Wiskar,awiskarz@hhs.gov,Female,4/25/2018
37,Thia,Darrow,tdarrow10@w3.org,Female,10/23/2018
38,Marilin,Glennie,mglennie11@bigcartel.com,Female,8/23/2018
39,Dal,Southouse,dsouthouse12@bigcartel.com,Male,8/13/2018
40,Hubey,Kirkland,hkirkland13@npr.org,Male,5/17/2018
41,Rodolfo,Meale,rmeale14@senate.gov,Male,2/28/2018
42,Sollie,Ivanovic,sivanovic15@narod.ru,Male,9/3/2018
43,Fidelity,Paddock,fpaddock16@washingtonpost.com,Female,2/7/2018
44,Maible,Cornils,mcornils17@howstuffworks.com,Female,12/3/2018
45,Merill,Dawdry,mdawdry18@reuters.com,Male,10/26/2018
46,Henrieta,Hurdis,hhurdis19@sciencedirect.com,Female,2/11/2018
47,Javier,Holyard,jholyard1a@vkontakte.ru,Male,3/23/2018
48,Rivy,Bage,rbage1b@ycombinator.com,Female,6/12/2018
49,Lynnea,Pinsent,lpinsent1c@acquirethisname.com,Female,3/4/2018
50,Gunner,Bamlett,gbamlett1d@meetup.com,Male,7/29/2018
51,Greg,Gaishson,ggaishson1e@msu.edu,Male,5/3/2018
52,Gladys,Fayer,gfayer1f@vkontakte.ru,Female,4/4/2018
53,Garner,Maunton,gmaunton1g@google.co.uk,Male,2/23/2018
54,Marwin,Walne,mwalne1h@state.gov,Male,6/13/2018
55,Urbanus,Tinner,utinner1i@yahoo.co.jp,Male,12/15/2017
56,Erhard,Danat,edanat1j@spiegel.de,Male,12/12/2017
57,Inglebert,Blagden,iblagden1k@europa.eu,Male,5/16/2018
58,Fidelio,Bixley,fbixley1l@sourceforge.net,Male,7/17/2018
59,Paulette,Baszniak,pbaszniak1m@digg.com,Female,5/1/2018
60,Ethelyn,Bruckner,ebruckner1n@google.de,Female,1/10/2018
61,Fremont,Duncklee,fduncklee1o@studiopress.com,Male,11/26/2018
62,Aland,Cuskery,acuskery1p@ustream.tv,Male,9/27/2018
63,Currie,Spadoni,cspadoni1q@telegraph.co.uk,Male,4/5/2018
64,Rahel,Teers,rteers1r@google.ru,Female,9/1/2018
65,Michale,Trasler,mtrasler1s@pagesperso-orange.fr,Male,7/1/2018
66,Adina,Endean,aendean1t@yandex.ru,Female,1/28/2018
67,Ailyn,Mushrow,amushrow1u@flickr.com,Female,8/29/2018
68,Dory,Calrow,dcalrow1v@domainmarket.com,Female,7/18/2018
69,Dewain,Darch,ddarch1w@hexun.com,Male,6/4/2018
70,Langsdon,Delmage,ldelmage1x@desdev.cn,Male,7/27/2018
71,Charity,Weekley,cweekley1y@liveinternet.ru,Female,7/20/2018
72,Marcile,Beininck,mbeininck1z@t.co,Female,6/17/2018
73,Meredith,McDade,mmcdade20@acquirethisname.com,Female,6/30/2018
74,Darwin,Storch,dstorch21@skype.com,Male,8/6/2018
75,Odey,Eivers,oeivers22@upenn.edu,Male,4/30/2018
76,Natassia,Cruise,ncruise23@slideshare.net,Female,11/14/2018
77,Caron,Karoly,ckaroly24@timesonline.co.uk,Female,9/14/2018
78,Aubry,Szymon,aszymon25@berkeley.edu,Female,10/14/2018
79,Fancy,Championnet,fchampionnet26@sourceforge.net,Female,11/24/2018
80,Dunstan,Lill,dlill27@paginegialle.it,Male,5/26/2018
81,Nikolia,Schoenleiter,nschoenleiter28@tripod.com,Female,8/11/2018
82,Natasha,Betjeman,nbetjeman29@jigsy.com,Female,1/18/2018
83,Garvin,Olanda,golanda2a@ed.gov,Male,5/8/2018
84,Ilario,Massy,imassy2b@irs.gov,Male,6/16/2018
85,Brian,Pennells,bpennells2c@google.de,Male,3/21/2018
86,Grannie,Kirsop,gkirsop2d@nationalgeographic.com,Male,6/18/2018
87,Jorgan,Inott,jinott2e@cnn.com,Male,11/24/2018
88,Gregory,Leachman,gleachman2f@yelp.com,Male,9/28/2018
89,August,Ruppele,aruppele2g@nasa.gov,Male,10/10/2018
90,Sharona,Nares,snares2h@instagram.com,Female,9/16/2018
91,Deloria,Skinner,dskinner2i@example.com,Female,9/19/2018
92,Jocelin,Hateley,jhateley2j@is.gd,Female,9/26/2018
93,Ranna,Loveless,rloveless2k@army.mil,Female,9/19/2018
94,Jarad,Grewer,jgrewer2l@globo.com,Male,7/22/2018
95,Sibyl,Gorcke,sgorcke2m@washington.edu,Female,7/4/2018
96,Shae,Gosden,sgosden2n@yolasite.com,Male,7/24/2018
97,Chet,Sustin,csustin2o@reddit.com,Male,12/3/2018
98,Burl,Rusbridge,brusbridge2p@bing.com,Male,8/31/2018
99,Aldrich,Aizikowitz,aaizikowitz2q@pcworld.com,Male,1/8/2018
100,Deirdre,Butterick,dbutterick2r@miitbeian.gov.cn,Female,4/9/2018
101,Benoit,Bertenshaw,bbertenshaw2s@blogspot.com,Male,12/27/2017
102,Skylar,Slate,sslate2t@posterous.com,Male,7/26/2018
103,Nancie,Bidewell,nbidewell2u@google.com.br,Female,8/13/2018
104,Erv,Holleworth,eholleworth2v@usa.gov,Male,4/1/2018
105,Sinclare,Livingstone,slivingstone2w@rakuten.co.jp,Male,2/28/2018
106,Nora,Boriston,nboriston2x@mit.edu,Female,10/13/2018
107,Teodoor,Wield,twield2y@bbc.co.uk,Male,12/13/2017
108,Massimo,holmes,mholmes2z@nature.com,Male,3/17/2018
109,Fredelia,Pautot,fpautot30@soup.io,Female,8/29/2018
110,Homerus,Ducker,hducker31@paginegialle.it,Male,3/15/2018
111,Cal,Bartlet,cbartlet32@usatoday.com,Female,4/17/2018
112,Bennett,Carek,bcarek33@youtu.be,Male,3/19/2018
113,Shalne,Adlard,sadlard34@123-reg.co.uk,Female,3/13/2018
114,Timmy,Ameer-Beg,tameerbeg35@google.ca,Male,12/31/2017
115,Cornall,Proudlock,cproudlock36@baidu.com,Male,1/21/2018
116,Ossie,Skally,oskally37@noaa.gov,Male,6/3/2018
117,Sampson,Corder,scorder38@jalbum.net,Male,9/9/2018
118,Gratiana,Williamson,gwilliamson39@telegraph.co.uk,Female,12/24/2017
119,Sheridan,Scoyne,sscoyne3a@dailymail.co.uk,Male,3/13/2018
120,Moses,Stailey,mstailey3b@spiegel.de,Male,2/8/2018
121,Lee,Dickman,ldickman3c@nymag.com,Female,3/23/2018
122,Lona,Aubry,laubry3d@adobe.com,Female,2/2/2018
123,Yves,Anthonies,yanthonies3e@engadget.com,Male,9/13/2018
124,Neely,Stanmer,nstanmer3f@gizmodo.com,Female,10/8/2018
125,Gilberte,MacGaughie,gmacgaughie3g@weebly.com,Female,7/3/2018
126,Casar,Jeanneau,cjeanneau3h@uol.com.br,Male,12/24/2017
127,Cort,Blannin,cblannin3i@ebay.co.uk,Male,2/13/2018
128,Wilbert,Flintoft,wflintoft3j@tripadvisor.com,Male,7/30/2018
129,Nikos,Bortol,nbortol3k@harvard.edu,Male,9/17/2018
130,Clementius,Sheer,csheer3l@360.cn,Male,7/4/2018
131,Golda,Bromfield,gbromfield3m@paypal.com,Female,11/4/2018
132,Murdock,Chrisp,mchrisp3n@cocolog-nifty.com,Male,12/16/2017
133,Catherin,Guess,cguess3o@yahoo.com,Female,3/26/2018
134,Emlyn,McWhan,emcwhan3p@skyrock.com,Female,12/26/2017
135,Merrick,O' Mullan,momullan3q@oakley.com,Male,9/6/2018
136,Casey,Southway,csouthway3r@imdb.com,Male,11/11/2018
137,Moore,Mousdall,mmousdall3s@umn.edu,Male,5/18/2018
138,Jerome,Matthias,jmatthias3t@youtu.be,Male,4/27/2018
139,Cleo,Braddon,cbraddon3u@sourceforge.net,Female,2/24/2018
140,Isidor,Camili,icamili3v@walmart.com,Male,12/13/2017
141,Nelia,Matyugin,nmatyugin3w@unblog.fr,Female,5/22/2018
142,Trixi,Nugent,tnugent3x@nps.gov,Female,4/26/2018
143,Garnette,Heare,gheare3y@ask.com,Female,10/5/2018
144,Trixi,Beaument,tbeaument3z@alibaba.com,Female,2/1/2018
145,Danyelle,Dampier,ddampier40@imdb.com,Female,3/23/2018
146,Hadley,Baldelli,hbaldelli41@vimeo.com,Male,4/11/2018
147,Shanna,Preshaw,spreshaw42@sun.com,Female,6/6/2018
148,Cliff,Askam,caskam43@nydailynews.com,Male,1/12/2018
149,Waylin,Donat,wdonat44@liveinternet.ru,Male,6/6/2018
150,Thorpe,Gavin,tgavin45@cnn.com,Male,12/11/2017
151,Matteo,Petrello,mpetrello46@ask.com,Male,1/28/2018
152,Mirelle,Dobel,mdobel47@amazon.com,Female,10/15/2018
153,Lulita,Minger,lminger48@weather.com,Female,10/5/2018
154,Rea,Fiddy,rfiddy49@independent.co.uk,Female,10/2/2018
155,Gibbie,Andrey,gandrey4a@ifeng.com,Male,1/23/2018
156,Maria,Andrichuk,mandrichuk4b@businessweek.com,Female,6/13/2018
157,Joice,Cansdill,jcansdill4c@freewebs.com,Female,6/12/2018
158,Gordan,Linthead,glinthead4d@macromedia.com,Male,1/3/2018
159,Gabi,Confait,gconfait4e@china.com.cn,Male,4/13/2018
160,Berta,Yantsev,byantsev4f@wired.com,Female,6/16/2018
161,Savina,Ramas,sramas4g@nasa.gov,Female,1/5/2018
162,Devondra,Scrane,dscrane4h@slate.com,Female,3/2/2018
163,Karel,Duinkerk,kduinkerk4i@businessinsider.com,Male,12/6/2018
164,Kareem,Donovin,kdonovin4j@flavors.me,Male,7/13/2018
165,Joshuah,Gimbart,jgimbart4k@goo.ne.jp,Male,8/27/2018
166,Redd,Stainbridge,rstainbridge4l@icq.com,Male,10/24/2018
167,Rosalia,Ascroft,rascroft4m@domainmarket.com,Female,1/24/2018
168,Briana,Riseley,briseley4n@g.co,Female,11/22/2018
169,Virgil,Ganning,vganning4o@google.it,Male,3/1/2018
170,Juliann,Dibson,jdibson4p@360.cn,Female,3/30/2018
171,Trev,Styles,tstyles4q@abc.net.au,Male,1/27/2018
172,Perren,Sloam,psloam4r@mediafire.com,Male,8/31/2018
173,Atlanta,Hamstead,ahamstead4s@smugmug.com,Female,9/1/2018
174,Zandra,Traher,ztraher4t@mac.com,Female,1/26/2018
175,Morie,Elms,melms4u@cnn.com,Male,10/6/2018
176,Hephzibah,Cuxon,hcuxon4v@dedecms.com,Female,8/17/2018
177,Paddy,Heakins,pheakins4w@domainmarket.com,Male,3/1/2018
178,Nickie,Fallow,nfallow4x@addtoany.com,Female,5/6/2018
179,Darya,Waine,dwaine4y@un.org,Female,7/18/2018
180,Antoni,Grombridge,agrombridge4z@omniture.com,Male,7/19/2018
181,Marv,Shirer,mshirer50@theguardian.com,Male,4/20/2018
182,Alfy,Cornewall,acornewall51@linkedin.com,Male,11/16/2018
183,Magdaia,Shilvock,mshilvock52@huffingtonpost.com,Female,7/25/2018
184,Garland,Belhome,gbelhome53@studiopress.com,Female,4/4/2018
185,Shellysheldon,Sehorsch,ssehorsch54@miitbeian.gov.cn,Male,3/7/2018
186,Harrie,Grocock,hgrocock55@tuttocitta.it,Female,1/11/2018
187,Rinaldo,Agastina,ragastina56@xinhuanet.com,Male,10/24/2018
188,Mirilla,O'Dare,modare57@mtv.com,Female,7/15/2018
189,Sutherlan,Agus,sagus58@istockphoto.com,Male,1/12/2018
190,Atlanta,Littrick,alittrick59@mtv.com,Female,9/1/2018
191,Gare,Mablestone,gmablestone5a@aboutads.info,Male,11/29/2018
192,Colette,Aberdein,caberdein5b@walmart.com,Female,9/2/2018
193,Skelly,Marquez,smarquez5c@seesaa.net,Male,10/24/2018
194,Marjorie,Axell,maxell5d@over-blog.com,Female,9/18/2018
195,Saraann,Ogdahl,sogdahl5e@de.vu,Female,8/29/2018
196,Ceil,Fenney,cfenney5f@fda.gov,Female,3/4/2018
197,Ransom,Polack,rpolack5g@gov.uk,Male,2/14/2018
198,Gusella,Craft,gcraft5h@pbs.org,Female,1/26/2018
199,Bernard,Kropp,bkropp5i@uiuc.edu,Male,1/19/2018
200,Nicko,Allabush,nallabush5j@merriam-webster.com,Male,10/27/2018
201,Ingaberg,Tasker,itasker5k@rakuten.co.jp,Female,5/8/2018
202,Quintana,Dabbs,qdabbs5l@goo.gl,Female,1/7/2018
203,Tilly,Ellacombe,tellacombe5m@infoseek.co.jp,Female,9/30/2018
204,Decca,Dunk,ddunk5n@vistaprint.com,Male,7/11/2018
205,Ginger,Dinley,gdinley5o@unc.edu,Male,5/23/2018
206,Obadias,Gittins,ogittins5p@time.com,Male,10/6/2018
207,Gearalt,Burnhill,gburnhill5q@wunderground.com,Male,6/20/2018
208,Rafaelia,Tretwell,rtretwell5r@webmd.com,Female,5/10/2018
209,Winonah,Bryce,wbryce5s@ihg.com,Female,6/30/2018
210,Sarge,Fleury,sfleury5t@amazonaws.com,Male,10/21/2018
211,Eugenius,Galpin,egalpin5u@icio.us,Male,12/3/2018
212,Addy,Everiss,aeveriss5v@behance.net,Male,9/18/2018
213,Debi,Marie,dmarie5w@weather.com,Female,9/22/2018
214,Carmon,Angeli,cangeli5x@cbc.ca,Female,11/20/2018
215,Tailor,Craigmile,tcraigmile5y@army.mil,Male,3/23/2018
216,Norene,Meaker,nmeaker5z@youtu.be,Female,7/27/2018
217,Terrence,Beazley,tbeazley60@upenn.edu,Male,8/27/2018
218,Moses,Whate,mwhate61@dot.gov,Male,9/7/2018
219,Arther,Inmett,ainmett62@hhs.gov,Male,3/31/2018
220,Courtenay,Zold,czold63@ftc.gov,Female,10/7/2018
221,Tasha,Treeby,ttreeby64@networksolutions.com,Female,9/15/2018
222,Zerk,Spinas,zspinas65@arizona.edu,Male,9/17/2018
223,Val,Musla,vmusla66@reddit.com,Male,4/28/2018
224,Wynn,Musla,wmusla67@hao123.com,Male,5/30/2018
225,Charisse,Mohan,cmohan68@cam.ac.uk,Female,8/18/2018
226,Saundra,Tome,stome69@ebay.co.uk,Female,7/22/2018
227,Ripley,Kleeman,rkleeman6a@skype.com,Male,1/21/2018
228,Jeno,Colls,jcolls6b@discuz.net,Male,12/17/2017
229,Binnie,Brugemann,bbrugemann6c@ezinearticles.com,Female,11/26/2018
230,Mikkel,Pipet,mpipet6d@shutterfly.com,Male,9/12/2018
231,Ailis,Dixcee,adixcee6e@tripadvisor.com,Female,6/23/2018
232,Devy,Cranage,dcranage6f@reverbnation.com,Male,6/18/2018
233,Amandi,D' Angelo,adangelo6g@skype.com,Female,10/22/2018
234,Alisander,Levens,alevens6h@printfriendly.com,Male,7/20/2018
235,Matias,Recher,mrecher6i@technorati.com,Male,12/27/2017
236,Umberto,Niece,uniece6j@buzzfeed.com,Male,1/27/2018
237,Stacy,Schneidau,sschneidau6k@businesswire.com,Male,6/9/2018
238,Jamima,Garton,jgarton6l@webs.com,Female,10/1/2018
239,Arie,Charke,acharke6m@1und1.de,Male,3/23/2018
240,Renaud,Grierson,rgrierson6n@psu.edu,Male,5/17/2018
241,Orelia,Kemster,okemster6o@statcounter.com,Female,2/17/2018
242,Matty,Matveichev,mmatveichev6p@ft.com,Male,10/23/2018
243,Tildy,Anetts,tanetts6q@cafepress.com,Female,1/31/2018
244,Tessie,Livezey,tlivezey6r@storify.com,Female,4/20/2018
245,Brigitte,Dryden,bdryden6s@dmoz.org,Female,9/25/2018
246,Shaine,Skep,sskep6t@upenn.edu,Male,11/22/2018
247,Britt,Bahlmann,bbahlmann6u@cdc.gov,Female,3/22/2018
248,Natka,Sherwill,nsherwill6v@columbia.edu,Female,4/22/2018
249,Cornie,Annies,cannies6w@fc2.com,Female,6/13/2018
250,Waring,Watling,wwatling6x@gnu.org,Male,8/24/2018
251,Anthony,Teek,ateek6y@fda.gov,Male,3/26/2018
252,Osmond,Tunna,otunna6z@vistaprint.com,Male,12/16/2017
253,Brod,Balmforth,bbalmforth70@scribd.com,Male,6/7/2018
254,Foster,Maccaig,fmaccaig71@nhs.uk,Male,11/5/2018
255,Kahlil,Sayburn,ksayburn72@pen.io,Male,1/1/2018
256,Jojo,McKomb,jmckomb73@pagesperso-orange.fr,Female,1/1/2018
257,Fidela,Torn,ftorn74@ucoz.com,Female,10/1/2018
258,Natale,Daymond,ndaymond75@mlb.com,Male,4/4/2018
259,Caty,Forestel,cforestel76@ucoz.ru,Female,10/21/2018
260,Marnie,MacPike,mmacpike77@123-reg.co.uk,Female,5/9/2018
261,Tonia,Reburn,treburn78@bloglovin.com,Female,1/23/2018
262,Bernadette,Ollerton,bollerton79@kickstarter.com,Female,12/23/2017
263,Trueman,Morgon,tmorgon7a@liveinternet.ru,Male,12/8/2018
264,Renae,Dionisetti,rdionisetti7b@msn.com,Female,12/26/2017
265,Haskel,Brade,hbrade7c@creativecommons.org,Male,11/5/2018
266,Zarah,Beaumont,zbeaumont7d@bbb.org,Female,3/19/2018
267,Herb,Schooley,hschooley7e@imageshack.us,Male,2/3/2018
268,Axe,Smitherman,asmitherman7f@harvard.edu,Male,3/15/2018
269,Anestassia,Thickett,athickett7g@elpais.com,Female,11/12/2018
270,Ailey,Render,arender7h@fastcompany.com,Female,10/4/2018
271,Valencia,Geaney,vgeaney7i@live.com,Female,11/11/2018
272,Lonnard,Cassel,lcassel7j@slideshare.net,Male,3/3/2018
273,Gar,Coogan,gcoogan7k@netscape.com,Male,7/19/2018
274,Clari,Voas,cvoas7l@hostgator.com,Female,7/2/2018
275,Leeanne,Hurl,lhurl7m@admin.ch,Female,5/6/2018
276,Elwyn,Buse,ebuse7n@reference.com,Male,10/25/2018
277,Jenifer,Limb,jlimb7o@lycos.com,Female,12/21/2017
278,Tiphany,Sawrey,tsawrey7p@oakley.com,Female,1/9/2018
279,Caresa,Skilton,cskilton7q@princeton.edu,Female,6/7/2018
280,Ros,Obal,robal7r@howstuffworks.com,Female,6/5/2018
281,Sutherlan,Helsdon,shelsdon7s@imgur.com,Male,11/7/2018
282,Janis,Sawdy,jsawdy7t@merriam-webster.com,Female,11/16/2018
283,Ashbey,Smythe,asmythe7u@stanford.edu,Male,12/14/2017
284,Osbourn,Duckers,oduckers7v@de.vu,Male,6/21/2018
285,Trevar,Trunchion,ttrunchion7w@webeden.co.uk,Male,8/3/2018
286,Cristian,Marriner,cmarriner7x@wordpress.org,Male,6/15/2018
287,Hadleigh,Swansbury,hswansbury7y@i2i.jp,Male,8/17/2018
288,Joscelin,Dobrowski,jdobrowski7z@joomla.org,Female,10/24/2018
289,Kittie,Biesterfeld,kbiesterfeld80@example.com,Female,1/7/2018
290,Keriann,Hazeldine,khazeldine81@merriam-webster.com,Female,9/24/2018
291,Jarrod,Althrope,jalthrope82@chronoengine.com,Male,1/10/2018
292,Rockey,Sterricks,rsterricks83@forbes.com,Male,6/22/2018
293,Ignaz,Mattholie,imattholie84@posterous.com,Male,6/4/2018
294,Niles,Wormleighton,nwormleighton85@linkedin.com,Male,1/4/2018
295,Caryl,Espinal,cespinal86@amazon.com,Female,3/17/2018
296,Baily,Kezar,bkezar87@ted.com,Male,3/5/2018
297,Marcellus,Elkin,melkin88@diigo.com,Male,7/7/2018
298,Muriel,Welburn,mwelburn89@ca.gov,Female,5/7/2018
299,Allegra,Itzhaki,aitzhaki8a@hhs.gov,Female,2/19/2018
300,Nataniel,Quillinane,nquillinane8b@addthis.com,Male,10/5/2018
301,Rhett,Craigs,rcraigs8c@uiuc.edu,Male,12/25/2017
302,Sissie,Meineken,smeineken8d@paypal.com,Female,2/17/2018
303,Gerrie,Maciejak,gmaciejak8e@rediff.com,Male,10/7/2018
304,Martica,Amott,mamott8f@nytimes.com,Female,6/24/2018
305,Adolphe,Mattiazzi,amattiazzi8g@barnesandnoble.com,Male,12/5/2018
306,Marius,Humbee,mhumbee8h@rediff.com,Male,5/24/2018
307,Helaine,Matejic,hmatejic8i@cornell.edu,Female,6/19/2018
308,Jessalyn,Harvard,jharvard8j@si.edu,Female,9/26/2018
309,Bay,Gannon,bgannon8k@nymag.com,Male,7/5/2018
310,Stuart,Ternouth,sternouth8l@berkeley.edu,Male,8/19/2018
311,Lucina,Jaeggi,ljaeggi8m@intel.com,Female,9/11/2018
312,Faun,Kinnon,fkinnon8n@mit.edu,Female,1/3/2018
313,Pierre,Lavell,plavell8o@typepad.com,Male,5/19/2018
314,Zacherie,Tebbutt,ztebbutt8p@stanford.edu,Male,11/2/2018
315,Paulie,Coales,pcoales8q@xrea.com,Male,1/4/2018
316,Hogan,Barfield,hbarfield8r@spotify.com,Male,5/19/2018
317,Bjorn,Itzkovwitch,bitzkovwitch8s@indiatimes.com,Male,12/27/2017
318,Hilario,Welbelove,hwelbelove8t@bandcamp.com,Male,2/24/2018
319,Alvie,Buscher,abuscher8u@liveinternet.ru,Male,12/20/2017
320,Camey,Bohl,cbohl8v@alibaba.com,Male,6/13/2018
321,Hilario,Borless,hborless8w@globo.com,Male,2/20/2018
322,Rollo,Gaspero,rgaspero8x@patch.com,Male,5/7/2018
323,Nikita,Eglese,neglese8y@europa.eu,Male,3/18/2018
324,Andrej,Merdew,amerdew8z@sun.com,Male,4/2/2018
325,Andonis,Darley,adarley90@trellian.com,Male,12/20/2017
326,Moses,Ligoe,mligoe91@ucoz.ru,Male,10/25/2018
327,Armstrong,Gerriets,agerriets92@bbb.org,Male,12/8/2018
328,Rafaellle,Crollman,rcrollman93@amazon.com,Male,8/1/2018
329,Merrilee,Spearman,mspearman94@imdb.com,Female,12/29/2017
330,Dex,O'Dennehy,dodennehy95@sohu.com,Male,10/17/2018
331,Rosalinda,Gronowe,rgronowe96@nasa.gov,Female,5/6/2018
332,Shelby,Robbie,srobbie97@bbb.org,Male,4/10/2018
333,Granville,McDermid,gmcdermid98@sohu.com,Male,2/11/2018
334,Rikki,Ugolini,rugolini99@phpbb.com,Female,11/3/2018
335,Donn,Dyball,ddyball9a@google.ca,Male,7/13/2018
336,Padget,Crowter,pcrowter9b@blog.com,Male,8/9/2018
337,Amby,Willoughley,awilloughley9c@blogspot.com,Male,11/23/2018
338,Lynn,Boyce,lboyce9d@addthis.com,Female,4/20/2018
339,Urbano,Bertie,ubertie9e@jalbum.net,Male,11/1/2018
340,Niels,Morland,nmorland9f@google.ca,Male,12/19/2017
341,Doralynn,Newvell,dnewvell9g@pcworld.com,Female,9/9/2018
342,Phelia,Cruikshank,pcruikshank9h@house.gov,Female,10/6/2018
343,Garreth,Garbutt,ggarbutt9i@livejournal.com,Male,10/8/2018
344,Rafaelita,Braams,rbraams9j@tumblr.com,Female,7/24/2018
345,Jeane,Arnely,jarnely9k@paypal.com,Female,5/8/2018
346,Jarrid,Kneel,jkneel9l@illinois.edu,Male,3/26/2018
347,Noach,Lightollers,nlightollers9m@free.fr,Male,1/4/2018
348,Tanney,Tugwell,ttugwell9n@cargocollective.com,Male,2/27/2018
349,Randy,Ludlow,rludlow9o@hubpages.com,Female,7/22/2018
350,Ellary,Donaghy,edonaghy9p@webs.com,Male,6/8/2018
351,Dorita,MacQuaker,dmacquaker9q@ucsd.edu,Female,4/11/2018
352,Bartholemy,Hadrill,bhadrill9r@globo.com,Male,12/8/2018
353,Alden,Dafter,adafter9s@cafepress.com,Male,9/2/2018
354,Meade,Batha,mbatha9t@omniture.com,Female,4/20/2018
355,Adena,Maffeo,amaffeo9u@1688.com,Female,4/13/2018
356,Gregg,Hughlin,ghughlin9v@wordpress.com,Male,4/12/2018
357,Whitby,Stendall,wstendall9w@wiley.com,Male,8/9/2018
358,Gaby,Primarolo,gprimarolo9x@yolasite.com,Female,10/23/2018
359,Nobe,Mechan,nmechan9y@virginia.edu,Male,1/20/2018
360,Marcelle,Plester,mplester9z@4shared.com,Female,3/23/2018
361,Isidro,Dunnico,idunnicoa0@1und1.de,Male,6/11/2018
362,Ryun,Squibbs,rsquibbsa1@cnbc.com,Male,1/28/2018
363,Salmon,Fulep,sfulepa2@uiuc.edu,Male,11/21/2018
364,Lark,Kurtis,lkurtisa3@sphinn.com,Female,10/7/2018
365,D'arcy,Mcwhinney,dmcwhinneya4@w3.org,Male,6/29/2018
366,Charmine,Praundl,cpraundla5@issuu.com,Female,4/19/2018
367,Gladys,Lowthorpe,glowthorpea6@ucoz.com,Female,9/6/2018
368,Hilliard,Jobbing,hjobbinga7@noaa.gov,Male,6/14/2018
369,Manuel,Kroll,mkrolla8@disqus.com,Male,9/9/2018
370,Consuela,Goodread,cgoodreada9@kickstarter.com,Female,12/3/2018
371,Davina,Arundel,darundelaa@yale.edu,Female,11/2/2018
372,Vaughan,Hellin,vhellinab@clickbank.net,Male,2/3/2018
373,Brigitte,Chilcott,bchilcottac@sun.com,Female,8/25/2018
374,Shirline,Pearde,speardead@miibeian.gov.cn,Female,5/31/2018
375,Con,Rapier,crapierae@abc.net.au,Male,4/30/2018
376,Hamlin,Lodemann,hlodemannaf@patch.com,Male,6/1/2018
377,Jerrome,Scranney,jscranneyag@rediff.com,Male,8/28/2018
378,Tyrone,Liggons,tliggonsah@cbslocal.com,Male,10/8/2018
379,Aeriela,Hawket,ahawketai@photobucket.com,Female,8/28/2018
380,Danni,Matiebe,dmatiebeaj@google.com,Female,7/5/2018
381,Gran,Colebourne,gcolebourneak@webeden.co.uk,Male,1/4/2018
382,Demetria,Bouttell,dbouttellal@fema.gov,Female,7/19/2018
383,Zora,Owtram,zowtramam@vinaora.com,Female,7/14/2018
384,Marrilee,Soame,msoamean@bluehost.com,Female,3/30/2018
385,Winifield,Van Leijs,wvanleijsao@nba.com,Male,4/7/2018
386,Joelly,Mazella,jmazellaap@ted.com,Female,10/26/2018
387,Barbabas,Fetherby,bfetherbyaq@nasa.gov,Male,5/4/2018
388,Chas,Yurevich,cyurevichar@cmu.edu,Male,1/6/2018
389,Violetta,Daburn,vdaburnas@ftc.gov,Female,4/18/2018
390,Kathe,Thormann,kthormannat@wikia.com,Female,5/18/2018
391,Dion,Davidovici,ddavidoviciau@shutterfly.com,Female,7/24/2018
392,Noemi,Wernher,nwernherav@jigsy.com,Female,12/31/2017
393,Brandais,Ross,brossaw@posterous.com,Female,10/14/2018
394,Janene,Bovingdon,jbovingdonax@constantcontact.com,Female,6/4/2018
395,Dinnie,Miko,dmikoay@gov.uk,Female,3/16/2018
396,Jamison,Greenall,jgreenallaz@indiegogo.com,Male,6/24/2018
397,Ardine,Burger,aburgerb0@delicious.com,Female,12/7/2018
398,Yule,Kollasch,ykollaschb1@examiner.com,Male,10/24/2018
399,Allistir,Kuhne,akuhneb2@wikispaces.com,Male,9/24/2018
400,Mimi,Gunther,mguntherb3@yandex.ru,Female,3/30/2018
401,Edsel,Wewell,ewewellb4@ebay.co.uk,Male,4/18/2018
402,Kyla,Gauvin,kgauvinb5@xinhuanet.com,Female,4/4/2018
403,Sibilla,Galtone,sgaltoneb6@oracle.com,Female,11/3/2018
404,Gaston,Cockton,gcocktonb7@adobe.com,Male,11/28/2018
405,Elizabeth,Valentine,evalentineb8@last.fm,Female,8/26/2018
406,Lonnie,Cottis,lcottisb9@indiegogo.com,Male,10/19/2018
407,Anastassia,Drysdell,adrysdellba@wikia.com,Female,7/10/2018
408,Josselyn,Senten,jsentenbb@craigslist.org,Female,10/9/2018
409,Dew,Kilmaster,dkilmasterbc@yellowbook.com,Male,8/4/2018
410,Grady,Nicol,gnicolbd@netvibes.com,Male,1/14/2018
411,Catina,Venables,cvenablesbe@aol.com,Female,4/6/2018
412,Cathleen,Goldster,cgoldsterbf@google.cn,Female,4/19/2018
413,Toma,Canniffe,tcanniffebg@globo.com,Female,3/4/2018
414,Lowell,Wordington,lwordingtonbh@creativecommons.org,Male,10/22/2018
415,Di,Balfour,dbalfourbi@51.la,Female,11/1/2018
416,Sheelah,Worthing,sworthingbj@google.it,Female,2/24/2018
417,Bradford,Sawle,bsawlebk@over-blog.com,Male,1/4/2018
418,Niall,Catling,ncatlingbl@reference.com,Male,5/2/2018
419,Blondell,Mabbitt,bmabbittbm@cocolog-nifty.com,Female,7/11/2018
420,Howard,Lennon,hlennonbn@mit.edu,Male,7/9/2018
421,Delcina,Jaulme,djaulmebo@hibu.com,Female,10/25/2018
422,Evelin,Roan,eroanbp@who.int,Male,4/2/2018
423,Armando,Caustic,acausticbq@github.com,Male,1/26/2018
424,Emili,Ramelet,erameletbr@e-recht24.de,Female,11/6/2018
425,Eadmund,Mitchenson,emitchensonbs@google.nl,Male,7/22/2018
426,Town,Eivers,teiversbt@hubpages.com,Male,7/28/2018
427,Mersey,Gooderham,mgooderhambu@blinklist.com,Female,5/4/2018
428,Goddard,Leates,gleatesbv@kickstarter.com,Male,8/31/2018
429,Danni,Negri,dnegribw@php.net,Female,8/3/2018
430,Carlin,Skillitt,cskillittbx@skype.com,Female,2/23/2018
431,Kristoffer,Caroli,kcaroliby@usatoday.com,Male,8/22/2018
432,Hurley,Terbrug,hterbrugbz@desdev.cn,Male,5/24/2018
433,Fons,Matijasevic,fmatijasevicc0@desdev.cn,Male,1/30/2018
434,Celene,McChesney,cmcchesneyc1@com.com,Female,8/27/2018
435,Berte,Aloigi,baloigic2@sun.com,Female,12/19/2017
436,Annabella,Fruish,afruishc3@sakura.ne.jp,Female,1/15/2018
437,Lin,MacCaull,lmaccaullc4@eventbrite.com,Female,6/22/2018
438,Linea,McGeffen,lmcgeffenc5@mysql.com,Female,2/17/2018
439,Bryon,Lineham,blinehamc6@zimbio.com,Male,1/3/2018
440,Vi,Swepstone,vswepstonec7@washingtonpost.com,Female,4/30/2018
441,Elfie,Assandri,eassandric8@shinystat.com,Female,4/24/2018
442,Simone,Braisted,sbraistedc9@woothemes.com,Male,5/3/2018
443,Corina,Simoneau,csimoneauca@vinaora.com,Female,5/16/2018
444,Thomasin,Gianotti,tgianotticb@npr.org,Female,8/12/2018
445,Yorker,Bomfield,ybomfieldcc@ycombinator.com,Male,12/31/2017
446,Kiersten,Poulsen,kpoulsencd@abc.net.au,Female,4/5/2018
447,Bonny,Fairhurst,bfairhurstce@4shared.com,Female,2/9/2018
448,Layne,Tebbet,ltebbetcf@networkadvertising.org,Female,4/19/2018
449,Koralle,Cassam,kcassamcg@icq.com,Female,11/21/2018
450,Gannie,Sapseed,gsapseedch@msn.com,Male,3/2/2018
451,Newton,Matthisson,nmatthissonci@redcross.org,Male,11/8/2018
452,Camilla,Preshous,cpreshouscj@mtv.com,Female,10/15/2018
453,Guthrey,Pinckard,gpinckardck@meetup.com,Male,1/1/2018
454,Salomo,Snibson,ssnibsoncl@google.pl,Male,3/22/2018
455,Gunar,Tanswell,gtanswellcm@mail.ru,Male,10/15/2018
456,Cobb,Saunderson,csaundersoncn@accuweather.com,Male,10/14/2018
457,Dara,Cater,dcaterco@gnu.org,Female,4/16/2018
458,Tobye,Sutherns,tsuthernscp@nydailynews.com,Female,1/16/2018
459,Annabella,Gurge,agurgecq@theguardian.com,Female,3/12/2018
460,Davita,Helleker,dhellekercr@webeden.co.uk,Female,3/27/2018
461,Corty,Heindl,cheindlcs@nytimes.com,Male,12/27/2017
462,Collin,Chmiel,cchmielct@reference.com,Male,3/15/2018
463,Celina,Coughan,ccoughancu@drupal.org,Female,7/11/2018
464,Felice,Findon,ffindoncv@spiegel.de,Male,11/11/2018
465,Andros,Liffe,aliffecw@nasa.gov,Male,3/2/2018
466,Gabriel,Locarno,glocarnocx@vk.com,Female,1/7/2018
467,Sydelle,McGavigan,smcgavigancy@techcrunch.com,Female,10/5/2018
468,Morton,Dykins,mdykinscz@springer.com,Male,8/26/2018
469,Pascal,Pie,ppied0@toplist.cz,Male,4/21/2018
470,Nannette,Happer,nhapperd1@mozilla.com,Female,2/21/2018
471,Dana,Leibold,dleiboldd2@so-net.ne.jp,Male,3/30/2018
472,Theodoric,Stonehouse,tstonehoused3@deviantart.com,Male,7/4/2018
473,Curtis,Cocksedge,ccocksedged4@bbc.co.uk,Male,10/28/2018
474,Almeria,Burnall,aburnalld5@arizona.edu,Female,3/23/2018
475,Spike,Webberley,swebberleyd6@etsy.com,Male,5/24/2018
476,Alyssa,Saffran,asaffrand7@free.fr,Female,7/11/2018
477,Jeanne,Sparling,jsparlingd8@webnode.com,Female,12/31/2017
478,Nikolaus,Loxston,nloxstond9@telegraph.co.uk,Male,10/22/2018
479,Georgena,O'Hannigan,gohanniganda@globo.com,Female,1/13/2018
480,Rebbecca,Rizzone,rrizzonedb@foxnews.com,Female,3/18/2018
481,Lydon,Heasley,lheasleydc@wired.com,Male,7/4/2018
482,Yasmeen,Fulop,yfulopdd@merriam-webster.com,Female,10/11/2018
483,Candace,MacAlister,cmacalisterde@ifeng.com,Female,3/4/2018
484,Mathilde,Hachette,mhachettedf@comsenz.com,Female,2/14/2018
485,Sibyl,Pales,spalesdg@npr.org,Male,10/3/2018
486,Shell,Petegrew,spetegrewdh@ebay.co.uk,Female,4/6/2018
487,Bria,Thewys,bthewysdi@ask.com,Female,1/30/2018
488,Orville,Rouke,oroukedj@microsoft.com,Male,6/1/2018
489,Klaus,Haslock,khaslockdk@zimbio.com,Male,10/24/2018
490,Baxy,Grissett,bgrissettdl@sogou.com,Male,6/11/2018
491,Berkley,Doore,bdooredm@bloglines.com,Male,10/20/2018
492,Allen,Dingle,adingledn@ycombinator.com,Male,10/3/2018
493,Emyle,Giercke,egierckedo@hubpages.com,Female,1/13/2018
494,Maddi,Kenworth,mkenworthdp@wiley.com,Female,8/8/2018
495,Carma,Paddie,cpaddiedq@friendfeed.com,Female,4/27/2018
496,Korey,Dundin,kdundindr@omniture.com,Male,1/1/2018
497,Devon,Pagitt,dpagittds@berkeley.edu,Female,8/19/2018
498,Paxton,Isard,pisarddt@dagondesign.com,Male,12/29/2017
499,Norton,Hildred,nhildreddu@examiner.com,Male,1/16/2018
500,Ellwood,Paike,epaikedv@foxnews.com,Male,1/17/2018
501,Nickie,Cracie,ncraciedw@intel.com,Male,3/10/2018
502,Lorraine,Charnock,lcharnockdx@bluehost.com,Female,3/30/2018
503,Lilas,Temprell,ltemprelldy@sfgate.com,Female,10/30/2018
504,Doralynn,Winfield,dwinfielddz@google.com.br,Female,1/13/2018
505,Kirbie,Venditti,kvendittie0@goodreads.com,Female,11/19/2018
506,Veda,Maffioletti,vmaffiolettie1@miitbeian.gov.cn,Female,9/29/2018
507,Camellia,Goodlet,cgoodlete2@google.it,Female,5/31/2018
508,Fernanda,Bixley,fbixleye3@uol.com.br,Female,8/26/2018
509,Lou,Pierson,lpiersone4@examiner.com,Male,10/9/2018
510,Barde,Meiklejohn,bmeiklejohne5@histats.com,Male,6/3/2018
511,Sauncho,Laingmaid,slaingmaide6@dion.ne.jp,Male,10/2/2018
512,Maurie,Grisenthwaite,mgrisenthwaitee7@washington.edu,Male,7/29/2018
513,Kylila,Detloff,kdetloffe8@cbc.ca,Female,5/27/2018
514,Brennen,Epinoy,bepinoye9@who.int,Male,5/19/2018
515,Benjie,Boag,bboagea@google.ru,Male,6/2/2018
516,Brigitte,Shadfourth,bshadfourtheb@mapy.cz,Female,1/2/2018
517,Nonna,Southerden,nsoutherdenec@admin.ch,Female,4/17/2018
518,Trent,Dimitriev,tdimitrieved@nhs.uk,Male,3/8/2018
519,Aimil,Underhill,aunderhillee@typepad.com,Female,6/27/2018
520,Cyrillus,Searles,csearlesef@fc2.com,Male,2/13/2018
521,Lorettalorna,Yeats,lyeatseg@multiply.com,Female,7/26/2018
522,Natty,Rowlands,nrowlandseh@nbcnews.com,Female,4/13/2018
523,Celestina,McMarquis,cmcmarquisei@4shared.com,Female,4/2/2018
524,Gertruda,Grundell,ggrundellej@kickstarter.com,Female,9/30/2018
525,Derron,Obey,dobeyek@techcrunch.com,Male,7/8/2018
526,Peggy,Cramphorn,pcramphornel@jiathis.com,Female,8/23/2018
527,Reagen,Eldritt,reldrittem@go.com,Male,1/16/2018
528,Berkly,Meatyard,bmeatyarden@posterous.com,Male,8/18/2018
529,Standford,Esp,sespeo@paypal.com,Male,5/30/2018
530,Diane-marie,de Glanville,ddeglanvilleep@biglobe.ne.jp,Female,8/29/2018
531,Gideon,Molines,gmolineseq@samsung.com,Male,11/11/2018
532,Wat,Barz,wbarzer@theatlantic.com,Male,11/8/2018
533,Gregoor,Goeff,ggoeffes@upenn.edu,Male,12/14/2017
534,Lloyd,Guye,lguyeet@miitbeian.gov.cn,Male,8/21/2018
535,Natalina,Gayforth,ngayfortheu@phoca.cz,Female,5/19/2018
536,Abbye,Mutton,amuttonev@examiner.com,Female,6/14/2018
537,Billy,Bridgestock,bbridgestockew@yale.edu,Female,1/23/2018
538,Kathleen,Kinnen,kkinnenex@hc360.com,Female,5/27/2018
539,Olivie,Pitford,opitfordey@hostgator.com,Female,9/17/2018
540,Gerrard,Spaight,gspaightez@ustream.tv,Male,7/7/2018
541,Wendye,Macken,wmackenf0@miibeian.gov.cn,Female,12/23/2017
542,Sebastiano,Sotheron,ssotheronf1@uiuc.edu,Male,9/1/2018
543,Nealon,Churchouse,nchurchousef2@yale.edu,Male,7/31/2018
544,Barnard,Marrow,bmarrowf3@ocn.ne.jp,Male,9/21/2018
545,Aurore,Cowles,acowlesf4@tumblr.com,Female,3/4/2018
546,Kat,Dugald,kdugaldf5@mozilla.org,Female,1/25/2018
547,Regen,Polotti,rpolottif6@smugmug.com,Male,2/22/2018
548,Dre,Sokale,dsokalef7@flickr.com,Female,7/22/2018
549,Boothe,Mealing,bmealingf8@telegraph.co.uk,Male,5/7/2018
550,Dianna,Stenett,dstenettf9@deviantart.com,Female,9/13/2018
551,Guilbert,Trittam,gtrittamfa@spiegel.de,Male,9/30/2018
552,Curtice,Disbrey,cdisbreyfb@wix.com,Male,9/18/2018
553,Willi,Thomtson,wthomtsonfc@spotify.com,Male,12/2/2018
554,Chad,Johnston,cjohnstonfd@livejournal.com,Female,5/22/2018
555,Maxie,Atthow,matthowfe@pen.io,Male,12/2/2018
556,Deerdre,Sharper,dsharperff@hp.com,Female,11/20/2018
557,Allard,Lashmar,alashmarfg@europa.eu,Male,1/19/2018
558,Shea,Elsmere,selsmerefh@opensource.org,Male,8/29/2018
559,Orazio,Aylmore,oaylmorefi@bbb.org,Male,10/13/2018
560,Alejandro,O' Sullivan,aosullivanfj@irs.gov,Male,8/26/2018
561,Garwin,Kiddle,gkiddlefk@ft.com,Male,10/4/2018
562,Emmeline,Duddell,eduddellfl@cam.ac.uk,Female,5/22/2018
563,Blanche,Pochon,bpochonfm@google.de,Female,9/19/2018
564,Jody,Churching,jchurchingfn@ehow.com,Male,12/21/2017
565,Curr,Colloff,ccollofffo@cnet.com,Male,10/13/2018
566,Jemmy,Emmanuele,jemmanuelefp@noaa.gov,Female,8/30/2018
567,Brandyn,Veryan,bveryanfq@irs.gov,Male,3/18/2018
568,Camile,Amoore,camoorefr@rakuten.co.jp,Female,10/27/2018
569,Robbyn,Everall,reverallfs@narod.ru,Female,9/13/2018
570,Merrily,Scantleberry,mscantleberryft@tiny.cc,Female,5/3/2018
571,Nerti,Kleinmann,nkleinmannfu@naver.com,Female,8/13/2018
572,Napoleon,Pellant,npellantfv@blog.com,Male,3/23/2018
573,Cloe,Joesbury,cjoesburyfw@disqus.com,Female,2/16/2018
574,Corina,Liddy,cliddyfx@nbcnews.com,Female,2/9/2018
575,Fayre,Maginn,fmaginnfy@cisco.com,Female,1/9/2018
576,Alessandra,Coltart,acoltartfz@trellian.com,Female,9/5/2018
577,Ambros,Beagles,abeaglesg0@shutterfly.com,Male,6/20/2018
578,Karla,Crinion,kcriniong1@booking.com,Female,9/10/2018
579,Roselin,Josephov,rjosephovg2@amazon.de,Female,5/20/2018
580,Cybil,Balaison,cbalaisong3@abc.net.au,Female,10/8/2018
581,Goldy,Justis,gjustisg4@storify.com,Female,8/31/2018
582,Madelin,Becconsall,mbecconsallg5@go.com,Female,8/20/2018
583,Teodor,Minchin,tminching6@so-net.ne.jp,Male,3/20/2018
584,Desi,Snoddin,dsnodding7@constantcontact.com,Male,5/11/2018
585,Had,Hinsch,hhinschg8@bloomberg.com,Male,7/2/2018
586,Gerik,Idwal Evans,gidwalevansg9@kickstarter.com,Male,1/2/2018
587,Christoph,Lochran,clochranga@dailymotion.com,Male,2/7/2018
588,Early,Meckiff,emeckiffgb@unicef.org,Male,4/30/2018
589,Durand,Kopecka,dkopeckagc@gizmodo.com,Male,3/12/2018
590,Esmaria,Carbry,ecarbrygd@sourceforge.net,Female,8/30/2018
591,Pennie,Stelfax,pstelfaxge@ca.gov,Male,3/11/2018
592,Broddie,Dust,bdustgf@360.cn,Male,6/26/2018
593,Berny,Howton,bhowtongg@slideshare.net,Male,3/19/2018
594,Jeremias,Alecock,jalecockgh@pagesperso-orange.fr,Male,12/9/2018
595,Kissee,Happer,khappergi@gmpg.org,Female,9/3/2018
596,Herc,Millward,hmillwardgj@youtube.com,Male,9/22/2018
597,Fidelity,Strongitharm,fstrongitharmgk@ucoz.com,Female,11/7/2018
598,Jamie,Grocott,jgrocottgl@mashable.com,Female,8/25/2018
599,Frayda,Perche,fperchegm@moonfruit.com,Female,1/11/2018
600,Kariotta,McNab,kmcnabgn@admin.ch,Female,2/11/2018
601,Jedd,Benito,jbenitogo@google.fr,Male,12/14/2017
602,Hastings,Alebrooke,halebrookegp@bloglovin.com,Male,12/15/2017
603,Austin,Gianolo,agianologq@cocolog-nifty.com,Male,4/19/2018
604,Rozina,Polson,rpolsongr@sogou.com,Female,11/22/2018
605,Barclay,Angel,bangelgs@webmd.com,Male,4/14/2018
606,Estell,Chalfont,echalfontgt@t.co,Female,11/7/2018
607,Dale,Lacase,dlacasegu@businessinsider.com,Male,8/13/2018
608,Glad,Sparrow,gsparrowgv@discuz.net,Female,5/10/2018
609,Cletis,Atthowe,catthowegw@yellowpages.com,Male,3/31/2018
610,Nathanil,Shepard,nshepardgx@meetup.com,Male,8/21/2018
611,Stepha,Elgar,selgargy@blinklist.com,Female,11/21/2018
612,Prince,Wraith,pwraithgz@miitbeian.gov.cn,Male,3/25/2018
613,Rebeca,Blint,rblinth0@ocn.ne.jp,Female,11/13/2018
614,Earle,Gumbrell,egumbrellh1@feedburner.com,Male,8/15/2018
615,Berti,Delwater,bdelwaterh2@lycos.com,Male,1/7/2018
616,Evangeline,Million,emillionh3@cargocollective.com,Female,9/13/2018
617,Marielle,Meyer,mmeyerh4@tamu.edu,Female,1/26/2018
618,Gilemette,Kendrew,gkendrewh5@studiopress.com,Female,7/26/2018
619,Arty,Wynes,awynesh6@slideshare.net,Male,7/29/2018
620,Brien,Pottie,bpottieh7@devhub.com,Male,4/29/2018
621,Isabella,Tortice,itorticeh8@nasa.gov,Female,2/9/2018
622,Michale,Tighe,mtigheh9@cbc.ca,Male,12/25/2017
623,Webster,Busch,wbuschha@163.com,Male,10/16/2018
624,Salmon,Craik,scraikhb@google.it,Male,4/17/2018
625,Rubie,Kuhne,rkuhnehc@goodreads.com,Female,3/23/2018
626,Norrie,Airlie,nairliehd@drupal.org,Male,4/29/2018
627,Debera,Lionel,dlionelhe@twitter.com,Female,10/10/2018
628,Bessie,Verduin,bverduinhf@umich.edu,Female,5/6/2018
629,Bondy,Whorall,bwhorallhg@hc360.com,Male,5/4/2018
630,Georgy,Oxby,goxbyhh@studiopress.com,Male,6/15/2018
631,Lyman,Tall,ltallhi@hubpages.com,Male,4/2/2018
632,Cecile,Cookman,ccookmanhj@noaa.gov,Female,10/30/2018
633,Lucais,Greening,lgreeninghk@themeforest.net,Male,10/14/2018
634,Joe,Helks,jhelkshl@dagondesign.com,Male,1/12/2018
635,Robby,Pavolini,rpavolinihm@qq.com,Female,2/14/2018
636,Tadd,Petett,tpetetthn@pagesperso-orange.fr,Male,4/17/2018
637,Erhard,Davidofski,edavidofskiho@yellowbook.com,Male,2/9/2018
638,Josiah,McIlvenna,jmcilvennahp@meetup.com,Male,8/28/2018
639,Lowrance,Stearley,lstearleyhq@foxnews.com,Male,11/28/2018
640,Liam,Stoneley,lstoneleyhr@goo.gl,Male,12/3/2018
641,Saundra,Pool,spoolhs@skyrock.com,Male,6/19/2018
642,Joanne,Akeherst,jakeherstht@paypal.com,Female,1/4/2018
643,Lawrence,Aindrais,laindraishu@nytimes.com,Male,5/29/2018
644,Christophorus,O'Donnelly,codonnellyhv@nature.com,Male,6/19/2018
645,Cathlene,Cure,ccurehw@wunderground.com,Female,2/15/2018
646,Barnabe,Calterone,bcalteronehx@mail.ru,Male,3/8/2018
647,Hermie,Dumberell,hdumberellhy@google.com.br,Male,10/20/2018
648,Nancy,Hagstone,nhagstonehz@noaa.gov,Female,11/2/2018
649,Rusty,Devonish,rdevonishi0@blogs.com,Male,9/21/2018
650,Durant,Gon,dgoni1@time.com,Male,7/12/2018
651,Nelia,Snawdon,nsnawdoni2@trellian.com,Female,2/27/2018
652,Graig,Mawhinney,gmawhinneyi3@census.gov,Male,11/6/2018
653,Lacie,Spinella,lspinellai4@surveymonkey.com,Female,8/5/2018
654,Giulia,Peperell,gpeperelli5@google.co.jp,Female,3/17/2018
655,Paulo,Hargroves,phargrovesi6@behance.net,Male,2/9/2018
656,Petunia,Bendon,pbendoni7@ezinearticles.com,Female,2/14/2018
657,Eugen,O'Hone,eohonei8@ted.com,Male,9/10/2018
658,Hashim,O'Cannon,hocannoni9@huffingtonpost.com,Male,3/4/2018
659,Xever,Adger,xadgeria@whitehouse.gov,Male,5/10/2018
660,Harriette,Engledow,hengledowib@addtoany.com,Female,12/2/2018
661,Deena,Geldert,dgeldertic@indiegogo.com,Female,2/21/2018
662,Denny,Sturgis,dsturgisid@exblog.jp,Female,8/20/2018
663,Jo-ann,Rottcher,jrottcherie@github.com,Female,12/7/2018
664,Aguste,Brightman,abrightmanif@plala.or.jp,Male,7/15/2018
665,Malvina,Gammie,mgammieig@ning.com,Female,3/18/2018
666,Dorotea,Akehurst,dakehurstih@youtu.be,Female,10/5/2018
667,Ashley,Whittleton,awhittletonii@zimbio.com,Female,5/12/2018
668,Norah,Pryn,nprynij@tripod.com,Female,11/24/2018
669,Elfreda,Torrisi,etorrisiik@craigslist.org,Female,6/21/2018
670,Ainsley,Jaimez,ajaimezil@eepurl.com,Female,4/27/2018
671,Donetta,Lafuente,dlafuenteim@skype.com,Female,6/10/2018
672,Gloriana,Bolsover,gbolsoverin@wired.com,Female,11/11/2018
673,Rollo,Crotty,rcrottyio@businessinsider.com,Male,2/25/2018
674,Aldridge,Drei,adreiip@infoseek.co.jp,Male,7/13/2018
675,Korney,Romaine,kromaineiq@prlog.org,Female,1/15/2018
676,Roger,Noor,rnoorir@facebook.com,Male,8/20/2018
677,Jens,Pinniger,jpinnigeris@people.com.cn,Male,2/19/2018
678,Feodor,Gorgler,fgorglerit@qq.com,Male,3/24/2018
679,Filippo,Karoly,fkarolyiu@webnode.com,Male,3/18/2018
680,Mariam,Griniov,mgrinioviv@sakura.ne.jp,Female,6/12/2018
681,Philippe,Woodger,pwoodgeriw@sakura.ne.jp,Female,5/23/2018
682,Wes,Crickmoor,wcrickmoorix@goo.ne.jp,Male,10/2/2018
683,Werner,Collick,wcollickiy@ow.ly,Male,3/12/2018
684,Cletus,Fenimore,cfenimoreiz@fotki.com,Male,4/29/2018
685,Brittney,Pancast,bpancastj0@a8.net,Female,11/11/2018
686,Lolita,Stanmore,lstanmorej1@independent.co.uk,Female,7/31/2018
687,Burty,Peris,bperisj2@ameblo.jp,Male,3/28/2018
688,Erastus,Rodolfi,erodolfij3@bloomberg.com,Male,9/20/2018
689,Antons,Howen,ahowenj4@reverbnation.com,Male,10/9/2018
690,Luise,Caplen,lcaplenj5@soundcloud.com,Female,8/30/2018
691,Britni,Cardozo,bcardozoj6@lulu.com,Female,12/1/2018
692,Bendite,Penvarne,bpenvarnej7@bbc.co.uk,Female,8/22/2018
693,Sibel,Gauche,sgauchej8@plala.or.jp,Female,12/25/2017
694,Moses,Carnier,mcarnierj9@intel.com,Male,9/2/2018
695,Corrie,Heball,cheballja@nifty.com,Male,8/20/2018
696,Mandi,Serjeantson,mserjeantsonjb@wikimedia.org,Female,8/3/2018
697,Aline,Paolino,apaolinojc@digg.com,Female,3/18/2018
698,Haze,Meatyard,hmeatyardjd@apple.com,Male,9/21/2018
699,Chucho,Yannikov,cyannikovje@amazon.co.jp,Male,8/29/2018
700,Ileane,Sterman,istermanjf@engadget.com,Female,3/20/2018
701,Caralie,Ekkel,cekkeljg@nsw.gov.au,Female,2/10/2018
702,Aylmar,Doleman,adolemanjh@devhub.com,Male,5/14/2018
703,Celestia,Bernardelli,cbernardelliji@cornell.edu,Female,6/30/2018
704,Omero,Whiterod,owhiterodjj@opensource.org,Male,9/23/2018
705,Hedi,McCarty,hmccartyjk@cyberchimps.com,Female,4/12/2018
706,Jone,Blakeney,jblakeneyjl@sakura.ne.jp,Male,6/5/2018
707,Cart,Scad,cscadjm@t.co,Male,5/18/2018
708,Larisa,Brierton,lbriertonjn@icio.us,Female,1/7/2018
709,Ericka,Conachy,econachyjo@usgs.gov,Female,8/28/2018
710,Otis,MacAfee,omacafeejp@dagondesign.com,Male,4/14/2018
711,Cecilius,Sailor,csailorjq@miitbeian.gov.cn,Male,5/1/2018
712,Kayla,Camp,kcampjr@java.com,Female,9/3/2018
713,Joseito,Issatt,jissattjs@aol.com,Male,11/11/2018
714,Lizabeth,Snasel,lsnaseljt@biglobe.ne.jp,Female,11/10/2018
715,Rebeka,Brosio,rbrosioju@mapquest.com,Female,9/29/2018
716,Giacopo,MacKnight,gmacknightjv@blogtalkradio.com,Male,9/11/2018
717,Justin,Braffington,jbraffingtonjw@mtv.com,Male,5/6/2018
718,Creighton,Bisley,cbisleyjx@scribd.com,Male,8/15/2018
719,Kelcey,Nottingham,knottinghamjy@liveinternet.ru,Female,11/2/2018
720,Tannie,Priestnall,tpriestnalljz@goo.gl,Male,2/11/2018
721,Auberta,Grayshan,agrayshank0@redcross.org,Female,5/8/2018
722,Chicky,Rennebach,crennebachk1@zimbio.com,Male,10/15/2018
723,Tessy,Loges,tlogesk2@360.cn,Female,5/18/2018
724,Riki,Uebel,ruebelk3@nationalgeographic.com,Female,7/4/2018
725,Ashlee,Hanney,ahanneyk4@webnode.com,Female,11/27/2018
726,Hube,O'Daly,hodalyk5@state.tx.us,Male,10/7/2018
727,Winifield,Germann,wgermannk6@com.com,Male,6/20/2018
728,Charin,Antoinet,cantoinetk7@sogou.com,Female,3/29/2018
729,Janifer,Arrigo,jarrigok8@state.tx.us,Female,1/19/2018
730,Arnold,Cabrales,acabralesk9@go.com,Male,2/13/2018
731,Benedict,Criag,bcriagka@weibo.com,Male,4/14/2018
732,Elias,Deakin,edeakinkb@usatoday.com,Male,5/17/2018
733,Cherilynn,Willbourne,cwillbournekc@geocities.jp,Female,5/5/2018
734,Dannye,Saintsbury,dsaintsburykd@bravesites.com,Female,12/28/2017
735,Sam,Iacopetti,siacopettike@topsy.com,Male,7/28/2018
736,Huberto,Ertelt,herteltkf@twitter.com,Male,7/22/2018
737,Leonerd,Bidewell,lbidewellkg@google.com,Male,9/29/2018
738,Aldus,Thunderchief,athunderchiefkh@ovh.net,Male,3/7/2018
739,Glenn,Ensor,gensorki@4shared.com,Male,7/31/2018
740,Asa,Hainge,ahaingekj@bandcamp.com,Male,4/13/2018
741,Gearalt,Bonnar,gbonnarkk@wikia.com,Male,8/4/2018
742,Elisha,Suttle,esuttlekl@pinterest.com,Male,7/18/2018
743,Kimberlyn,Forestel,kforestelkm@naver.com,Female,11/11/2018
744,Tymothy,Bravey,tbraveykn@unblog.fr,Male,6/21/2018
745,Tamarra,Turban,tturbanko@washington.edu,Female,7/6/2018
746,Elnore,Trawin,etrawinkp@e-recht24.de,Female,8/2/2018
747,Siobhan,Seabrook,sseabrookkq@amazon.co.jp,Female,10/3/2018
748,Cicily,Pavluk,cpavlukkr@weebly.com,Female,3/4/2018
749,Garreth,Cottu,gcottuks@163.com,Male,7/26/2018
750,Ignazio,Marrison,imarrisonkt@vistaprint.com,Male,5/12/2018
751,Huntley,Baston,hbastonku@creativecommons.org,Male,5/17/2018
752,Greg,Vowdon,gvowdonkv@boston.com,Male,8/11/2018
753,Clarabelle,Wooldridge,cwooldridgekw@shareasale.com,Female,5/26/2018
754,Mateo,Yakobovicz,myakoboviczkx@people.com.cn,Male,5/12/2018
755,Hewe,Bullimore,hbullimoreky@amazon.de,Male,3/12/2018
756,Domini,Walentynowicz,dwalentynowiczkz@ox.ac.uk,Female,1/27/2018
757,Barton,Luno,blunol0@bloglovin.com,Male,4/6/2018
758,Sophey,Frise,sfrisel1@ning.com,Female,6/2/2018
759,Joe,De Ferrari,jdeferraril2@sfgate.com,Male,6/11/2018
760,Tamar,Julien,tjulienl3@moonfruit.com,Female,5/20/2018
761,Hedwig,Sanney,hsanneyl4@bigcartel.com,Female,12/27/2017
762,Margareta,Durgan,mdurganl5@tuttocitta.it,Female,11/22/2018
763,Elisha,Meigh,emeighl6@hubpages.com,Female,4/28/2018
764,Ulric,Yepiskopov,uyepiskopovl7@google.ca,Male,3/29/2018
765,Elbert,Dreye,edreyel8@harvard.edu,Male,1/2/2018
766,Haslett,Proger,hprogerl9@wp.com,Male,4/1/2018
767,Elsi,Lurriman,elurrimanla@addthis.com,Female,4/23/2018
768,Rodrick,Duckett,rduckettlb@ycombinator.com,Male,11/19/2018
769,Hatti,MacHarg,hmacharglc@g.co,Female,7/10/2018
770,Bartolomeo,Wareing,bwareingld@icq.com,Male,12/11/2017
771,Keith,Jewster,kjewsterle@time.com,Male,6/1/2018
772,Ronni,Minchella,rminchellalf@sciencedaily.com,Female,12/8/2018
773,Sherman,Mation,smationlg@skyrock.com,Male,4/25/2018
774,Amye,Wooffinden,awooffindenlh@taobao.com,Female,3/16/2018
775,Orion,Paylor,opaylorli@latimes.com,Male,4/17/2018
776,Darcie,Dunsmore,ddunsmorelj@smugmug.com,Female,8/27/2018
777,Bealle,Mayberry,bmayberrylk@eventbrite.com,Male,1/26/2018
778,Uri,McIan,umcianll@state.tx.us,Male,4/4/2018
779,Hannis,Docharty,hdochartylm@tinyurl.com,Female,3/10/2018
780,Mack,Gantlett,mgantlettln@pinterest.com,Male,3/21/2018
781,Waneta,Kevlin,wkevlinlo@reuters.com,Female,12/24/2017
782,Sully,Gleave,sgleavelp@loc.gov,Male,9/11/2018
783,Brana,Willard,bwillardlq@issuu.com,Female,12/22/2017
784,Parke,Braddock,pbraddocklr@marketwatch.com,Male,10/11/2018
785,Editha,Klimushev,eklimushevls@dailymail.co.uk,Female,9/5/2018
786,Martin,Wilden,mwildenlt@cafepress.com,Male,6/6/2018
787,Egon,Sheryn,esherynlu@tiny.cc,Male,9/13/2018
788,Noelle,Dulany,ndulanylv@mediafire.com,Female,4/13/2018
789,Giustina,Tuddall,gtuddalllw@4shared.com,Female,11/20/2018
790,Jarrid,O'Dowd,jodowdlx@mail.ru,Male,9/12/2018
791,Jesselyn,Tole,jtolely@reference.com,Female,2/7/2018
792,Jere,Oneill,joneilllz@sfgate.com,Male,6/3/2018
793,Reta,Saltsberger,rsaltsbergerm0@wunderground.com,Female,5/26/2018
794,Salomone,Welbrock,swelbrockm1@sitemeter.com,Male,9/7/2018
795,Kaylyn,Blofeld,kblofeldm2@dot.gov,Female,8/6/2018
796,Elden,Neicho,eneichom3@tmall.com,Male,5/9/2018
797,Annabal,Weildish,aweildishm4@tamu.edu,Female,6/21/2018
798,Kattie,Kentish,kkentishm5@msu.edu,Female,7/23/2018
799,Iver,Donald,idonaldm6@nytimes.com,Male,7/11/2018
800,Skyler,Warrier,swarrierm7@stanford.edu,Male,2/6/2018
801,Selma,Dring,sdringm8@chicagotribune.com,Female,6/20/2018
802,Gerik,Campelli,gcampellim9@digg.com,Male,7/25/2018
803,Vinni,Feldheim,vfeldheimma@ftc.gov,Female,9/15/2018
804,Petronille,Madine,pmadinemb@studiopress.com,Female,4/30/2018
805,Wolfy,Astell,wastellmc@weibo.com,Male,7/4/2018
806,Alonso,Kleinerman,akleinermanmd@creativecommons.org,Male,7/4/2018
807,Townsend,Younglove,tyoungloveme@marketwatch.com,Male,7/22/2018
808,Gonzalo,McKeurtan,gmckeurtanmf@homestead.com,Male,8/11/2018
809,Janeva,Loins,jloinsmg@clickbank.net,Female,12/8/2018
810,Jan,Stranger,jstrangermh@newsvine.com,Male,2/5/2018
811,Sheba,Downs,sdownsmi@cbslocal.com,Female,2/10/2018
812,Rheta,Jurasek,rjurasekmj@hc360.com,Female,4/29/2018
813,Marlena,Vivyan,mvivyanmk@ocn.ne.jp,Female,1/4/2018
814,Gabby,Conisbee,gconisbeeml@edublogs.org,Male,5/11/2018
815,Pincas,Lafont,plafontmm@freewebs.com,Male,6/17/2018
816,Matti,Readings,mreadingsmn@google.de,Female,4/29/2018
817,Everard,Valett,evalettmo@bloomberg.com,Male,12/24/2017
818,Davon,McIntee,dmcinteemp@china.com.cn,Male,5/29/2018
819,Culver,Weems,cweemsmq@miibeian.gov.cn,Male,4/13/2018
820,Roze,Fausset,rfaussetmr@cpanel.net,Female,12/2/2018
821,Hilario,Bezley,hbezleyms@meetup.com,Male,3/16/2018
822,Lina,Plimmer,lplimmermt@mapquest.com,Female,2/19/2018
823,Damiano,Staton,dstatonmu@blogs.com,Male,5/24/2018
824,Cyndy,Dyshart,cdyshartmv@ucoz.ru,Female,11/25/2018
825,Guss,Cockerill,gcockerillmw@list-manage.com,Male,8/26/2018
826,Torin,Corradengo,tcorradengomx@barnesandnoble.com,Male,8/10/2018
827,Petronille,Morgen,pmorgenmy@dropbox.com,Female,12/23/2017
828,Lois,Whayman,lwhaymanmz@twitpic.com,Female,7/5/2018
829,Alfredo,Stot,astotn0@bbc.co.uk,Male,8/30/2018
830,Lori,Briiginshaw,lbriiginshawn1@elegantthemes.com,Female,1/7/2018
831,Robbie,Saturley,rsaturleyn2@wikispaces.com,Male,8/13/2018
832,Cahra,Cason,ccasonn3@census.gov,Female,10/26/2018
833,Trenton,Jessel,tjesseln4@meetup.com,Male,12/20/2017
834,Dugald,Brusin,dbrusinn5@google.de,Male,8/15/2018
835,Far,Corp,fcorpn6@sbwire.com,Male,9/28/2018
836,Rasia,Westmorland,rwestmorlandn7@eventbrite.com,Female,4/28/2018
837,Marchall,Brownstein,mbrownsteinn8@hatena.ne.jp,Male,1/30/2018
838,Louis,Micklewright,lmicklewrightn9@disqus.com,Male,11/8/2018
839,Alisa,Lieb,aliebna@sun.com,Female,10/2/2018
840,Mariette,Vidgen,mvidgennb@bluehost.com,Female,6/3/2018
841,Nikola,Ruddoch,nruddochnc@apple.com,Male,1/27/2018
842,Sax,Farra,sfarrand@google.pl,Male,5/16/2018
843,Ellynn,Greschik,egreschikne@marriott.com,Female,9/19/2018
844,Abbi,Dutnell,adutnellnf@mashable.com,Female,10/9/2018
845,Idalina,Conway,iconwayng@pagesperso-orange.fr,Female,12/17/2017
846,Cale,Schoales,cschoalesnh@free.fr,Male,6/23/2018
847,Kylie,Ive,kiveni@twitter.com,Female,11/6/2018
848,Tania,Roles,trolesnj@amazon.com,Female,1/3/2018
849,Ermengarde,Fermor,efermornk@technorati.com,Female,9/30/2018
850,Heidie,Vivians,hviviansnl@java.com,Female,10/15/2018
851,Cele,Gladtbach,cgladtbachnm@woothemes.com,Female,6/23/2018
852,Edi,Pettendrich,epettendrichnn@cdbaby.com,Female,4/28/2018
853,Viv,Grigoroni,vgrigoronino@godaddy.com,Female,2/14/2018
854,Angie,Bedinn,abedinnnp@aol.com,Male,10/8/2018
855,Barbie,Tooke,btookenq@unesco.org,Female,12/18/2017
856,Trueman,Alcorn,talcornnr@bbc.co.uk,Male,7/22/2018
857,Jeno,Davey,jdaveyns@symantec.com,Male,9/17/2018
858,Peadar,Lionel,plionelnt@scribd.com,Male,4/14/2018
859,Vernor,Padley,vpadleynu@zdnet.com,Male,10/26/2018
860,Allis,Walkey,awalkeynv@vinaora.com,Female,3/29/2018
861,Nico,Meace,nmeacenw@yellowpages.com,Male,11/10/2018
862,Brook,Patsall,bpatsallnx@usda.gov,Female,8/2/2018
863,Anstice,Swinburn,aswinburnny@homestead.com,Female,2/21/2018
864,Gabie,Busek,gbuseknz@tuttocitta.it,Female,5/12/2018
865,Dwayne,Petzold,dpetzoldo0@discovery.com,Male,3/15/2018
866,Jorey,Blowne,jblowneo1@t.co,Female,10/8/2018
867,Catrina,Guare,cguareo2@cocolog-nifty.com,Female,5/12/2018
868,Franklin,Willshee,fwillsheeo3@independent.co.uk,Male,1/16/2018
869,Jennilee,Garretson,jgarretsono4@meetup.com,Female,2/28/2018
870,Vilma,Hurche,vhurcheo5@gravatar.com,Female,6/24/2018
871,Dwight,Oldford,doldfordo6@yellowpages.com,Male,7/28/2018
872,Cindie,Fellowes,cfelloweso7@geocities.com,Female,10/1/2018
873,Rhys,Dellenty,rdellentyo8@mayoclinic.com,Male,1/9/2018
874,Shalom,Cornew,scornewo9@boston.com,Male,11/13/2018
875,Pascal,Kevern,pkevernoa@woothemes.com,Male,3/9/2018
876,Sharline,Marklin,smarklinob@ycombinator.com,Female,12/31/2017
877,Maddi,Emblem,memblemoc@wiley.com,Female,3/20/2018
878,Selina,Pow,spowod@ca.gov,Female,6/21/2018
879,Martguerita,Daybell,mdaybelloe@ow.ly,Female,5/19/2018
880,Kenton,Aronovitz,karonovitzof@amazon.com,Male,7/25/2018
881,Reinaldo,Menico,rmenicoog@fc2.com,Male,5/26/2018
882,Salome,Jubert,sjubertoh@howstuffworks.com,Female,9/19/2018
883,Obadiah,Klesl,oklesloi@imageshack.us,Male,8/31/2018
884,Nadeen,Terrey,nterreyoj@berkeley.edu,Female,9/26/2018
885,Mylo,Krzysztofiak,mkrzysztofiakok@pinterest.com,Male,6/15/2018
886,Verge,Moneypenny,vmoneypennyol@deliciousdays.com,Male,12/21/2017
887,Gideon,Janman,gjanmanom@bizjournals.com,Male,5/17/2018
888,Eduardo,Tomczykowski,etomczykowskion@netvibes.com,Male,12/4/2018
889,Niki,Borrington,nborringtonoo@cmu.edu,Male,11/28/2018
890,Roxine,Davisson,rdavissonop@about.com,Female,8/7/2018
891,Bradly,Stitson,bstitsonoq@creativecommons.org,Male,2/9/2018
892,Rene,Walewski,rwalewskior@alexa.com,Female,11/7/2018
893,Kathleen,Dabbes,kdabbesos@comsenz.com,Female,5/2/2018
894,Stephi,Keetch,skeetchot@mayoclinic.com,Female,3/13/2018
895,Gerry,Taig,gtaigou@lulu.com,Male,9/18/2018
896,Kippie,Yuill,kyuillov@mtv.com,Male,4/20/2018
897,Denys,Cearley,dcearleyow@cmu.edu,Male,11/15/2018
898,Valentine,Broadbury,vbroadburyox@bigcartel.com,Male,4/12/2018
899,Hubey,Yarrow,hyarrowoy@businesswire.com,Male,6/17/2018
900,Bo,Alder,balderoz@imdb.com,Male,12/2/2018
901,Teena,Raubenheimer,traubenheimerp0@wunderground.com,Female,6/2/2018
902,Saxe,Espinay,sespinayp1@purevolume.com,Male,9/6/2018
903,Sandie,Dibbin,sdibbinp2@pinterest.com,Female,8/25/2018
904,Luke,Klauber,lklauberp3@usnews.com,Male,1/17/2018
905,Christie,Selbach,cselbachp4@diigo.com,Female,4/11/2018
906,Jenilee,Eckart,jeckartp5@sohu.com,Female,8/14/2018
907,Brigham,Thexton,bthextonp6@e-recht24.de,Male,10/26/2018
908,Freda,Harnwell,fharnwellp7@oaic.gov.au,Female,1/4/2018
909,Hernando,Frend,hfrendp8@lycos.com,Male,5/22/2018
910,Pepita,Cawkill,pcawkillp9@ted.com,Female,11/11/2018
911,Davey,Cartledge,dcartledgepa@infoseek.co.jp,Male,3/6/2018
912,Rosana,Dmitrichenko,rdmitrichenkopb@un.org,Female,9/23/2018
913,Gabriel,Biggerdike,gbiggerdikepc@cmu.edu,Male,3/20/2018
914,Roseline,Pachta,rpachtapd@topsy.com,Female,7/14/2018
915,Saunders,Shutte,sshuttepe@slideshare.net,Male,12/28/2017
916,Ainslee,Axworthy,aaxworthypf@wikispaces.com,Female,9/17/2018
917,Shelley,Bode,sbodepg@ed.gov,Female,11/29/2018
918,Ben,Shepperd,bshepperdph@fastcompany.com,Male,9/6/2018
919,Washington,Maddigan,wmaddiganpi@cloudflare.com,Male,7/31/2018
920,Karee,Fosse,kfossepj@flickr.com,Female,4/15/2018
921,Robbie,Arndt,rarndtpk@latimes.com,Female,7/22/2018
922,Zachariah,O'Regan,zoreganpl@mit.edu,Male,8/11/2018
923,Portie,Colleer,pcolleerpm@oakley.com,Male,9/22/2018
924,Nora,Santore,nsantorepn@google.nl,Female,8/4/2018
925,Dev,Hoffner,dhoffnerpo@va.gov,Male,11/19/2018
926,Pernell,Duggon,pduggonpp@tuttocitta.it,Male,12/2/2018
927,Harriette,Lagne,hlagnepq@freewebs.com,Female,4/23/2018
928,Editha,Bannon,ebannonpr@statcounter.com,Female,12/15/2017
929,Chester,Meldrum,cmeldrumps@domainmarket.com,Male,5/24/2018
930,Guilbert,Dammarell,gdammarellpt@senate.gov,Male,2/27/2018
931,Robinet,Carnaman,rcarnamanpu@patch.com,Female,5/21/2018
932,Emlyn,Levecque,elevecquepv@tinypic.com,Female,4/19/2018
933,Casie,Vincent,cvincentpw@joomla.org,Female,3/23/2018
934,Frazer,Gavigan,fgaviganpx@senate.gov,Male,7/10/2018
935,Winonah,Tourne,wtournepy@wisc.edu,Female,6/11/2018
936,Amil,Exter,aexterpz@upenn.edu,Female,2/19/2018
937,Donal,Reuss,dreussq0@ameblo.jp,Male,6/13/2018
938,Shane,Nowlan,snowlanq1@sina.com.cn,Male,1/24/2018
939,Dido,Cardo,dcardoq2@blogspot.com,Female,12/20/2017
940,Tomas,Loram,tloramq3@sphinn.com,Male,4/14/2018
941,Gerome,Skegg,gskeggq4@feedburner.com,Male,3/19/2018
942,Bevon,Ellum,bellumq5@upenn.edu,Male,7/6/2018
943,Jerad,McIlrath,jmcilrathq6@hexun.com,Male,10/8/2018
944,Clarence,Massie,cmassieq7@umn.edu,Male,3/12/2018
945,Alex,Gaitone,agaitoneq8@wordpress.com,Male,1/19/2018
946,Haze,Duding,hdudingq9@wiley.com,Male,5/31/2018
947,Jamaal,Tyndall,jtyndallqa@quantcast.com,Male,10/30/2018
948,Leo,Vials,lvialsqb@mozilla.org,Male,4/24/2018
949,Langsdon,Tansey,ltanseyqc@upenn.edu,Male,10/25/2018
950,Gerrie,Duplain,gduplainqd@house.gov,Female,3/5/2018
951,Donal,Benoix,dbenoixqe@weibo.com,Male,10/8/2018
952,Jesselyn,Mephan,jmephanqf@quantcast.com,Female,2/8/2018
953,Arda,Meaking,ameakingqg@census.gov,Female,3/11/2018
954,Kermy,Fortnam,kfortnamqh@slashdot.org,Male,4/18/2018
955,Clement,Alti,caltiqi@utexas.edu,Male,2/6/2018
956,Roderic,Winterburn,rwinterburnqj@google.ru,Male,12/14/2017
957,Jayne,Croysdale,jcroysdaleqk@aboutads.info,Female,10/2/2018
958,Kit,Dreigher,kdreigherql@epa.gov,Male,7/26/2018
959,Brenden,Tixier,btixierqm@bbc.co.uk,Male,1/29/2018
960,Tomasine,Loadman,tloadmanqn@canalblog.com,Female,1/21/2018
961,Vivyanne,Rumford,vrumfordqo@google.ca,Female,12/15/2017
962,Vasilis,Truscott,vtruscottqp@themeforest.net,Male,6/6/2018
963,Moselle,Swoffer,mswofferqq@dedecms.com,Female,3/27/2018
964,Stefan,Simison,ssimisonqr@cbc.ca,Male,4/6/2018
965,Valli,Ryam,vryamqs@homestead.com,Female,6/2/2018
966,Mitch,Patterson,mpattersonqt@fotki.com,Male,5/7/2018
967,Katti,Ragat,kragatqu@unc.edu,Female,7/19/2018
968,Sarene,Sandbrook,ssandbrookqv@behance.net,Female,8/29/2018
969,Cassaundra,Ramelot,cramelotqw@yelp.com,Female,5/3/2018
970,Andre,Errichelli,aerrichelliqx@goo.ne.jp,Male,4/13/2018
971,Thatcher,Redmille,tredmilleqy@qq.com,Male,2/16/2018
972,Lavinia,Whitty,lwhittyqz@pen.io,Female,9/1/2018
973,Everard,Gothliff,egothliffr0@utexas.edu,Male,3/16/2018
974,Curry,Wetherby,cwetherbyr1@bluehost.com,Male,3/18/2018
975,Sal,McPaike,smcpaiker2@infoseek.co.jp,Female,4/29/2018
976,Kylynn,Haslewood,khaslewoodr3@angelfire.com,Female,3/8/2018
977,Gil,De Rechter,gderechterr4@washingtonpost.com,Male,9/6/2018
978,Joly,Jados,jjadosr5@trellian.com,Female,5/30/2018
979,Kearney,Jelley,kjelleyr6@ucla.edu,Male,12/11/2017
980,Thedric,O'Hallagan,tohallaganr7@loc.gov,Male,3/25/2018
981,Robinette,Momford,rmomfordr8@purevolume.com,Female,6/14/2018
982,Herschel,Beauchop,hbeauchopr9@newyorker.com,Male,9/13/2018
983,Cairistiona,Fligg,cfliggra@1und1.de,Female,6/1/2018
984,Hermon,Saunier,hsaunierrb@deliciousdays.com,Male,5/28/2018
985,Myer,McCowan,mmccowanrc@comsenz.com,Male,3/24/2018
986,Earlie,Vlasin,evlasinrd@about.com,Male,9/6/2018
987,Roseanna,Dumbleton,rdumbletonre@yahoo.com,Female,7/7/2018
988,Marleah,Taft,mtaftrf@ox.ac.uk,Female,1/15/2018
989,Granville,Rachuig,grachuigrg@princeton.edu,Male,8/18/2018
990,Carlie,Kinsell,ckinsellrh@zdnet.com,Male,7/15/2018
991,Nicolis,Milksop,nmilksopri@ft.com,Male,7/14/2018
992,Layton,Ioannou,lioannourj@ifeng.com,Male,8/9/2018
993,Egbert,Ridesdale,eridesdalerk@nyu.edu,Male,3/5/2018
994,Fayina,Zeal,fzealrl@diigo.com,Female,8/28/2018
995,Lennard,Barnaby,lbarnabyrm@aboutads.info,Male,3/22/2018
996,Marv,Germaine,mgermainern@friendfeed.com,Male,4/3/2018
997,Madelina,Durrell,mdurrellro@studiopress.com,Female,3/23/2018
998,Perren,Bitten,pbittenrp@intel.com,Male,3/8/2018
999,Rudd,Turone,rturonerq@nationalgeographic.com,Male,2/26/2018
1000,Livvy,Kaplin,lkaplinrr@gizmodo.com,Female,8/17/2018
