id,first_name,last_name,email,gender,birth_date
1,Nessi,Robertucci,nrobertucci0@com.com,Female,9/6/2018
2,Thain,Calven,tcalven1@photobucket.com,Male,4/27/2018
3,Randy,Matyatin,rmatyatin2@jiathis.com,Male,10/8/2018
4,Lorenzo,Melliard,lmelliard3@sciencedirect.com,Male,5/2/2018
5,Tadd,Paladini,tpaladini4@unicef.org,Male,3/26/2018
6,Kaycee,Amey,kamey5@uol.com.br,Female,9/15/2018
7,Cinda,Girkin,cgirkin6@abc.net.au,Female,10/3/2018
8,Virgie,Iorillo,viorillo7@geocities.com,Male,1/5/2018
9,Billie,Foxhall,bfoxhall8@prnewswire.com,Female,7/17/2018
10,Irena,Baulcombe,ibaulcombe9@shutterfly.com,Female,1/18/2018
11,Erskine,Bellard,ebellarda@thetimes.co.uk,Male,5/25/2018
12,Eduard,Matuszewski,ematuszewskib@ehow.com,Male,11/16/2018
13,Korie,Bownas,kbownasc@ehow.com,Female,9/15/2018
14,Kayle,Knyvett,kknyvettd@google.co.uk,Female,3/5/2018
15,Devan,Piatek,dpiateke@wordpress.org,Female,11/7/2018
16,Elvina,O'Callaghan,eocallaghanf@economist.com,Female,5/18/2018
17,Cindra,Dutch,cdutchg@vistaprint.com,Female,9/22/2018
18,Inness,Huison,ihuisonh@go.com,Male,4/13/2018
19,Agneta,Gwyllt,agwyllti@pbs.org,Female,7/7/2018
20,Emilee,Scarse,escarsej@zimbio.com,Female,6/15/2018
21,Tulley,Robet,trobetk@hibu.com,Male,7/17/2018
22,Berget,Dunabie,bdunabiel@sourceforge.net,Female,7/16/2018
23,Theobald,Hickisson,thickissonm@nbcnews.com,Male,11/16/2018
24,Merry,Maevela,mmaevelan@cnet.com,Male,4/5/2018
25,Mead,McAw,mmcawo@newyorker.com,Female,3/6/2018
26,Courtnay,Parlott,cparlottp@biglobe.ne.jp,Male,1/28/2018
27,Katy,Shakesby,kshakesbyq@lycos.com,Female,9/18/2018
28,Chrisse,Huzzay,chuzzayr@w3.org,Male,8/5/2018
29,Wilie,Labbet,wlabbets@mediafire.com,Female,1/31/2018
30,Rodolphe,Deaton,rdeatont@fda.gov,Male,6/12/2018
31,Georgine,Mansel,gmanselu@seattletimes.com,Female,9/20/2018
32,Jacquelin,O'Shirine,joshirinev@prweb.com,Female,7/15/2018
33,Gasper,Theis,gtheisw@google.com.hk,Male,9/21/2018
34,Tye,Ivanyushkin,tivanyushkinx@abc.net.au,Male,5/14/2018
35,Magdalena,Dalston,mdalstony@google.it,Female,11/17/2018
36,Korella,Radmer,kradmerz@webnode.com,Female,3/24/2018
37,Hamel,Rosengart,hrosengart10@wikispaces.com,Male,1/15/2018
38,Carolus,Wagner,cwagner11@hhs.gov,Male,3/7/2018
39,Binnie,Balke,bbalke12@ebay.co.uk,Female,1/5/2018
40,Kristen,Spofford,kspofford13@ucla.edu,Female,9/22/2018
41,Gorden,Tame,gtame14@cpanel.net,Male,11/1/2018
42,Mella,Rene,mrene15@tmall.com,Female,3/15/2018
43,Klarika,Pococke,kpococke16@indiegogo.com,Female,7/30/2018
44,Morna,Dacombe,mdacombe17@state.tx.us,Female,11/2/2018
45,Cully,Grumble,cgrumble18@who.int,Male,12/5/2018
46,Clifford,Payze,cpayze19@cornell.edu,Male,2/24/2018
47,Terese,Scantlebury,tscantlebury1a@nasa.gov,Female,11/13/2018
48,Caddric,Longhorn,clonghorn1b@eepurl.com,Male,6/29/2018
49,Felicle,O'Keefe,fokeefe1c@discovery.com,Female,3/2/2018
50,Orazio,Howse,ohowse1d@washingtonpost.com,Male,9/30/2018
51,Daffy,Hurling,dhurling1e@time.com,Female,11/19/2018
52,Kaleb,Free,kfree1f@java.com,Male,8/6/2018
53,Ambrose,Harsent,aharsent1g@wikispaces.com,Male,4/28/2018
54,Dawna,Niles,dniles1h@1688.com,Female,7/26/2018
55,Niki,Drennan,ndrennan1i@bizjournals.com,Female,4/17/2018
56,Corrie,Bampkin,cbampkin1j@amazon.com,Male,7/30/2018
57,Marysa,Backshaw,mbackshaw1k@blogger.com,Female,7/21/2018
58,Miof mela,Ludewig,mludewig1l@newyorker.com,Female,5/6/2018
59,Rafaela,Pauly,rpauly1m@phoca.cz,Female,1/25/2018
60,Brendis,Jorry,bjorry1n@furl.net,Male,2/5/2018
61,Dacy,Garoghan,dgaroghan1o@wsj.com,Female,3/6/2018
62,Trstram,Bowbrick,tbowbrick1p@wisc.edu,Male,6/29/2018
63,Phillipe,Holehouse,pholehouse1q@squidoo.com,Male,3/27/2018
64,Ingeborg,Braferton,ibraferton1r@networkadvertising.org,Female,9/21/2018
65,Nisse,Corness,ncorness1s@newyorker.com,Female,12/15/2017
66,Horatio,Durnall,hdurnall1t@guardian.co.uk,Male,10/8/2018
67,Anne-corinne,Chandler,achandler1u@europa.eu,Female,11/16/2018
68,Christian,Ambrogetti,cambrogetti1v@forbes.com,Female,1/15/2018
69,Dag,Greatbank,dgreatbank1w@webeden.co.uk,Male,11/8/2018
70,Susana,Gilders,sgilders1x@creativecommons.org,Female,3/22/2018
71,Ravi,Gantz,rgantz1y@blogspot.com,Male,2/26/2018
72,Vaclav,Huckstepp,vhuckstepp1z@geocities.jp,Male,10/18/2018
73,Erich,Scoates,escoates20@hubpages.com,Male,4/30/2018
74,Pattin,Mattielli,pmattielli21@google.com.au,Male,9/17/2018
75,Sabina,Nisco,snisco22@networkadvertising.org,Female,9/7/2018
76,Lelia,Clarke,lclarke23@vistaprint.com,Female,5/9/2018
77,Iosep,Leynagh,ileynagh24@myspace.com,Male,2/2/2018
78,Betta,Haquard,bhaquard25@soundcloud.com,Female,1/8/2018
79,Dulcy,Symondson,dsymondson26@theguardian.com,Female,9/22/2018
80,Sergent,Boken,sboken27@oracle.com,Male,5/16/2018
81,Artie,Mullane,amullane28@weebly.com,Male,7/4/2018
82,Gamaliel,Witham,gwitham29@geocities.com,Male,2/2/2018
83,Gayla,Prosser,gprosser2a@twitter.com,Female,1/24/2018
84,Sadie,Sommerled,ssommerled2b@hugedomains.com,Female,3/15/2018
85,Agata,Goor,agoor2c@rediff.com,Female,3/16/2018
86,Moina,Ronchka,mronchka2d@phoca.cz,Female,8/23/2018
87,Monica,Moggan,mmoggan2e@wp.com,Female,4/11/2018
88,Quentin,Coppeard,qcoppeard2f@ted.com,Male,3/11/2018
89,Kimberli,Mc Grath,kmcgrath2g@chicagotribune.com,Female,11/21/2018
90,Shelby,Demsey,sdemsey2h@telegraph.co.uk,Male,6/26/2018
91,Almeda,Moneti,amoneti2i@nyu.edu,Female,8/5/2018
92,Vernon,Bertome,vbertome2j@meetup.com,Male,1/19/2018
93,Eolanda,Doud,edoud2k@soundcloud.com,Female,11/1/2018
94,Ailene,Petrasso,apetrasso2l@google.es,Female,7/8/2018
95,Betti,Thiem,bthiem2m@unicef.org,Female,8/31/2018
96,Noellyn,Juster,njuster2n@fotki.com,Female,9/10/2018
97,Kora,Vynall,kvynall2o@sakura.ne.jp,Female,8/24/2018
98,Trudi,Furnival,tfurnival2p@jugem.jp,Female,12/3/2018
99,Casie,Lutman,clutman2q@wired.com,Female,12/24/2017
100,Annadiane,Fausset,afausset2r@soundcloud.com,Female,5/5/2018
101,Sue,Slowan,sslowan2s@telegraph.co.uk,Female,6/18/2018
102,Sloane,Brittin,sbrittin2t@usnews.com,Male,3/25/2018
103,Vernor,Alekseicik,valekseicik2u@bluehost.com,Male,7/10/2018
104,Loree,Verrick,lverrick2v@infoseek.co.jp,Female,3/6/2018
105,Itch,Stockell,istockell2w@economist.com,Male,11/29/2018
106,Scarlet,Pirrey,spirrey2x@cisco.com,Female,3/8/2018
107,Sammie,Bhatia,sbhatia2y@ucoz.ru,Male,6/12/2018
108,Jeremy,Deeny,jdeeny2z@thetimes.co.uk,Male,7/14/2018
109,Ann,Mcwhinnie,amcwhinnie30@github.com,Female,11/10/2018
110,Erastus,Mallam,emallam31@yandex.ru,Male,8/29/2018
111,Martguerita,Mishaw,mmishaw32@desdev.cn,Female,4/4/2018
112,Corena,Walter,cwalter33@netscape.com,Female,4/17/2018
113,Beulah,Simmig,bsimmig34@biglobe.ne.jp,Female,6/18/2018
114,Clem,Toor,ctoor35@friendfeed.com,Female,2/27/2018
115,Ysabel,Betchley,ybetchley36@economist.com,Female,1/20/2018
116,Ingaborg,Swire,iswire37@cnet.com,Female,12/6/2018
117,Vasily,Skillett,vskillett38@seattletimes.com,Male,12/24/2017
118,Rosabel,Bonifacio,rbonifacio39@time.com,Female,11/10/2018
119,Micki,Dillistone,mdillistone3a@infoseek.co.jp,Female,4/27/2018
120,Ezekiel,Fewell,efewell3b@bbb.org,Male,2/20/2018
121,Erma,Peery,epeery3c@wunderground.com,Female,7/3/2018
122,Gustie,Marusic,gmarusic3d@printfriendly.com,Female,8/30/2018
123,Nara,Reynish,nreynish3e@jugem.jp,Female,9/20/2018
124,Hildagard,Poyser,hpoyser3f@mapy.cz,Female,1/14/2018
125,Fina,Accum,faccum3g@seattletimes.com,Female,5/25/2018
126,Patty,Meaddowcroft,pmeaddowcroft3h@slashdot.org,Male,8/14/2018
127,Henrieta,Meugens,hmeugens3i@va.gov,Female,4/3/2018
128,Doro,Clears,dclears3j@ft.com,Female,8/29/2018
129,Gustavo,Lumley,glumley3k@cpanel.net,Male,4/20/2018
130,Cherey,Levett,clevett3l@tinyurl.com,Female,3/2/2018
131,Devlen,Kharchinski,dkharchinski3m@ibm.com,Male,6/22/2018
132,Doroteya,Mazdon,dmazdon3n@flavors.me,Female,7/26/2018
133,Aleen,Kestell,akestell3o@senate.gov,Female,4/14/2018
134,Katya,Mullord,kmullord3p@dmoz.org,Female,10/6/2018
135,Garwood,Szubert,gszubert3q@mozilla.org,Male,11/23/2018
136,Alic,Veltmann,aveltmann3r@ucla.edu,Male,6/18/2018
137,Crin,Slyde,cslyde3s@lycos.com,Female,9/9/2018
138,Maurits,Pedlow,mpedlow3t@hubpages.com,Male,7/24/2018
139,Ivie,Penke,ipenke3u@storify.com,Female,3/25/2018
140,Zollie,Greenleaf,zgreenleaf3v@goo.gl,Male,8/29/2018
141,Odele,Jerram,ojerram3w@google.com.hk,Female,11/18/2018
142,Chickie,Sheryne,csheryne3x@wisc.edu,Male,2/3/2018
143,Trefor,Shoulders,tshoulders3y@shutterfly.com,Male,4/29/2018
144,Thain,Coskerry,tcoskerry3z@google.com.br,Male,11/6/2018
145,Merola,Trahmel,mtrahmel40@ftc.gov,Female,12/21/2017
146,Morlee,Halsworth,mhalsworth41@freewebs.com,Male,1/19/2018
147,Sampson,Almey,salmey42@reuters.com,Male,8/2/2018
148,Ganny,Svanetti,gsvanetti43@soup.io,Male,4/15/2018
149,Mariquilla,O'Duilleain,moduilleain44@bandcamp.com,Female,11/19/2018
150,Ethel,de Clerq,edeclerq45@phoca.cz,Female,9/26/2018
151,Elsworth,Shervington,eshervington46@mozilla.org,Male,11/4/2018
152,Fanny,Maylard,fmaylard47@meetup.com,Female,9/21/2018
153,Fifine,Melior,fmelior48@nps.gov,Female,9/4/2018
154,Benn,Bootell,bbootell49@istockphoto.com,Male,12/25/2017
155,Mathilde,Oels,moels4a@google.com.au,Female,4/3/2018
156,Carleton,Amoore,camoore4b@buzzfeed.com,Male,7/11/2018
157,Lisa,Santino,lsantino4c@psu.edu,Female,3/13/2018
158,Nolly,Quant,nquant4d@time.com,Male,5/1/2018
159,Brewer,Hargess,bhargess4e@dagondesign.com,Male,9/10/2018
160,Odey,Evill,oevill4f@altervista.org,Male,8/3/2018
161,Micky,Jennaroy,mjennaroy4g@theguardian.com,Female,3/6/2018
162,Willette,Levicount,wlevicount4h@tripod.com,Female,9/18/2018
163,Ann-marie,Inston,ainston4i@privacy.gov.au,Female,9/21/2018
164,Chancey,Lies,clies4j@photobucket.com,Male,10/17/2018
165,Cyrille,Ballach,cballach4k@ask.com,Male,12/12/2017
166,Freddy,Fruchon,ffruchon4l@shareasale.com,Female,10/17/2018
167,Pammie,Maliphant,pmaliphant4m@wp.com,Female,6/20/2018
168,Golda,Gann,ggann4n@who.int,Female,11/7/2018
169,Lucho,Swancott,lswancott4o@slate.com,Male,10/14/2018
170,Charmaine,Tregear,ctregear4p@sakura.ne.jp,Female,9/19/2018
171,Caprice,Fardell,cfardell4q@histats.com,Female,1/28/2018
172,Valida,Maryon,vmaryon4r@mozilla.com,Female,4/14/2018
173,Geralda,Edwin,gedwin4s@meetup.com,Female,6/11/2018
174,Carl,Pannaman,cpannaman4t@indiegogo.com,Male,6/8/2018
175,Morgana,Petyankin,mpetyankin4u@freewebs.com,Female,5/3/2018
176,Carena,de Banke,cdebanke4v@hc360.com,Female,9/2/2018
177,Pippo,Anster,panster4w@wikia.com,Male,4/5/2018
178,Wendel,Janson,wjanson4x@sohu.com,Male,2/15/2018
179,Bernete,Comelli,bcomelli4y@youku.com,Female,10/13/2018
180,Dasya,Twiddle,dtwiddle4z@topsy.com,Female,7/30/2018
181,Tiffany,Vaughn,tvaughn50@1688.com,Female,7/2/2018
182,Robbyn,Howson,rhowson51@adobe.com,Female,6/27/2018
183,Aila,St. Aubyn,astaubyn52@miibeian.gov.cn,Female,1/31/2018
184,Gaylord,Dupoy,gdupoy53@forbes.com,Male,3/2/2018
185,Shoshana,Pogosian,spogosian54@xrea.com,Female,6/9/2018
186,Fergus,Bettinson,fbettinson55@businesswire.com,Male,3/22/2018
187,Alyosha,Wedlock,awedlock56@woothemes.com,Male,12/21/2017
188,Milty,Gullberg,mgullberg57@mapquest.com,Male,1/18/2018
189,Beale,Lube,blube58@mysql.com,Male,3/20/2018
190,Olivette,Tumber,otumber59@fastcompany.com,Female,9/2/2018
191,Shellysheldon,Timbs,stimbs5a@phoca.cz,Male,3/21/2018
192,Brennen,Scouller,bscouller5b@pen.io,Male,5/11/2018
193,Alano,Simeoli,asimeoli5c@paypal.com,Male,8/31/2018
194,Beatriz,Liversidge,bliversidge5d@over-blog.com,Female,8/15/2018
195,Penelopa,Spur,pspur5e@usatoday.com,Female,7/17/2018
196,Juieta,Riddler,jriddler5f@opera.com,Female,11/15/2018
197,Minnie,Hendrickson,mhendrickson5g@cdbaby.com,Female,12/30/2017
198,Codie,Siggs,csiggs5h@youtu.be,Female,7/7/2018
199,Zachary,Eskriett,zeskriett5i@google.com.au,Male,2/26/2018
200,Orsa,Davidescu,odavidescu5j@dailymotion.com,Female,10/22/2018
201,Lorita,Nelson,lnelson5k@flickr.com,Female,8/20/2018
202,Winn,O'Doherty,wodoherty5l@1und1.de,Male,10/29/2018
203,Packston,Roofe,proofe5m@lulu.com,Male,10/20/2018
204,Niko,Perett,nperett5n@goodreads.com,Male,5/10/2018
205,Winston,Ceccoli,wceccoli5o@yandex.ru,Male,6/3/2018
206,Zollie,Leven,zleven5p@fastcompany.com,Male,9/25/2018
207,Sherri,Iddons,siddons5q@bravesites.com,Female,12/27/2017
208,Royce,Illiston,rilliston5r@sogou.com,Male,8/14/2018
209,Coral,MacCallester,cmaccallester5s@nbcnews.com,Female,11/6/2018
210,Trudie,Flament,tflament5t@reuters.com,Female,8/21/2018
211,Dennis,Freezer,dfreezer5u@goodreads.com,Male,3/2/2018
212,Ennis,Kaas,ekaas5v@examiner.com,Male,10/31/2018
213,Erina,Messer,emesser5w@flavors.me,Female,11/29/2018
214,Koral,Couronne,kcouronne5x@google.nl,Female,10/26/2018
215,Palmer,Biernacki,pbiernacki5y@cisco.com,Male,9/9/2018
216,Bathsheba,Seegar,bseegar5z@ehow.com,Female,11/21/2018
217,Woodman,Leivers,wleivers60@yale.edu,Male,6/24/2018
218,Tamar,Kerwood,tkerwood61@va.gov,Female,4/16/2018
219,Brinna,Stirling,bstirling62@redcross.org,Female,7/2/2018
220,Florrie,Paute,fpaute63@eventbrite.com,Female,11/5/2018
221,Cherilynn,Tailby,ctailby64@blog.com,Female,12/11/2017
222,Berti,Alforde,balforde65@elpais.com,Female,8/13/2018
223,Ailina,Filip,afilip66@google.com.br,Female,7/6/2018
224,Gasparo,Whellams,gwhellams67@woothemes.com,Male,12/18/2017
225,Sorcha,Inkpin,sinkpin68@joomla.org,Female,7/19/2018
226,Brooks,Penn,bpenn69@spiegel.de,Male,12/26/2017
227,Warren,Van Leijs,wvanleijs6a@last.fm,Male,12/28/2017
228,Sigismond,Harwell,sharwell6b@scientificamerican.com,Male,12/27/2017
229,Barbabra,Trusler,btrusler6c@dedecms.com,Female,8/18/2018
230,Brina,Teesdale,bteesdale6d@ustream.tv,Female,8/13/2018
231,Wilow,Rainton,wrainton6e@t.co,Female,5/27/2018
232,Aggi,Perry,aperry6f@e-recht24.de,Female,9/1/2018
233,Holt,Rought,hrought6g@cbslocal.com,Male,5/31/2018
234,Kristopher,Kees,kkees6h@upenn.edu,Male,8/5/2018
235,Giusto,Spincke,gspincke6i@utexas.edu,Male,12/18/2017
236,Charmane,Denys,cdenys6j@si.edu,Female,11/18/2018
237,Batholomew,Mettericke,bmettericke6k@scientificamerican.com,Male,2/4/2018
238,Shayne,Boswood,sboswood6l@seattletimes.com,Male,3/8/2018
239,Valle,Messent,vmessent6m@printfriendly.com,Male,7/6/2018
240,Chrissie,Crocetto,ccrocetto6n@miitbeian.gov.cn,Male,11/29/2018
241,Emmeline,Aburrow,eaburrow6o@scribd.com,Female,4/27/2018
242,Brock,Chesser,bchesser6p@ehow.com,Male,4/2/2018
243,Paulo,Stutely,pstutely6q@1und1.de,Male,6/8/2018
244,Breanne,Stannah,bstannah6r@oaic.gov.au,Female,5/17/2018
245,Kristian,Enrietto,kenrietto6s@symantec.com,Male,6/24/2018
246,Krista,Carus,kcarus6t@oaic.gov.au,Female,9/14/2018
247,Marjory,Lehrmann,mlehrmann6u@google.it,Female,5/12/2018
248,Rodolph,Soulsby,rsoulsby6v@cargocollective.com,Male,6/9/2018
249,Duncan,Lowndesbrough,dlowndesbrough6w@forbes.com,Male,6/12/2018
250,Augy,Loren,aloren6x@globo.com,Male,6/4/2018
251,Orel,Steinham,osteinham6y@etsy.com,Female,7/19/2018
252,Brannon,Fillary,bfillary6z@a8.net,Male,8/17/2018
253,Lonnie,McWhorter,lmcwhorter70@cornell.edu,Female,1/10/2018
254,Adler,Edscer,aedscer71@bigcartel.com,Male,8/30/2018
255,Salomone,McOmish,smcomish72@dot.gov,Male,3/15/2018
256,Sergio,Renihan,srenihan73@sogou.com,Male,8/6/2018
257,Dacie,Sample,dsample74@forbes.com,Female,10/9/2018
258,Lacie,MacGow,lmacgow75@java.com,Female,4/2/2018
259,Ellyn,Lockhart,elockhart76@twitter.com,Female,5/19/2018
260,Lynette,McAlinion,lmcalinion77@google.es,Female,2/11/2018
261,Hubie,Oiller,hoiller78@list-manage.com,Male,9/15/2018
262,Deedee,Ondracek,dondracek79@scribd.com,Female,10/18/2018
263,Garrard,Foreman,gforeman7a@photobucket.com,Male,1/23/2018
264,Dom,Zylbermann,dzylbermann7b@slashdot.org,Male,4/10/2018
265,Hortense,Gergus,hgergus7c@webeden.co.uk,Female,3/7/2018
266,Chucho,Menauteau,cmenauteau7d@themeforest.net,Male,12/1/2018
267,Ezmeralda,Fowell,efowell7e@dion.ne.jp,Female,7/11/2018
268,Bibby,Feeney,bfeeney7f@tripod.com,Female,5/22/2018
269,Madeleine,Snugg,msnugg7g@canalblog.com,Female,10/7/2018
270,Joelynn,Melliard,jmelliard7h@topsy.com,Female,12/24/2017
271,Dun,Curnow,dcurnow7i@ustream.tv,Male,8/10/2018
272,Nathanael,Ropert,nropert7j@hubpages.com,Male,3/22/2018
273,Isabella,Musselwhite,imusselwhite7k@netscape.com,Female,12/30/2017
274,Noble,Holdworth,nholdworth7l@wp.com,Male,3/27/2018
275,Skipper,Hudson,shudson7m@spiegel.de,Male,11/5/2018
276,Anissa,Enderlein,aenderlein7n@w3.org,Female,10/4/2018
277,Terra,Futter,tfutter7o@nydailynews.com,Female,4/2/2018
278,Rebe,Overill,roverill7p@unc.edu,Female,3/15/2018
279,Anton,Britner,abritner7q@sciencedirect.com,Male,7/27/2018
280,Jacinthe,Straw,jstraw7r@cornell.edu,Female,4/19/2018
281,Esme,Adamini,eadamini7s@xrea.com,Female,12/29/2017
282,Kristyn,Northwood,knorthwood7t@psu.edu,Female,5/13/2018
283,Matt,Lyles,mlyles7u@amazonaws.com,Male,2/25/2018
284,Northrop,Wishart,nwishart7v@blogger.com,Male,6/20/2018
285,Josephina,Omar,jomar7w@mayoclinic.com,Female,10/11/2018
286,Vlad,Brewins,vbrewins7x@cbsnews.com,Male,4/25/2018
287,Hildy,Giacometti,hgiacometti7y@github.com,Female,12/5/2018
288,Anthe,Easterling,aeasterling7z@who.int,Female,1/8/2018
289,Candis,Espinoy,cespinoy80@privacy.gov.au,Female,1/6/2018
290,Sheryl,Danilenko,sdanilenko81@github.io,Female,6/3/2018
291,Chad,Gerding,cgerding82@w3.org,Male,10/30/2018
292,Mirna,Tart,mtart83@uiuc.edu,Female,12/18/2017
293,Donal,Symons,dsymons84@bloglovin.com,Male,2/11/2018
294,Barbaraanne,McJerrow,bmcjerrow85@yahoo.com,Female,4/23/2018
295,Willette,Enderwick,wenderwick86@liveinternet.ru,Female,4/9/2018
296,Marris,Dollen,mdollen87@pbs.org,Female,4/14/2018
297,Lurlene,Lutsch,llutsch88@bizjournals.com,Female,9/12/2018
298,Derron,Shakesbye,dshakesbye89@nyu.edu,Male,9/17/2018
299,Pryce,Dan,pdan8a@twitpic.com,Male,12/18/2017
300,Ronna,Beldam,rbeldam8b@buzzfeed.com,Female,1/4/2018
301,Ellery,Ceccoli,ececcoli8c@plala.or.jp,Male,8/31/2018
302,Morry,Schreurs,mschreurs8d@ucsd.edu,Male,6/4/2018
303,Isabelle,Cordingly,icordingly8e@columbia.edu,Female,9/23/2018
304,Che,Georger,cgeorger8f@vinaora.com,Male,8/12/2018
305,Udell,Phythien,uphythien8g@paypal.com,Male,4/1/2018
306,Gualterio,Burnard,gburnard8h@dion.ne.jp,Male,9/12/2018
307,Gwyn,Josephs,gjosephs8i@is.gd,Female,2/21/2018
308,Calida,Friar,cfriar8j@apple.com,Female,6/21/2018
309,Carlye,Worsam,cworsam8k@google.es,Female,11/22/2018
310,Shanda,Moscone,smoscone8l@latimes.com,Female,3/12/2018
311,Addi,Chomley,achomley8m@cpanel.net,Female,2/19/2018
312,Eugene,Kerwin,ekerwin8n@altervista.org,Male,8/9/2018
313,Ulberto,Hof,uhof8o@walmart.com,Male,7/29/2018
314,Joshua,Castagne,jcastagne8p@tinypic.com,Male,4/14/2018
315,Erny,Abate,eabate8q@theatlantic.com,Male,11/22/2018
316,Ellary,Mattimoe,emattimoe8r@newyorker.com,Male,10/16/2018
317,Claudelle,Jackett,cjackett8s@mayoclinic.com,Female,11/23/2018
318,Devan,Oventon,doventon8t@xrea.com,Female,5/10/2018
319,Josie,Ivanov,jivanov8u@msn.com,Female,7/11/2018
320,Ketty,Worcs,kworcs8v@mit.edu,Female,2/4/2018
321,Aida,Courtese,acourtese8w@ycombinator.com,Female,6/23/2018
322,Colette,Vettore,cvettore8x@typepad.com,Female,5/18/2018
323,Marcelle,Cartner,mcartner8y@amazon.co.jp,Female,5/28/2018
324,Peter,Heyward,pheyward8z@stumbleupon.com,Male,8/12/2018
325,Nesta,O'Hern,nohern90@eepurl.com,Female,8/3/2018
326,Urban,Carvil,ucarvil91@indiatimes.com,Male,1/3/2018
327,Locke,McKenny,lmckenny92@nhs.uk,Male,8/27/2018
328,Daffie,Geldeford,dgeldeford93@altervista.org,Female,11/8/2018
329,Cleavland,Birley,cbirley94@pagesperso-orange.fr,Male,10/6/2018
330,Gay,Barfield,gbarfield95@patch.com,Female,12/17/2017
331,Gloria,Tumelty,gtumelty96@stanford.edu,Female,1/31/2018
332,Lin,Ticksall,lticksall97@pen.io,Female,2/6/2018
333,Cull,Knill,cknill98@shutterfly.com,Male,1/15/2018
334,Arne,Choules,achoules99@toplist.cz,Male,8/7/2018
335,Sam,Gammack,sgammack9a@latimes.com,Male,1/6/2018
336,Sayres,Spadotto,sspadotto9b@baidu.com,Male,12/7/2018
337,Natasha,Cotta,ncotta9c@ucsd.edu,Female,12/7/2018
338,Yelena,Elphinstone,yelphinstone9d@princeton.edu,Female,1/16/2018
339,Lowe,Kapelhof,lkapelhof9e@kickstarter.com,Male,1/15/2018
340,Analise,Yegorov,ayegorov9f@deliciousdays.com,Female,4/25/2018
341,Sondra,Denisot,sdenisot9g@arstechnica.com,Female,1/5/2018
342,Nowell,Semble,nsemble9h@hubpages.com,Male,2/16/2018
343,Brion,Monshall,bmonshall9i@oracle.com,Male,1/4/2018
344,Dedie,Marrington,dmarrington9j@timesonline.co.uk,Female,3/20/2018
345,Dal,Scotfurth,dscotfurth9k@princeton.edu,Male,2/14/2018
346,Laryssa,Ping,lping9l@dyndns.org,Female,1/27/2018
347,Richie,Ruddoch,rruddoch9m@accuweather.com,Male,2/25/2018
348,Kimble,O'Docherty,kodocherty9n@pagesperso-orange.fr,Male,2/23/2018
349,Kayley,Lintott,klintott9o@shareasale.com,Female,11/10/2018
350,Ely,Causey,ecausey9p@digg.com,Male,12/13/2017
351,Flynn,MacCoveney,fmaccoveney9q@tuttocitta.it,Male,5/19/2018
352,Erl,Rechert,erechert9r@abc.net.au,Male,9/21/2018
353,Edith,Tennet,etennet9s@tumblr.com,Female,5/26/2018
354,Barbabra,Hubbucks,bhubbucks9t@ustream.tv,Female,9/7/2018
355,Linoel,Zanutti,lzanutti9u@hibu.com,Male,1/29/2018
356,Alley,Livezley,alivezley9v@mac.com,Male,1/12/2018
357,Townie,Bazell,tbazell9w@zimbio.com,Male,7/17/2018
358,Boone,Birdwistle,bbirdwistle9x@paginegialle.it,Male,5/4/2018
359,Devora,Shieldon,dshieldon9y@4shared.com,Female,7/19/2018
360,Meta,Applewhite,mapplewhite9z@princeton.edu,Female,3/2/2018
361,Colet,Karpfen,ckarpfena0@cargocollective.com,Male,6/3/2018
362,Franciskus,Smalman,fsmalmana1@whitehouse.gov,Male,2/25/2018
363,Flora,Crunden,fcrundena2@github.com,Female,7/20/2018
364,Kasper,Heliet,khelieta3@1688.com,Male,9/16/2018
365,Leona,Duckerin,lduckerina4@smh.com.au,Female,8/25/2018
366,Julia,Gillingham,jgillinghama5@cnet.com,Female,7/6/2018
367,Brook,Melloi,bmelloia6@squarespace.com,Female,2/24/2018
368,Nady,Hendrick,nhendricka7@arstechnica.com,Female,1/23/2018
369,Aharon,Pirkis,apirkisa8@nytimes.com,Male,1/31/2018
370,Rachael,Missen,rmissena9@alibaba.com,Female,9/17/2018
371,Gates,Durning,gdurningaa@shinystat.com,Female,1/1/2018
372,Bryon,Laurenceau,blaurenceauab@tumblr.com,Male,7/4/2018
373,Mace,Poacher,mpoacherac@google.com.br,Male,10/11/2018
374,Albert,Cotterel,acotterelad@github.com,Male,2/3/2018
375,Rois,Cowdroy,rcowdroyae@jimdo.com,Female,11/8/2018
376,Pegeen,Moorwood,pmoorwoodaf@purevolume.com,Female,12/17/2017
377,Les,Sproat,lsproatag@vkontakte.ru,Male,6/5/2018
378,Odessa,Attwater,oattwaterah@seattletimes.com,Female,2/28/2018
379,Porter,Muschette,pmuschetteai@state.gov,Male,3/11/2018
380,Mahmud,Blakebrough,mblakebroughaj@live.com,Male,10/29/2018
381,Dean,Burchess,dburchessak@zimbio.com,Male,9/5/2018
382,Lauree,Passman,lpassmanal@clickbank.net,Female,5/5/2018
383,Cesar,Craster,ccrasteram@yahoo.com,Male,11/2/2018
384,Reinwald,Grolmann,rgrolmannan@theguardian.com,Male,1/4/2018
385,Penelopa,Bauduin,pbauduinao@aol.com,Female,7/4/2018
386,Isac,Bridgstock,ibridgstockap@archive.org,Male,11/17/2018
387,Chrystal,Muddimer,cmuddimeraq@angelfire.com,Female,10/19/2018
388,Juan,Danilchenko,jdanilchenkoar@tmall.com,Male,10/17/2018
389,Barbabra,Wiffen,bwiffenas@xrea.com,Female,2/4/2018
390,Hally,Tancock,htancockat@intel.com,Female,11/10/2018
391,Mikey,Copin,mcopinau@aboutads.info,Male,7/25/2018
392,Marabel,De Zuani,mdezuaniav@bandcamp.com,Female,5/20/2018
393,Yancy,Garrettson,ygarrettsonaw@uiuc.edu,Male,1/9/2018
394,Gerianne,Jewes,gjewesax@jalbum.net,Female,9/26/2018
395,Manfred,Danilowicz,mdanilowiczay@google.co.jp,Male,1/12/2018
396,Remington,Kliemann,rkliemannaz@alexa.com,Male,12/31/2017
397,Hynda,Bibb,hbibbb0@msn.com,Female,8/3/2018
398,Agneta,Swenson,aswensonb1@barnesandnoble.com,Female,11/8/2018
399,Hannah,Berthe,hbertheb2@ucsd.edu,Female,11/3/2018
400,Britni,Brister,bbristerb3@sciencedirect.com,Female,11/18/2018
401,Fawne,Steckings,fsteckingsb4@latimes.com,Female,4/24/2018
402,Silvie,Saladin,ssaladinb5@army.mil,Female,10/16/2018
403,Cora,Gebuhr,cgebuhrb6@utexas.edu,Female,8/3/2018
404,Orlando,Scotney,oscotneyb7@ucoz.ru,Male,7/29/2018
405,Lucie,Dursley,ldursleyb8@weibo.com,Female,6/10/2018
406,Ingrid,Kettlewell,ikettlewellb9@networkadvertising.org,Female,11/17/2018
407,Gwendolin,Atthow,gatthowba@pinterest.com,Female,7/29/2018
408,Dalenna,Sadlier,dsadlierbb@naver.com,Female,8/4/2018
409,Curcio,Borrington,cborringtonbc@cnn.com,Male,7/7/2018
410,Aluin,Macon,amaconbd@cnet.com,Male,8/6/2018
411,Robin,Laval,rlavalbe@buzzfeed.com,Male,10/26/2018
412,Dorian,Cropper,dcropperbf@rambler.ru,Female,9/26/2018
413,Ezri,Brookhouse,ebrookhousebg@pbs.org,Male,8/14/2018
414,Mercie,Domel,mdomelbh@mayoclinic.com,Female,4/6/2018
415,Kat,Gilchriest,kgilchriestbi@csmonitor.com,Female,6/14/2018
416,Pauly,Woolfoot,pwoolfootbj@ibm.com,Male,4/15/2018
417,Lorilee,Little,llittlebk@wikia.com,Female,2/25/2018
418,Carmine,Gawkroge,cgawkrogebl@harvard.edu,Male,8/20/2018
419,Julie,Emps,jempsbm@indiatimes.com,Female,11/25/2018
420,Forrest,Kynman,fkynmanbn@narod.ru,Male,9/15/2018
421,Johannes,Croisier,jcroisierbo@china.com.cn,Male,9/14/2018
422,Alyson,Limming,alimmingbp@list-manage.com,Female,9/21/2018
423,Brandyn,Karczinski,bkarczinskibq@github.com,Male,11/27/2018
424,Nyssa,Welman,nwelmanbr@domainmarket.com,Female,10/9/2018
425,Loy,Dukelow,ldukelowbs@topsy.com,Male,10/4/2018
426,Letti,Charley,lcharleybt@yandex.ru,Female,5/23/2018
427,Sherie,Blant,sblantbu@smugmug.com,Female,9/27/2018
428,Brianne,MacCaull,bmaccaullbv@deliciousdays.com,Female,12/24/2017
429,Odey,Willars,owillarsbw@fda.gov,Male,5/26/2018
430,Aridatha,Dunn,adunnbx@columbia.edu,Female,6/30/2018
431,Lombard,McGhie,lmcghieby@skype.com,Male,9/26/2018
432,Archy,Sarver,asarverbz@surveymonkey.com,Male,10/13/2018
433,Doralynn,Coils,dcoilsc0@miibeian.gov.cn,Female,8/25/2018
434,Salvidor,Hallt,shalltc1@skype.com,Male,11/13/2018
435,Melisse,Somers,msomersc2@vistaprint.com,Female,11/14/2018
436,Wald,Beltzner,wbeltznerc3@ifeng.com,Male,6/25/2018
437,Welbie,Nerger,wnergerc4@hubpages.com,Male,1/26/2018
438,Zollie,Lune,zlunec5@tripadvisor.com,Male,7/25/2018
439,Ruperto,Sayton,rsaytonc6@nba.com,Male,2/11/2018
440,Margy,Bostock,mbostockc7@amazon.com,Female,12/31/2017
441,Adan,Aurelius,aaureliusc8@army.mil,Female,11/22/2018
442,Bobbye,Rubanenko,brubanenkoc9@w3.org,Female,11/22/2018
443,Betti,Haddock,bhaddockca@webmd.com,Female,10/27/2018
444,Prentice,Robiot,probiotcb@newsvine.com,Male,9/17/2018
445,Frazier,Jadczak,fjadczakcc@washington.edu,Male,5/15/2018
446,Nona,Slite,nslitecd@storify.com,Female,9/10/2018
447,Dennie,Stears,dstearsce@tumblr.com,Male,1/25/2018
448,Riccardo,April,raprilcf@intel.com,Male,6/17/2018
449,Melisandra,Romayne,mromaynecg@zimbio.com,Female,6/28/2018
450,Dulcie,Biscomb,dbiscombch@newyorker.com,Female,1/21/2018
451,Hailey,McBeith,hmcbeithci@exblog.jp,Male,12/23/2017
452,Barbara,Spleving,bsplevingcj@desdev.cn,Female,11/8/2018
453,Rodolph,Sheekey,rsheekeyck@freewebs.com,Male,6/6/2018
454,Laina,Noraway,lnorawaycl@slashdot.org,Female,11/24/2018
455,Alicea,Gadsden,agadsdencm@miibeian.gov.cn,Female,9/7/2018
456,Brittaney,Ungerechts,bungerechtscn@icio.us,Female,4/7/2018
457,Olly,Dewing,odewingco@newsvine.com,Female,2/14/2018
458,Arlen,Geale,agealecp@cdbaby.com,Female,3/27/2018
459,Thia,Kirkup,tkirkupcq@economist.com,Female,2/16/2018
460,Lark,Rooson,lroosoncr@blogger.com,Female,5/17/2018
461,Celle,Hryniewicki,chryniewickics@oaic.gov.au,Female,4/30/2018
462,Karlens,Vauter,kvauterct@oracle.com,Male,1/12/2018
463,Alika,Blackney,ablackneycu@youtu.be,Female,6/18/2018
464,Constantine,Sabie,csabiecv@livejournal.com,Male,8/1/2018
465,Jermaine,Velasquez,jvelasquezcw@qq.com,Female,11/6/2018
466,Ashly,Bockin,abockincx@sina.com.cn,Female,2/3/2018
467,Field,Gilbey,fgilbeycy@redcross.org,Male,1/30/2018
468,Olimpia,Mellish,omellishcz@addthis.com,Female,9/5/2018
469,Chrisy,Landall,clandalld0@google.com.hk,Male,8/16/2018
470,Ambros,Lohde,alohded1@dagondesign.com,Male,7/10/2018
471,Daria,De Filippo,ddefilippod2@oakley.com,Female,8/25/2018
472,James,Sydes,jsydesd3@timesonline.co.uk,Male,11/13/2018
473,Susannah,Lammas,slammasd4@infoseek.co.jp,Female,6/22/2018
474,Lydon,Bullant,lbullantd5@altervista.org,Male,7/11/2018
475,Tildi,Order,torderd6@ted.com,Female,3/9/2018
476,Fitz,Mearns,fmearnsd7@theglobeandmail.com,Male,3/8/2018
477,Esdras,Lanfere,elanfered8@people.com.cn,Male,3/26/2018
478,Sam,Thyer,sthyerd9@squarespace.com,Female,2/22/2018
479,Florentia,Birchwood,fbirchwoodda@so-net.ne.jp,Female,1/18/2018
480,Franny,Sellor,fsellordb@imgur.com,Male,12/12/2017
481,Binni,Rassell,brasselldc@seesaa.net,Female,4/25/2018
482,Lanette,Mullarkey,lmullarkeydd@amazon.com,Female,4/15/2018
483,Maryjane,Reder,mrederde@posterous.com,Female,1/24/2018
484,Benyamin,Sadlier,bsadlierdf@cdbaby.com,Male,8/5/2018
485,Ceciley,O'Kielt,cokieltdg@1688.com,Female,9/11/2018
486,Luella,Garret,lgarretdh@un.org,Female,7/10/2018
487,Caty,Convery,cconverydi@tumblr.com,Female,6/2/2018
488,Sigmund,Ivushkin,sivushkindj@newsvine.com,Male,7/23/2018
489,Sutton,Prew,sprewdk@cargocollective.com,Male,8/11/2018
490,Tudor,Reynault,treynaultdl@statcounter.com,Male,7/21/2018
491,Nike,Ben-Aharon,nbenaharondm@51.la,Female,7/6/2018
492,Austine,Queste,aquestedn@redcross.org,Female,12/8/2018
493,Elisabeth,Birth,ebirthdo@ft.com,Female,6/13/2018
494,Grantham,Scholling,gschollingdp@addtoany.com,Male,8/16/2018
495,Lina,Vern,lverndq@washingtonpost.com,Female,4/20/2018
496,Enrichetta,Farre,efarredr@alibaba.com,Female,7/10/2018
497,Andrei,Jochens,ajochensds@cafepress.com,Female,10/29/2018
498,Devin,Seagood,dseagooddt@ameblo.jp,Female,9/4/2018
499,Neille,Evanson,nevansondu@topsy.com,Female,8/26/2018
500,Avigdor,Ramsier,aramsierdv@reverbnation.com,Male,5/23/2018
501,Clarey,Van Oord,cvanoorddw@accuweather.com,Female,1/21/2018
502,Sibylla,Trays,straysdx@wp.com,Female,4/14/2018
503,Deina,Woodcroft,dwoodcroftdy@bbc.co.uk,Female,6/5/2018
504,Erv,Shillom,eshillomdz@lycos.com,Male,3/20/2018
505,Marty,Gudgin,mgudgine0@omniture.com,Female,12/19/2017
506,Emmy,Perocci,eperoccie1@springer.com,Female,10/17/2018
507,Ingunna,Bamber,ibambere2@github.com,Female,6/1/2018
508,Farris,Lambot,flambote3@uiuc.edu,Male,6/16/2018
509,Jaquelyn,Huson,jhusone4@auda.org.au,Female,7/29/2018
510,Dolph,Trotman,dtrotmane5@illinois.edu,Male,6/18/2018
511,Lothaire,Downage,ldownagee6@hp.com,Male,2/7/2018
512,Bartel,Steeden,bsteedene7@ihg.com,Male,9/20/2018
513,Sondra,Marjoram,smarjorame8@technorati.com,Female,10/13/2018
514,Stillman,Stones,sstonese9@reverbnation.com,Male,6/1/2018
515,Zonda,Haws,zhawsea@spiegel.de,Female,11/27/2018
516,Christiana,Poure,cpoureeb@instagram.com,Female,3/14/2018
517,Pincas,Gubbins,pgubbinsec@nifty.com,Male,2/17/2018
518,Neill,Sissland,nsisslanded@github.io,Male,5/10/2018
519,Bradan,Bromley,bbromleyee@hugedomains.com,Male,4/16/2018
520,Diann,Laidlaw,dlaidlawef@nps.gov,Female,2/6/2018
521,Raimund,Brewood,rbrewoodeg@youtu.be,Male,5/21/2018
522,Laurice,Clemits,lclemitseh@theatlantic.com,Female,6/27/2018
523,Rheta,Nan Carrow,rnancarrowei@youtube.com,Female,7/30/2018
524,Hettie,Woolaghan,hwoolaghanej@apple.com,Female,2/28/2018
525,Waylin,Smalles,wsmallesek@irs.gov,Male,3/6/2018
526,Lindy,Segrave,lsegraveel@dot.gov,Male,2/8/2018
527,Bryce,Garrold,bgarroldem@wordpress.com,Male,8/28/2018
528,Juliette,Phillis,jphillisen@samsung.com,Female,8/12/2018
529,Bette,Truelove,btrueloveeo@eventbrite.com,Female,4/16/2018
530,Delcine,Ridsdale,dridsdaleep@tamu.edu,Female,1/11/2018
531,Aurilia,Casassa,acasassaeq@51.la,Female,12/8/2018
532,Slade,Bladder,sbladderer@deliciousdays.com,Male,6/18/2018
533,Johannes,Grishaev,jgrishaeves@uiuc.edu,Male,3/31/2018
534,Corabella,Weeds,cweedset@pbs.org,Female,10/27/2018
535,Fran,Hayhurst,fhayhursteu@chronoengine.com,Male,6/7/2018
536,Karel,Guile,kguileev@businesswire.com,Male,7/23/2018
537,Janek,Keighly,jkeighlyew@amazon.com,Male,8/3/2018
538,Adelina,Styche,astycheex@surveymonkey.com,Female,10/24/2018
539,Andee,Stonham,astonhamey@economist.com,Female,7/18/2018
540,Spenser,Gillfillan,sgillfillanez@samsung.com,Male,6/4/2018
541,Etheline,Peachey,epeacheyf0@hatena.ne.jp,Female,3/17/2018
542,Daloris,Paullin,dpaullinf1@google.de,Female,10/3/2018
543,Lola,Marzellano,lmarzellanof2@kickstarter.com,Female,8/7/2018
544,Judon,Bunker,jbunkerf3@bizjournals.com,Male,4/22/2018
545,Corney,Perassi,cperassif4@mashable.com,Male,4/21/2018
546,Cayla,Georgievski,cgeorgievskif5@printfriendly.com,Female,8/3/2018
547,Kilian,Juschka,kjuschkaf6@amazon.co.uk,Male,3/1/2018
548,Isaac,Tissiman,itissimanf7@tiny.cc,Male,11/6/2018
549,Magdalena,Plumridge,mplumridgef8@youtu.be,Female,2/10/2018
550,Herb,Carstairs,hcarstairsf9@paginegialle.it,Male,7/26/2018
551,Roderigo,Risman,rrismanfa@google.com.au,Male,2/24/2018
552,Nial,Robey,nrobeyfb@facebook.com,Male,5/23/2018
553,Jerald,Morcombe,jmorcombefc@goo.gl,Male,1/4/2018
554,Davis,Paxeford,dpaxefordfd@miitbeian.gov.cn,Male,10/30/2018
555,Griswold,Vatini,gvatinife@google.nl,Male,6/29/2018
556,Clayborne,Handasyde,chandasydeff@aol.com,Male,4/25/2018
557,Elinore,Hallin,ehallinfg@wordpress.org,Female,5/30/2018
558,Bert,Drugan,bdruganfh@cpanel.net,Male,8/6/2018
559,Ian,Spoerl,ispoerlfi@eepurl.com,Male,5/2/2018
560,Yelena,Fevier,yfevierfj@bandcamp.com,Female,11/28/2018
561,Kristo,Kirkbride,kkirkbridefk@wsj.com,Male,1/18/2018
562,Shay,Axcell,saxcellfl@barnesandnoble.com,Female,2/1/2018
563,Jakob,Stedson,jstedsonfm@fc2.com,Male,10/6/2018
564,Andris,Hatchett,ahatchettfn@pbs.org,Male,10/3/2018
565,Paula,Isaac,pisaacfo@1688.com,Female,8/6/2018
566,Thom,Teasdale-Markie,tteasdalemarkiefp@lulu.com,Male,9/10/2018
567,Faith,Anslow,fanslowfq@businessweek.com,Female,3/13/2018
568,Erma,Stuckley,estuckleyfr@sourceforge.net,Female,5/29/2018
569,Lynnet,Brotherheed,lbrotherheedfs@apache.org,Female,12/16/2017
570,Barris,Dudden,bduddenft@symantec.com,Male,3/28/2018
571,Kelila,Usherwood,kusherwoodfu@google.fr,Female,1/6/2018
572,Kaycee,Burchmore,kburchmorefv@mediafire.com,Female,4/18/2018
573,Klement,Fulcher,kfulcherfw@furl.net,Male,10/6/2018
574,Lynnet,Osler,loslerfx@home.pl,Female,12/31/2017
575,Hyacinthia,Franses,hfransesfy@meetup.com,Female,12/21/2017
576,Lucretia,Bente,lbentefz@tiny.cc,Female,9/23/2018
577,Brannon,Salthouse,bsalthouseg0@flickr.com,Male,6/19/2018
578,Artus,Whitta,awhittag1@netvibes.com,Male,12/27/2017
579,Angel,Stickler,asticklerg2@jugem.jp,Female,8/15/2018
580,Zahara,Le Moucheux,zlemoucheuxg3@census.gov,Female,10/9/2018
581,Loralyn,Carren,lcarreng4@go.com,Female,12/8/2018
582,Philippe,Beeble,pbeebleg5@geocities.jp,Female,3/31/2018
583,Sammie,O'Halleghane,sohalleghaneg6@yahoo.com,Male,5/1/2018
584,Rosemonde,Gunter,rgunterg7@accuweather.com,Female,5/28/2018
585,Seamus,Hawkwood,shawkwoodg8@freewebs.com,Male,1/3/2018
586,Elvis,Bennike,ebennikeg9@drupal.org,Male,10/7/2018
587,Darell,Swatman,dswatmanga@privacy.gov.au,Female,5/1/2018
588,Maggee,Wheway,mwhewaygb@google.com.hk,Female,8/14/2018
589,Jillene,Huey,jhueygc@intel.com,Female,8/24/2018
590,Shandy,Keinrat,skeinratgd@vistaprint.com,Female,11/23/2018
591,Moreen,Foskett,mfoskettge@wikipedia.org,Female,8/21/2018
592,Fara,McDonnell,fmcdonnellgf@hao123.com,Female,9/19/2018
593,Raymond,Baxstair,rbaxstairgg@bandcamp.com,Male,2/5/2018
594,Nicko,Prinne,nprinnegh@skype.com,Male,12/26/2017
595,Nico,Penn,npenngi@patch.com,Male,9/22/2018
596,Casandra,Glason,cglasongj@phpbb.com,Female,5/27/2018
597,Cathryn,Lukins,clukinsgk@guardian.co.uk,Female,11/11/2018
598,Ingrim,Schubbert,ischubbertgl@psu.edu,Male,4/24/2018
599,Klarrisa,Shannahan,kshannahangm@bloglines.com,Female,1/10/2018
600,Sabine,Rowson,srowsongn@mapquest.com,Female,11/13/2018
601,Peyton,Davids,pdavidsgo@flickr.com,Male,8/8/2018
602,Shayne,Lambe,slambegp@imgur.com,Male,5/25/2018
603,Chaddie,Syvret,csyvretgq@comsenz.com,Male,10/23/2018
604,Ruddie,Hanse,rhansegr@blinklist.com,Male,4/17/2018
605,Hetti,Stoile,hstoilegs@bluehost.com,Female,8/28/2018
606,Alick,Gill,agillgt@naver.com,Male,4/15/2018
607,Saleem,Velte,sveltegu@flavors.me,Male,12/19/2017
608,Petey,Cashley,pcashleygv@oaic.gov.au,Male,4/4/2018
609,Eugine,Arndtsen,earndtsengw@uiuc.edu,Female,9/24/2018
610,Naomi,Guerin,ngueringx@ask.com,Female,10/11/2018
611,Merell,Gildersleaves,mgildersleavesgy@jigsy.com,Male,2/24/2018
612,Bertrando,Clemes,bclemesgz@fema.gov,Male,7/1/2018
613,Myrwyn,Popplestone,mpopplestoneh0@bandcamp.com,Male,11/16/2018
614,Wendall,Cogzell,wcogzellh1@1und1.de,Male,7/27/2018
615,Carlotta,Haxell,chaxellh2@economist.com,Female,9/6/2018
616,Leonhard,Upshall,lupshallh3@amazon.co.jp,Male,2/20/2018
617,Reinhard,O'Dee,rodeeh4@reverbnation.com,Male,6/27/2018
618,Burty,Frigot,bfrigoth5@amazonaws.com,Male,1/19/2018
619,Evelyn,Josifovitz,ejosifovitzh6@amazonaws.com,Female,11/7/2018
620,Marion,Lindborg,mlindborgh7@paginegialle.it,Male,2/2/2018
621,Johna,Olenov,jolenovh8@wikipedia.org,Female,6/23/2018
622,Emory,Clews,eclewsh9@hostgator.com,Male,4/11/2018
623,Bliss,Pogson,bpogsonha@wikispaces.com,Female,5/8/2018
624,Giacopo,Bohler,gbohlerhb@prnewswire.com,Male,2/25/2018
625,Jilly,Agronski,jagronskihc@adobe.com,Female,1/27/2018
626,Gale,Vedeshkin,gvedeshkinhd@hostgator.com,Female,7/18/2018
627,Dahlia,Gimblet,dgimblethe@goodreads.com,Female,9/26/2018
628,Ainsley,Dofty,adoftyhf@sakura.ne.jp,Female,3/23/2018
629,Evangelina,Gammade,egammadehg@census.gov,Female,6/30/2018
630,Neila,Scuse,nscusehh@nih.gov,Female,3/25/2018
631,Verne,Bulley,vbulleyhi@java.com,Male,6/25/2018
632,Zeb,Kittredge,zkittredgehj@merriam-webster.com,Male,4/26/2018
633,Barby,Cranna,bcrannahk@google.nl,Female,4/23/2018
634,Rab,Rannald,rrannaldhl@studiopress.com,Male,5/27/2018
635,Amery,Choak,achoakhm@qq.com,Male,5/13/2018
636,Adele,Brobak,abrobakhn@vk.com,Female,8/24/2018
637,Salomone,Roseblade,srosebladeho@sciencedaily.com,Male,5/28/2018
638,Marcelo,Capoun,mcapounhp@list-manage.com,Male,9/16/2018
639,Maggi,Warrack,mwarrackhq@amazon.com,Female,4/2/2018
640,Belva,Mateiko,bmateikohr@hostgator.com,Female,6/17/2018
641,Zerk,Pladen,zpladenhs@soundcloud.com,Male,4/14/2018
642,Duffie,Dimsdale,ddimsdaleht@so-net.ne.jp,Male,12/5/2018
643,Serena,Murrhaupt,smurrhaupthu@accuweather.com,Female,3/29/2018
644,Martainn,Steptow,msteptowhv@latimes.com,Male,4/30/2018
645,Lilly,Pimm,lpimmhw@berkeley.edu,Female,12/31/2017
646,Rutledge,Chorlton,rchorltonhx@wsj.com,Male,7/11/2018
647,Hort,Stevens,hstevenshy@google.fr,Male,1/6/2018
648,Gardie,Dubble,gdubblehz@ebay.co.uk,Male,5/14/2018
649,Merrick,Pickvance,mpickvancei0@pbs.org,Male,11/23/2018
650,Aggy,McRory,amcroryi1@uiuc.edu,Female,9/4/2018
651,Wallis,Croson,wcrosoni2@google.pl,Male,4/19/2018
652,Larry,Twining,ltwiningi3@tripadvisor.com,Male,5/31/2018
653,Jackson,Kennea,jkenneai4@imgur.com,Male,5/9/2018
654,Analise,Willingham,awillinghami5@ovh.net,Female,3/23/2018
655,Augustine,Jansey,ajanseyi6@sina.com.cn,Female,2/19/2018
656,Levey,Spering,lsperingi7@privacy.gov.au,Male,4/8/2018
657,Violetta,Tackley,vtackleyi8@state.gov,Female,12/28/2017
658,Crissy,Hinze,chinzei9@nature.com,Female,12/5/2018
659,Turner,Jarad,tjaradia@mapquest.com,Male,6/1/2018
660,Erica,Sprague,espragueib@google.de,Female,8/15/2018
661,Wren,McClymond,wmcclymondic@seattletimes.com,Female,5/16/2018
662,Umeko,Miners,uminersid@hud.gov,Female,10/15/2018
663,Stanfield,Wetherick,swetherickie@ftc.gov,Male,6/17/2018
664,Even,Reimer,ereimerif@abc.net.au,Male,12/7/2018
665,Meredithe,Jarad,mjaradig@youku.com,Female,8/4/2018
666,Cyrill,Mattersey,cmatterseyih@about.com,Male,11/23/2018
667,Hatti,Fossey,hfosseyii@sogou.com,Female,10/19/2018
668,Arther,Kroin,akroinij@de.vu,Male,12/28/2017
669,Rosalinde,Noton,rnotonik@tripod.com,Female,5/4/2018
670,Nicoli,Batten,nbattenil@berkeley.edu,Female,7/21/2018
671,Charles,Edwin,cedwinim@ebay.com,Male,1/19/2018
672,Franky,Rubin,frubinin@google.co.jp,Female,2/11/2018
673,Brooks,Gillison,bgillisonio@hud.gov,Male,6/22/2018
674,Lester,Preist,lpreistip@spiegel.de,Male,10/25/2018
675,Tadio,Morales,tmoralesiq@youtube.com,Male,8/7/2018
676,Raynard,Doohey,rdooheyir@webs.com,Male,10/23/2018
677,Marney,Duiguid,mduiguidis@cbslocal.com,Female,8/7/2018
678,Ev,Yanshin,eyanshinit@1und1.de,Male,12/5/2018
679,Tove,Marsham,tmarshamiu@webeden.co.uk,Female,8/28/2018
680,Ado,Attow,aattowiv@pcworld.com,Male,1/14/2018
681,Brnaby,Ambrosio,bambrosioiw@epa.gov,Male,12/3/2018
682,Wald,Tocher,wtocherix@java.com,Male,4/1/2018
683,Magdalen,Greste,mgresteiy@privacy.gov.au,Female,9/6/2018
684,Domeniga,Steffens,dsteffensiz@businessinsider.com,Female,7/25/2018
685,Filbert,Mattimoe,fmattimoej0@nydailynews.com,Male,11/22/2018
686,Alecia,Raoult,araoultj1@scribd.com,Female,2/11/2018
687,Cyrillus,Stilliard,cstilliardj2@histats.com,Male,5/17/2018
688,Bartholemy,Pittaway,bpittawayj3@pcworld.com,Male,1/21/2018
689,Bertie,Heddon,bheddonj4@businesswire.com,Female,12/22/2017
690,Milli,Redhole,mredholej5@eventbrite.com,Female,4/20/2018
691,Winny,Halfpenny,whalfpennyj6@t.co,Male,8/6/2018
692,Bernard,Icom,bicomj7@dailymotion.com,Male,11/21/2018
693,Romy,Delacourt,rdelacourtj8@i2i.jp,Female,5/4/2018
694,Griffith,Sawdon,gsawdonj9@ow.ly,Male,12/9/2018
695,Lura,Rosenthal,lrosenthalja@msu.edu,Female,11/16/2018
696,Karalynn,Toun,ktounjb@patch.com,Female,11/20/2018
697,Teri,Duerden,tduerdenjc@technorati.com,Female,1/6/2018
698,Farly,Boshers,fboshersjd@weebly.com,Male,3/17/2018
699,Niki,Dunkirk,ndunkirkje@dropbox.com,Male,4/2/2018
700,Belinda,Matiashvili,bmatiashvilijf@csmonitor.com,Female,1/30/2018
701,Cesare,Twinborne,ctwinbornejg@symantec.com,Male,7/11/2018
702,Sayers,Wheal,swhealjh@slashdot.org,Male,10/14/2018
703,Bonni,Antonomoli,bantonomoliji@umn.edu,Female,10/1/2018
704,Alfonso,Goodinson,agoodinsonjj@mail.ru,Male,1/9/2018
705,Beau,Geerits,bgeeritsjk@mapquest.com,Male,7/18/2018
706,Flin,Leuty,fleutyjl@istockphoto.com,Male,3/17/2018
707,Dex,Drought,ddroughtjm@dell.com,Male,8/25/2018
708,Sigismund,Turland,sturlandjn@aboutads.info,Male,10/25/2018
709,Clemente,Foffano,cfoffanojo@tmall.com,Male,10/27/2018
710,Garner,Gullivent,ggulliventjp@edublogs.org,Male,5/10/2018
711,Audi,Zisneros,azisnerosjq@cpanel.net,Female,6/30/2018
712,Kettie,Fitzsimon,kfitzsimonjr@discovery.com,Female,12/22/2017
713,Richie,Ketley,rketleyjs@yellowbook.com,Male,5/27/2018
714,Heall,Gowing,hgowingjt@google.de,Male,10/30/2018
715,Harland,Bonniface,hbonnifaceju@gravatar.com,Male,9/29/2018
716,Rosanna,Diggell,rdiggelljv@pcworld.com,Female,3/5/2018
717,Silvan,Zorener,szorenerjw@reddit.com,Male,6/17/2018
718,Vernon,Filochov,vfilochovjx@oaic.gov.au,Male,3/20/2018
719,Felicity,Huller,fhullerjy@springer.com,Female,5/16/2018
720,Zechariah,Paquet,zpaquetjz@flickr.com,Male,10/29/2018
721,Melisse,Bottell,mbottellk0@amazonaws.com,Female,11/30/2018
722,Chrysa,Geraudy,cgeraudyk1@g.co,Female,2/8/2018
723,Giffer,Artus,gartusk2@harvard.edu,Male,8/10/2018
724,Brigid,Garbert,bgarbertk3@harvard.edu,Female,1/12/2018
725,Nance,Charrett,ncharrettk4@census.gov,Female,3/13/2018
726,Kandace,Santorini,ksantorinik5@google.com.hk,Female,10/7/2018
727,Conny,Dalyell,cdalyellk6@illinois.edu,Female,1/31/2018
728,Tanner,Llewellyn,tllewellynk7@dailymail.co.uk,Male,10/11/2018
729,Sioux,Challender,schallenderk8@adobe.com,Female,6/8/2018
730,Shay,Over,soverk9@seesaa.net,Female,12/14/2017
731,Jordan,Heditch,jheditchka@cbslocal.com,Male,9/30/2018
732,Hazel,Condict,hcondictkb@goo.ne.jp,Male,5/1/2018
733,Brodie,Pennini,bpenninikc@mail.ru,Male,2/28/2018
734,Corey,Robe,crobekd@delicious.com,Female,11/6/2018
735,Karol,Quayle,kquayleke@comcast.net,Female,12/21/2017
736,Suzann,Adolfson,sadolfsonkf@google.co.jp,Female,1/18/2018
737,Carlye,Georgeau,cgeorgeaukg@deliciousdays.com,Female,8/15/2018
738,Joleen,Silburn,jsilburnkh@digg.com,Female,11/23/2018
739,Thibaut,Cattanach,tcattanachki@nasa.gov,Male,4/21/2018
740,Baxy,McCritichie,bmccritichiekj@prlog.org,Male,6/5/2018
741,Kiley,Varvell,kvarvellkk@pinterest.com,Male,5/13/2018
742,Lianna,Nowakowski,lnowakowskikl@opensource.org,Female,10/19/2018
743,Miltie,Dunge,mdungekm@icq.com,Male,8/2/2018
744,Bevin,Pamment,bpammentkn@foxnews.com,Male,10/25/2018
745,Prinz,Poundsford,ppoundsfordko@answers.com,Male,3/20/2018
746,Corene,Bulger,cbulgerkp@soundcloud.com,Female,5/11/2018
747,Keefe,Peinton,kpeintonkq@dyndns.org,Male,9/29/2018
748,Gerardo,McGibbon,gmcgibbonkr@quantcast.com,Male,1/18/2018
749,Weylin,Barnish,wbarnishks@oakley.com,Male,10/29/2018
750,Ariel,Gamell,agamellkt@businessweek.com,Male,3/2/2018
751,Gran,Wyldbore,gwyldboreku@google.ru,Male,5/1/2018
752,Amitie,Sagrott,asagrottkv@admin.ch,Female,12/17/2017
753,Pauletta,Maidstone,pmaidstonekw@washington.edu,Female,6/4/2018
754,Danica,Blachford,dblachfordkx@columbia.edu,Female,7/22/2018
755,Stavro,Leport,sleportky@netscape.com,Male,2/26/2018
756,Keary,Molnar,kmolnarkz@altervista.org,Male,8/18/2018
757,Larisa,Whiteside,lwhitesidel0@google.co.jp,Female,6/29/2018
758,Coral,Hansie,chansiel1@amazonaws.com,Female,8/7/2018
759,Lalo,Moiser,lmoiserl2@disqus.com,Male,2/3/2018
760,Suzanna,Hallgath,shallgathl3@lycos.com,Female,3/31/2018
761,Jess,Solleme,jsollemel4@noaa.gov,Male,2/1/2018
762,Harmonia,Olenin,holeninl5@typepad.com,Female,8/3/2018
763,Warden,Vivyan,wvivyanl6@hostgator.com,Male,9/12/2018
764,Meridith,Spain,mspainl7@1688.com,Female,3/31/2018
765,Olenolin,Hallaways,ohallawaysl8@artisteer.com,Male,8/20/2018
766,Ingaborg,Fresson,ifressonl9@goodreads.com,Female,4/7/2018
767,Josiah,Tweddle,jtweddlela@jigsy.com,Male,1/8/2018
768,Quincey,Petroselli,qpetrosellilb@wordpress.org,Male,7/14/2018
769,Shirline,Scotchford,sscotchfordlc@uol.com.br,Female,8/8/2018
770,Tammie,Kid,tkidld@nhs.uk,Female,11/16/2018
771,Jean,Jeanenet,jjeanenetle@mayoclinic.com,Male,4/19/2018
772,Silvano,Leiden,sleidenlf@flickr.com,Male,6/5/2018
773,Susi,Cham,schamlg@msu.edu,Female,10/30/2018
774,Seth,Maidens,smaidenslh@xing.com,Male,8/3/2018
775,Upton,Kleinhausen,ukleinhausenli@china.com.cn,Male,8/25/2018
776,Jacinta,Falk,jfalklj@imgur.com,Female,1/31/2018
777,Shanon,Nicholas,snicholaslk@cmu.edu,Female,6/1/2018
778,Lucille,Bartunek,lbartunekll@purevolume.com,Female,2/17/2018
779,Mathias,Edscer,medscerlm@imdb.com,Male,11/12/2018
780,Sarge,Duigan,sduiganln@elpais.com,Male,10/29/2018
781,Zebedee,Romei,zromeilo@comsenz.com,Male,10/5/2018
782,Alexandre,Wigg,awigglp@utexas.edu,Male,3/28/2018
783,Shepherd,Bladge,sbladgelq@icio.us,Male,6/21/2018
784,Allen,Kentwell,akentwelllr@godaddy.com,Male,8/23/2018
785,Henryetta,Sayre,hsayrels@imdb.com,Female,9/4/2018
786,Fey,Fullick,ffullicklt@blogger.com,Female,6/30/2018
787,Dinah,Codner,dcodnerlu@privacy.gov.au,Female,2/16/2018
788,Nelly,Tallboy,ntallboylv@mit.edu,Female,12/3/2018
789,Morganica,Keeble,mkeeblelw@sohu.com,Female,9/5/2018
790,Roth,Dopson,rdopsonlx@wikimedia.org,Male,7/30/2018
791,Harv,Choldcroft,hcholdcroftly@pagesperso-orange.fr,Male,2/17/2018
792,Marina,Beumant,mbeumantlz@oaic.gov.au,Female,1/19/2018
793,Rivi,Cawcutt,rcawcuttm0@oaic.gov.au,Female,6/29/2018
794,Sheilakathryn,Berndt,sberndtm1@sfgate.com,Female,9/22/2018
795,Sloan,Ovendale,sovendalem2@topsy.com,Male,12/30/2017
796,Sherrie,McKag,smckagm3@yelp.com,Female,2/21/2018
797,Yule,Attwell,yattwellm4@opensource.org,Male,12/29/2017
798,Ann-marie,MacNeilage,amacneilagem5@dagondesign.com,Female,10/20/2018
799,Matteo,Lockier,mlockierm6@twitpic.com,Male,1/14/2018
800,Orly,Tweedy,otweedym7@ocn.ne.jp,Female,11/30/2018
801,Claudetta,Gerran,cgerranm8@wikia.com,Female,6/3/2018
802,Torrence,Gorriessen,tgorriessenm9@spotify.com,Male,7/20/2018
803,Amalle,Teese,ateesema@gizmodo.com,Female,6/20/2018
804,Silvia,Keneforde,skenefordemb@photobucket.com,Female,1/6/2018
805,Darya,Dik,ddikmc@gnu.org,Female,10/3/2018
806,Darb,Stuckow,dstuckowmd@jugem.jp,Female,12/20/2017
807,Claire,Brogioni,cbrogionime@salon.com,Male,2/19/2018
808,Jeremiah,McGirl,jmcgirlmf@twitter.com,Male,5/21/2018
809,Frasier,Espy,fespymg@walmart.com,Male,9/21/2018
810,Stacie,Pitkethly,spitkethlymh@forbes.com,Female,11/23/2018
811,Pet,Martlew,pmartlewmi@narod.ru,Female,6/10/2018
812,Viole,Maus,vmausmj@sfgate.com,Female,7/7/2018
813,Spenser,Cato,scatomk@spotify.com,Male,9/1/2018
814,Artemas,Kryszka,akryszkaml@home.pl,Male,4/7/2018
815,Michale,Trase,mtrasemm@bizjournals.com,Male,3/4/2018
816,Jodee,Comrie,jcomriemn@ftc.gov,Female,11/4/2018
817,Shell,Vince,svincemo@theglobeandmail.com,Male,6/30/2018
818,Gianina,Le Marchand,glemarchandmp@sfgate.com,Female,1/15/2018
819,Latisha,Bellord,lbellordmq@guardian.co.uk,Female,2/3/2018
820,Gianni,Costock,gcostockmr@fastcompany.com,Male,8/13/2018
821,Melloney,Yosifov,myosifovms@surveymonkey.com,Female,12/22/2017
822,Adi,Fergie,afergiemt@nsw.gov.au,Female,7/29/2018
823,Kippy,Egdal,kegdalmu@joomla.org,Female,2/25/2018
824,Edie,Torbett,etorbettmv@discovery.com,Female,12/22/2017
825,Mavra,Diperaus,mdiperausmw@cbsnews.com,Female,10/3/2018
826,Tresa,Skevington,tskevingtonmx@businessweek.com,Female,7/25/2018
827,Shep,Sheddan,ssheddanmy@google.ru,Male,5/17/2018
828,Edmon,Starbuck,estarbuckmz@joomla.org,Male,12/23/2017
829,Lisa,Chugg,lchuggn0@drupal.org,Female,6/20/2018
830,Bruis,Dyer,bdyern1@wikimedia.org,Male,10/10/2018
831,Ivett,Maton,imatonn2@cdbaby.com,Female,12/12/2017
832,Nickolai,Scates,nscatesn3@google.ca,Male,8/2/2018
833,Ayn,Gibben,agibbenn4@redcross.org,Female,9/11/2018
834,Abeu,Lichfield,alichfieldn5@businessweek.com,Male,8/17/2018
835,Joya,Lidster,jlidstern6@earthlink.net,Female,5/31/2018
836,Emily,Tuerena,etuerenan7@reverbnation.com,Female,9/1/2018
837,Derk,Tape,dtapen8@tamu.edu,Male,1/5/2018
838,Em,Wiseman,ewisemann9@51.la,Female,9/2/2018
839,Sayres,Bramah,sbramahna@w3.org,Male,6/18/2018
840,Courtney,Harms,charmsnb@google.es,Male,1/8/2018
841,Tiff,Chiplen,tchiplennc@hao123.com,Female,1/11/2018
842,Giffie,Crosscombe,gcrosscombend@freewebs.com,Male,5/1/2018
843,Dianemarie,Clissold,dclissoldne@businessinsider.com,Female,5/19/2018
844,Hamlen,Stockdale,hstockdalenf@abc.net.au,Male,10/1/2018
845,Lynn,Baser,lbaserng@yale.edu,Male,3/29/2018
846,Josephina,Hattam,jhattamnh@flickr.com,Female,3/23/2018
847,Ewart,Sirl,esirlni@intel.com,Male,7/22/2018
848,Chrissy,Bargh,cbarghnj@dagondesign.com,Male,1/23/2018
849,Tova,Burvill,tburvillnk@sbwire.com,Female,5/5/2018
850,Ginni,Oaker,goakernl@google.ru,Female,8/4/2018
851,Deina,Ofen,dofennm@digg.com,Female,2/1/2018
852,Darell,Yewen,dyewennn@tumblr.com,Female,7/1/2018
853,Jade,MacHoste,jmachosteno@oracle.com,Female,8/11/2018
854,Ingemar,Sabey,isabeynp@uol.com.br,Male,7/8/2018
855,Rennie,Corselles,rcorsellesnq@hatena.ne.jp,Female,10/7/2018
856,Berri,Scantlebury,bscantleburynr@earthlink.net,Female,8/2/2018
857,Sanders,Augustin,saugustinns@wordpress.org,Male,4/5/2018
858,Jaquelyn,Bussetti,jbussettint@hao123.com,Female,2/18/2018
859,Monte,Albasini,malbasininu@spiegel.de,Male,3/4/2018
860,Lexy,Heugle,lheuglenv@nytimes.com,Female,1/17/2018
861,Rebecka,Pedri,rpedrinw@multiply.com,Female,2/17/2018
862,Sheelagh,Kerrigan,skerrigannx@pinterest.com,Female,12/25/2017
863,Borg,Pesik,bpesikny@msn.com,Male,1/17/2018
864,Ursa,Van den Oord,uvandenoordnz@dyndns.org,Female,6/2/2018
865,Rosco,Sheards,rsheardso0@toplist.cz,Male,11/11/2018
866,Torrance,Kmietsch,tkmietscho1@walmart.com,Male,10/13/2018
867,Ethyl,Greenland,egreenlando2@huffingtonpost.com,Female,2/3/2018
868,Dinah,Marthen,dmartheno3@youku.com,Female,2/28/2018
869,Dore,Bottomore,dbottomoreo4@skype.com,Female,9/16/2018
870,Ida,Rennebeck,irennebecko5@multiply.com,Female,7/25/2018
871,Conni,Harefoot,charefooto6@cornell.edu,Female,5/14/2018
872,Lila,Losano,llosanoo7@lycos.com,Female,3/4/2018
873,Davis,Brockett,dbrocketto8@theguardian.com,Male,1/8/2018
874,Carley,Di Biagio,cdibiagioo9@yandex.ru,Female,1/1/2018
875,Tobe,Duffan,tduffanoa@stanford.edu,Female,7/3/2018
876,Jemie,Silverston,jsilverstonob@slate.com,Female,6/20/2018
877,Louis,Jiroutek,ljiroutekoc@netvibes.com,Male,5/7/2018
878,Gail,Tunder,gtunderod@yandex.ru,Female,3/2/2018
879,Malvina,Witton,mwittonoe@timesonline.co.uk,Female,1/6/2018
880,Frayda,Bolino,fbolinoof@imgur.com,Female,12/29/2017
881,Paola,Herity,pherityog@netvibes.com,Female,3/8/2018
882,Sharai,Thorneywork,sthorneyworkoh@hostgator.com,Female,11/6/2018
883,Kissiah,Baines,kbainesoi@google.co.jp,Female,9/27/2018
884,Barri,Kennet,bkennetoj@dailymotion.com,Male,9/8/2018
885,Atlante,Been,abeenok@spiegel.de,Female,2/11/2018
886,Anna-maria,Greenstead,agreensteadol@about.me,Female,6/1/2018
887,Emmey,Moston,emostonom@elegantthemes.com,Female,3/18/2018
888,Brade,McVitty,bmcvittyon@ca.gov,Male,12/31/2017
889,Sanson,Olechnowicz,solechnowiczoo@samsung.com,Male,4/1/2018
890,Ermengarde,Filchakov,efilchakovop@marriott.com,Female,5/14/2018
891,Eugenius,Rogez,erogezoq@hc360.com,Male,3/9/2018
892,Welbie,Coppin,wcoppinor@earthlink.net,Male,2/1/2018
893,Sholom,Mapledoore,smapledooreos@fda.gov,Male,5/13/2018
894,Cobbie,Liffey,cliffeyot@blog.com,Male,3/15/2018
895,Reggie,Gherardi,rgherardiou@ovh.net,Male,11/11/2018
896,Gerianne,Peskett,gpeskettov@pinterest.com,Female,4/23/2018
897,Alleyn,Arnault,aarnaultow@e-recht24.de,Male,3/1/2018
898,Dalt,Beincken,dbeinckenox@free.fr,Male,8/14/2018
899,Conni,Waby,cwabyoy@telegraph.co.uk,Female,9/2/2018
900,Trish,Scole,tscoleoz@csmonitor.com,Female,2/4/2018
901,Arleen,Dumbar,adumbarp0@businesswire.com,Female,9/23/2018
902,Arabele,Curteis,acurteisp1@cisco.com,Female,10/2/2018
903,Nara,Hesey,nheseyp2@free.fr,Female,11/24/2018
904,Eleonore,Wilcockes,ewilcockesp3@spiegel.de,Female,8/23/2018
905,Katheryn,Spensley,kspensleyp4@zdnet.com,Female,8/26/2018
906,Patrizia,Sherrocks,psherrocksp5@mozilla.org,Female,11/5/2018
907,Leesa,Noye,lnoyep6@vimeo.com,Female,3/12/2018
908,Yovonnda,Sutherington,ysutheringtonp7@fc2.com,Female,9/14/2018
909,Ilario,Mawman,imawmanp8@hc360.com,Male,12/17/2017
910,Bernardina,Mattioli,bmattiolip9@berkeley.edu,Female,10/12/2018
911,Loise,Ivanichev,livanichevpa@tumblr.com,Female,4/1/2018
912,Juliana,Caldroni,jcaldronipb@dot.gov,Female,12/4/2018
913,Wash,Allsobrook,wallsobrookpc@state.gov,Male,4/21/2018
914,Elly,Lamba,elambapd@shutterfly.com,Female,5/11/2018
915,Shaw,Zanre,szanrepe@bbb.org,Male,1/15/2018
916,Lynda,Olczak,lolczakpf@skyrock.com,Female,12/2/2018
917,Thedrick,Jopp,tjopppg@soup.io,Male,6/25/2018
918,Asa,Parlet,aparletph@t.co,Male,12/19/2017
919,Grissel,Dickins,gdickinspi@chronoengine.com,Female,1/8/2018
920,Amata,Smeeth,asmeethpj@globo.com,Female,11/19/2018
921,Ileana,Bliven,iblivenpk@si.edu,Female,6/27/2018
922,Bamby,Haydn,bhaydnpl@people.com.cn,Female,11/24/2018
923,Maurise,Linne,mlinnepm@theatlantic.com,Male,8/19/2018
924,Malina,Lesly,mleslypn@wikipedia.org,Female,1/26/2018
925,Josephina,Burry,jburrypo@homestead.com,Female,1/27/2018
926,Brnaba,Vegas,bvegaspp@tuttocitta.it,Male,8/25/2018
927,Ashlie,Diddams,adiddamspq@springer.com,Female,3/2/2018
928,Stillmann,Leward,slewardpr@loc.gov,Male,3/6/2018
929,Chiarra,Craghead,ccragheadps@about.me,Female,12/17/2017
930,Tammy,Kean,tkeanpt@clickbank.net,Male,6/28/2018
931,Chloris,Winkle,cwinklepu@pen.io,Female,3/15/2018
932,Salmon,Titmus,stitmuspv@blog.com,Male,9/5/2018
933,Ailbert,Jeannel,ajeannelpw@ucoz.com,Male,9/2/2018
934,Chuck,Kidsley,ckidsleypx@histats.com,Male,1/2/2018
935,Cristin,Nordass,cnordasspy@xing.com,Female,11/27/2018
936,Mariana,Stoppard,mstoppardpz@bigcartel.com,Female,8/27/2018
937,Jordanna,Van Rembrandt,jvanrembrandtq0@reference.com,Female,5/31/2018
938,Cyndi,Bull,cbullq1@samsung.com,Female,1/7/2018
939,Robert,McCane,rmccaneq2@opera.com,Male,12/7/2018
940,Olva,Millam,omillamq3@usgs.gov,Female,12/22/2017
941,Belva,Hinkley,bhinkleyq4@angelfire.com,Female,9/19/2018
942,Abraham,Hartrick,ahartrickq5@csmonitor.com,Male,1/12/2018
943,Johnnie,Karran,jkarranq6@pagesperso-orange.fr,Male,5/7/2018
944,Julieta,Gauvain,jgauvainq7@yandex.ru,Female,12/23/2017
945,Alf,Bulluck,abulluckq8@economist.com,Male,1/17/2018
946,Siana,Veronique,sveroniqueq9@eventbrite.com,Female,6/12/2018
947,Jenna,Rospars,jrosparsqa@clickbank.net,Female,5/23/2018
948,Gabie,Kleingrub,gkleingrubqb@dagondesign.com,Female,12/12/2017
949,Broderick,covino,bcovinoqc@mozilla.com,Male,1/16/2018
950,Wilhelmina,Gawkes,wgawkesqd@blogspot.com,Female,12/15/2017
951,Gertrudis,Hatrey,ghatreyqe@cnn.com,Female,1/10/2018
952,Griffie,Drynan,gdrynanqf@si.edu,Male,12/21/2017
953,Ginni,McIndrew,gmcindrewqg@house.gov,Female,4/29/2018
954,Lissie,Nyles,lnylesqh@hao123.com,Female,5/31/2018
955,Ernestus,Kiggel,ekiggelqi@webnode.com,Male,7/25/2018
956,Holt,Tolemache,htolemacheqj@ebay.com,Male,1/5/2018
957,Montague,Trenam,mtrenamqk@sina.com.cn,Male,8/13/2018
958,Myron,Comolli,mcomolliql@mysql.com,Male,11/14/2018
959,Archibold,Pothergill,apothergillqm@hatena.ne.jp,Male,10/16/2018
960,Randi,Sibary,rsibaryqn@businessinsider.com,Male,8/4/2018
961,Olav,Rottery,orotteryqo@sfgate.com,Male,6/4/2018
962,Jo ann,Bardell,jbardellqp@nhs.uk,Female,8/25/2018
963,Bear,Dellit,bdellitqq@istockphoto.com,Male,12/5/2018
964,Nannie,Lammertz,nlammertzqr@google.de,Female,10/14/2018
965,Bealle,Bourley,bbourleyqs@eepurl.com,Male,5/5/2018
966,Shurwood,Elphee,selpheeqt@discuz.net,Male,7/20/2018
967,Florencia,Durward,fdurwardqu@reverbnation.com,Female,10/5/2018
968,Ramsay,Blumson,rblumsonqv@tmall.com,Male,6/14/2018
969,Grover,Whitemarsh,gwhitemarshqw@noaa.gov,Male,6/25/2018
970,Chandra,Boutcher,cboutcherqx@alibaba.com,Female,5/15/2018
971,Nada,Merwe,nmerweqy@msu.edu,Female,5/10/2018
972,Lenard,McLachlan,lmclachlanqz@i2i.jp,Male,7/3/2018
973,Bronnie,Cowwell,bcowwellr0@utexas.edu,Male,2/20/2018
974,Georgeanna,Dyte,gdyter1@chron.com,Female,12/19/2017
975,Charis,Drysdall,cdrysdallr2@umn.edu,Female,9/15/2018
976,Sydelle,Hartas,shartasr3@constantcontact.com,Female,6/11/2018
977,Krispin,O'Conor,koconorr4@samsung.com,Male,5/30/2018
978,Aksel,Bougourd,abougourdr5@yelp.com,Male,10/26/2018
979,Geralda,Pardue,gparduer6@miitbeian.gov.cn,Female,12/8/2018
980,Henryetta,Scholling,hschollingr7@apple.com,Female,10/6/2018
981,Dniren,Glowach,dglowachr8@aboutads.info,Female,3/2/2018
982,Kevina,Clark,kclarkr9@alexa.com,Female,3/2/2018
983,Samson,Carvil,scarvilra@flavors.me,Male,8/12/2018
984,Gerta,Tebbs,gtebbsrb@npr.org,Female,8/17/2018
985,Edy,Carletto,ecarlettorc@addtoany.com,Female,10/31/2018
986,Camella,McQuaid,cmcquaidrd@biblegateway.com,Female,12/4/2018
987,Malena,Beecroft,mbeecroftre@va.gov,Female,1/26/2018
988,Danni,Buddington,dbuddingtonrf@cargocollective.com,Female,1/13/2018
989,Bald,Lawman,blawmanrg@lulu.com,Male,12/13/2017
990,Moises,Gepp,mgepprh@imageshack.us,Male,5/16/2018
991,Anselm,Van den Hof,avandenhofri@woothemes.com,Male,5/2/2018
992,Moe,Myrick,mmyrickrj@symantec.com,Male,4/15/2018
993,Estrellita,McKay,emckayrk@google.ru,Female,12/28/2017
994,Elladine,Popov,epopovrl@hud.gov,Female,2/17/2018
995,Quinlan,Ahlin,qahlinrm@usatoday.com,Male,12/17/2017
996,Myer,Troughton,mtroughtonrn@vkontakte.ru,Male,2/18/2018
997,Ariella,Gronw,agronwro@google.com,Female,5/21/2018
998,Nerty,Langhorn,nlanghornrp@networkadvertising.org,Female,4/13/2018
999,Adriana,Southall,asouthallrq@flickr.com,Female,6/18/2018
1000,Ardith,Luce,alucerr@sitemeter.com,Female,3/13/2018
