id,first_name,last_name,email,gender,birth_date
1,Hurleigh,Ygoe,hygoe0@tinypic.com,Male,6/20/2018
2,Emlynne,Armstrong,earmstrong1@bloglines.com,Female,5/19/2018
3,Dagny,Shackleford,dshackleford2@spotify.com,Male,6/28/2018
4,Mari,McNickle,mmcnickle3@uiuc.edu,Female,9/4/2018
5,Nathaniel,De Paoli,ndepaoli4@techcrunch.com,Male,3/2/2018
6,Jedd,Tieman,jtieman5@nydailynews.com,Male,3/4/2018
7,Celene,Goakes,cgoakes6@google.de,Female,3/6/2018
8,Evvie,Yukhnevich,eyukhnevich7@moonfruit.com,Female,2/24/2018
9,Shermy,Parsley,sparsley8@blogspot.com,Male,6/26/2018
10,Cayla,Siggin,csiggin9@nydailynews.com,Female,12/19/2017
11,Silvano,Digg,sdigga@google.co.jp,Male,1/31/2018
12,Pattin,Windross,pwindrossb@cdbaby.com,Male,12/16/2017
13,Gusti,Brogioni,gbrogionic@oaic.gov.au,Female,3/27/2018
14,Cathy,Cussen,ccussend@weibo.com,Female,7/24/2018
15,Elbert,Bathow,ebathowe@feedburner.com,Male,3/31/2018
16,Lyda,Aiton,laitonf@discovery.com,Female,10/18/2018
17,Meredith,Tunnicliffe,mtunnicliffeg@list-manage.com,Female,3/27/2018
18,Eimile,Tilney,etilneyh@statcounter.com,Female,1/16/2018
19,Raina,Larcombe,rlarcombei@dyndns.org,Female,6/5/2018
20,Angelico,Peche,apechej@adobe.com,Male,3/24/2018
21,Lionello,Acock,lacockk@comcast.net,Male,3/15/2018
22,Martguerita,Yorath,myorathl@hhs.gov,Female,1/22/2018
23,Berti,Dziwisz,bdziwiszm@chronoengine.com,Male,12/13/2017
24,Kerry,Skurm,kskurmn@ucsd.edu,Male,12/27/2017
25,Beverlie,Drynan,bdrynano@cam.ac.uk,Female,1/26/2018
26,Niko,Valentine,nvalentinep@blinklist.com,Male,3/21/2018
27,Hillery,Loadman,hloadmanq@skyrock.com,Male,10/5/2018
28,Cody,Rye,cryer@seattletimes.com,Male,4/17/2018
29,Kacy,Havercroft,khavercrofts@nih.gov,Female,10/14/2018
30,Gay,Garraway,ggarrawayt@ifeng.com,Male,8/29/2018
31,Nikolaos,Overill,noverillu@ifeng.com,Male,11/21/2018
32,Prentiss,Gelletly,pgelletlyv@goo.ne.jp,Male,11/10/2018
33,Brantley,Scneider,bscneiderw@samsung.com,Male,8/8/2018
34,Gustavo,Zambonini,gzamboninix@salon.com,Male,5/10/2018
35,Maxim,Ovendon,movendony@hhs.gov,Male,4/6/2018
36,Mirna,Rice,mricez@twitter.com,Female,9/1/2018
37,Brigitte,Denley,bdenley10@dagondesign.com,Female,4/28/2018
38,Felipe,McCrackem,fmccrackem11@comcast.net,Male,12/2/2018
39,Iolande,Sliney,isliney12@xinhuanet.com,Female,3/18/2018
40,Lynn,Ravenhills,lravenhills13@examiner.com,Male,2/9/2018
41,Lorin,Durban,ldurban14@vistaprint.com,Male,12/15/2017
42,Quinton,Tague,qtague15@wiley.com,Male,10/17/2018
43,Henrik,Clipsham,hclipsham16@shutterfly.com,Male,3/7/2018
44,Ariel,Grogor,agrogor17@nsw.gov.au,Female,9/16/2018
45,Elaina,Dyerson,edyerson18@furl.net,Female,11/12/2018
46,Harmonia,Dalgarno,hdalgarno19@fema.gov,Female,4/7/2018
47,Morgen,Loidl,mloidl1a@cmu.edu,Female,6/25/2018
48,Riane,Newland,rnewland1b@elpais.com,Female,10/4/2018
49,Sara,Leamy,sleamy1c@shinystat.com,Female,10/21/2018
50,Osbourne,Josifovic,ojosifovic1d@barnesandnoble.com,Male,5/28/2018
51,Jo-anne,De Gregario,jdegregario1e@weibo.com,Female,9/9/2018
52,Cull,Vedenyakin,cvedenyakin1f@cpanel.net,Male,5/8/2018
53,Elenore,Gamage,egamage1g@amazon.de,Female,2/17/2018
54,Shir,Bubb,sbubb1h@shutterfly.com,Female,11/30/2018
55,Alissa,Tinn,atinn1i@last.fm,Female,1/11/2018
56,Craggie,Assante,cassante1j@ucsd.edu,Male,10/5/2018
57,Worth,Heatley,wheatley1k@vistaprint.com,Male,10/27/2018
58,Eachelle,McGavigan,emcgavigan1l@cocolog-nifty.com,Female,12/21/2017
59,Lonnard,Selby,lselby1m@wired.com,Male,1/17/2018
60,Keven,Hamshar,khamshar1n@purevolume.com,Male,6/24/2018
61,Emmalynne,Garz,egarz1o@themeforest.net,Female,6/6/2018
62,Taffy,John,tjohn1p@fastcompany.com,Female,2/17/2018
63,Jill,Scougal,jscougal1q@scientificamerican.com,Female,4/25/2018
64,Sonny,Bradburn,sbradburn1r@bloglines.com,Male,10/26/2018
65,Margaux,Cubbini,mcubbini1s@huffingtonpost.com,Female,5/29/2018
66,Nicolas,Haydock,nhaydock1t@qq.com,Male,2/8/2018
67,Burlie,Menico,bmenico1u@usnews.com,Male,12/8/2018
68,Grace,Abramowsky,gabramowsky1v@hexun.com,Female,8/10/2018
69,Clare,Leate,cleate1w@archive.org,Male,12/1/2018
70,Camile,Gwilliams,cgwilliams1x@yelp.com,Female,4/30/2018
71,Nefen,Lemasney,nlemasney1y@eventbrite.com,Male,6/5/2018
72,Cassey,Scollan,cscollan1z@icq.com,Female,2/11/2018
73,Elton,Rhydderch,erhydderch20@hp.com,Male,2/16/2018
74,Mischa,Darnborough,mdarnborough21@nih.gov,Male,3/30/2018
75,Meriel,Labrenz,mlabrenz22@pcworld.com,Female,10/10/2018
76,Rossie,McGilroy,rmcgilroy23@princeton.edu,Male,12/15/2017
77,Welby,Sheahan,wsheahan24@angelfire.com,Male,1/23/2018
78,Lian,Blogg,lblogg25@scientificamerican.com,Female,3/30/2018
79,Carlo,Walding,cwalding26@whitehouse.gov,Male,4/22/2018
80,Lindie,Python,lpython27@shareasale.com,Female,7/20/2018
81,Hernando,Dreger,hdreger28@dot.gov,Male,12/18/2017
82,Fonzie,Longbottom,flongbottom29@wordpress.org,Male,12/20/2017
83,Ricard,Sword,rsword2a@umich.edu,Male,3/30/2018
84,Deerdre,Cyseley,dcyseley2b@mozilla.com,Female,1/14/2018
85,Ruddie,Cowper,rcowper2c@slideshare.net,Male,10/21/2018
86,Charlean,Soule,csoule2d@blogs.com,Female,7/4/2018
87,Nicolais,Gantzman,ngantzman2e@reverbnation.com,Male,8/11/2018
88,Flori,Showler,fshowler2f@godaddy.com,Female,3/17/2018
89,Mercy,Petrazzi,mpetrazzi2g@edublogs.org,Female,8/11/2018
90,Anne,Coomer,acoomer2h@sciencedirect.com,Female,10/15/2018
91,Orella,Longfield,olongfield2i@ezinearticles.com,Female,11/12/2018
92,Janene,Forshaw,jforshaw2j@abc.net.au,Female,2/16/2018
93,Leonard,Gartside,lgartside2k@gov.uk,Male,2/20/2018
94,Mikel,Bailess,mbailess2l@dedecms.com,Male,11/12/2018
95,Evangelia,Blaxill,eblaxill2m@ed.gov,Female,10/20/2018
96,Giffy,Adriaens,gadriaens2n@phoca.cz,Male,8/16/2018
97,Norene,Goodnow,ngoodnow2o@ucla.edu,Female,6/24/2018
98,Britt,Gantz,bgantz2p@nba.com,Female,11/1/2018
99,Jarrod,Hacaud,jhacaud2q@marketwatch.com,Male,8/3/2018
100,Phil,Kohtler,pkohtler2r@nymag.com,Female,10/15/2018
101,Fredrick,Hulls,fhulls2s@furl.net,Male,2/2/2018
102,Oralia,Stain,ostain2t@adobe.com,Female,2/21/2018
103,Florentia,Ennor,fennor2u@ucla.edu,Female,9/7/2018
104,Winthrop,Hobble,whobble2v@jigsy.com,Male,3/14/2018
105,Kelvin,Gromley,kgromley2w@geocities.com,Male,3/24/2018
106,Edie,Helsby,ehelsby2x@51.la,Female,4/15/2018
107,Zacherie,Ciccoloi,zciccoloi2y@japanpost.jp,Male,6/17/2018
108,Haley,Antrobus,hantrobus2z@samsung.com,Female,8/24/2018
109,Janeczka,Grellis,jgrellis30@hhs.gov,Female,1/2/2018
110,Nicol,Farnham,nfarnham31@printfriendly.com,Male,9/26/2018
111,Maribeth,Jurkowski,mjurkowski32@independent.co.uk,Female,2/26/2018
112,Court,Duffield,cduffield33@princeton.edu,Male,12/1/2018
113,Janeta,Cuerdall,jcuerdall34@exblog.jp,Female,6/6/2018
114,Warren,Cersey,wcersey35@redcross.org,Male,9/15/2018
115,Filide,Giacomazzo,fgiacomazzo36@senate.gov,Female,8/24/2018
116,Luce,Tanti,ltanti37@webs.com,Female,6/19/2018
117,Godfree,Greim,ggreim38@eventbrite.com,Male,10/29/2018
118,Corny,MacCrachen,cmaccrachen39@netlog.com,Female,1/28/2018
119,Vernon,Rawling,vrawling3a@prweb.com,Male,2/7/2018
120,Audrey,Reddish,areddish3b@nasa.gov,Female,4/29/2018
121,Marinna,Bergstrand,mbergstrand3c@weebly.com,Female,9/8/2018
122,Goober,Filochov,gfilochov3d@ezinearticles.com,Male,3/20/2018
123,Giorgia,Bidder,gbidder3e@domainmarket.com,Female,4/22/2018
124,Carlye,Dailly,cdailly3f@phpbb.com,Female,9/27/2018
125,Marnia,Staniford,mstaniford3g@studiopress.com,Female,7/10/2018
126,Darb,Murty,dmurty3h@xinhuanet.com,Male,9/24/2018
127,Thain,Beaufoy,tbeaufoy3i@moonfruit.com,Male,9/22/2018
128,Wilone,Sworder,wsworder3j@google.co.jp,Female,3/23/2018
129,Wade,De Stoop,wdestoop3k@soundcloud.com,Male,3/8/2018
130,Estella,Abadam,eabadam3l@netlog.com,Female,8/17/2018
131,Sig,Devereux,sdevereux3m@technorati.com,Male,10/21/2018
132,Judas,Pennings,jpennings3n@cbc.ca,Male,9/21/2018
133,Peadar,Szabo,pszabo3o@ucoz.ru,Male,1/28/2018
134,Monica,Morrilly,mmorrilly3p@twitpic.com,Female,1/22/2018
135,Mitchael,Kiddle,mkiddle3q@oakley.com,Male,1/17/2018
136,Decca,Cherrie,dcherrie3r@wikimedia.org,Male,8/19/2018
137,Waly,Maclean,wmaclean3s@upenn.edu,Female,10/23/2018
138,Loleta,Plumptre,lplumptre3t@jigsy.com,Female,11/3/2018
139,Ashlen,Edling,aedling3u@rakuten.co.jp,Female,9/27/2018
140,Amelie,Hamshar,ahamshar3v@devhub.com,Female,3/16/2018
141,Brittni,Sizeland,bsizeland3w@youtube.com,Female,8/12/2018
142,Laurette,Debell,ldebell3x@netlog.com,Female,3/11/2018
143,Timothee,Mitchall,tmitchall3y@princeton.edu,Male,5/17/2018
144,Val,Fairhead,vfairhead3z@jalbum.net,Male,1/15/2018
145,Karly,Kimberly,kkimberly40@ihg.com,Female,4/11/2018
146,Huntington,Arnett,harnett41@oaic.gov.au,Male,1/20/2018
147,Hannie,Mingaud,hmingaud42@sbwire.com,Female,2/4/2018
148,Ivett,Brooksbie,ibrooksbie43@blinklist.com,Female,11/4/2018
149,Agneta,Merigon,amerigon44@uol.com.br,Female,6/3/2018
150,Matthew,Malt,mmalt45@imgur.com,Male,5/2/2018
151,Micaela,Chavrin,mchavrin46@360.cn,Female,9/21/2018
152,Sammie,Marielle,smarielle47@posterous.com,Male,4/22/2018
153,Ernaline,Connar,econnar48@amazon.co.uk,Female,8/31/2018
154,Constancia,McKeever,cmckeever49@google.es,Female,2/17/2018
155,Grazia,Hutchison,ghutchison4a@loc.gov,Female,1/30/2018
156,Lenna,Enrrico,lenrrico4b@tiny.cc,Female,8/8/2018
157,Kilian,Brockhurst,kbrockhurst4c@quantcast.com,Male,6/24/2018
158,Willie,MacCroary,wmaccroary4d@hugedomains.com,Male,3/31/2018
159,Dwain,Haughin,dhaughin4e@shinystat.com,Male,1/9/2018
160,Jeri,Shoosmith,jshoosmith4f@arstechnica.com,Female,3/27/2018
161,Irene,Caudell,icaudell4g@biblegateway.com,Female,6/26/2018
162,Berti,Celle,bcelle4h@intel.com,Female,7/25/2018
163,Melba,Berns,mberns4i@mysql.com,Female,6/28/2018
164,Lynette,Shiers,lshiers4j@tmall.com,Female,9/28/2018
165,Cirstoforo,Gain,cgain4k@patch.com,Male,9/8/2018
166,Garfield,Stockhill,gstockhill4l@yelp.com,Male,9/21/2018
167,Lek,Tegeller,ltegeller4m@dailymotion.com,Male,7/7/2018
168,Chrisy,Fields,cfields4n@hibu.com,Male,8/13/2018
169,Madelyn,Stebbins,mstebbins4o@mayoclinic.com,Female,2/2/2018
170,Craggy,Harcourt,charcourt4p@e-recht24.de,Male,5/22/2018
171,Reilly,Perren,rperren4q@pcworld.com,Male,2/3/2018
172,Humfrey,Forryan,hforryan4r@clickbank.net,Male,4/15/2018
173,Mead,Feather,mfeather4s@about.com,Male,1/1/2018
174,Wenonah,Lacey,wlacey4t@hibu.com,Female,9/9/2018
175,Domenico,Tew,dtew4u@washington.edu,Male,8/19/2018
176,Culver,Brigham,cbrigham4v@livejournal.com,Male,5/2/2018
177,Binnie,Dysart,bdysart4w@apple.com,Female,9/18/2018
178,Morgen,Franschini,mfranschini4x@webnode.com,Male,10/13/2018
179,Felita,Blei,fblei4y@google.com,Female,11/9/2018
180,Corey,Clacson,cclacson4z@pbs.org,Female,5/4/2018
181,Rochette,Fussen,rfussen50@hud.gov,Female,10/23/2018
182,Feodora,Fanshaw,ffanshaw51@cdc.gov,Female,12/25/2017
183,Desdemona,Brunon,dbrunon52@gmpg.org,Female,5/14/2018
184,Winfred,Honniebal,whonniebal53@newyorker.com,Male,12/1/2018
185,Darline,Brailey,dbrailey54@chronoengine.com,Female,1/28/2018
186,Merrill,Coopman,mcoopman55@zdnet.com,Female,1/4/2018
187,Andreas,Vooght,avooght56@nsw.gov.au,Male,6/26/2018
188,Danya,Berling,dberling57@github.com,Male,1/4/2018
189,Danita,Hark,dhark58@wikipedia.org,Female,11/13/2018
190,Bernard,Gabbat,bgabbat59@typepad.com,Male,8/10/2018
191,Reid,Fleeman,rfleeman5a@seattletimes.com,Male,6/23/2018
192,Stephan,Mueller,smueller5b@jugem.jp,Male,8/3/2018
193,Nehemiah,Filer,nfiler5c@mlb.com,Male,5/10/2018
194,Carilyn,Bidewell,cbidewell5d@unesco.org,Female,6/26/2018
195,Sigfrid,Armsden,sarmsden5e@macromedia.com,Male,4/21/2018
196,Sibel,Quennell,squennell5f@imageshack.us,Female,9/8/2018
197,Gabriella,Thaine,gthaine5g@weather.com,Female,10/25/2018
198,Hurleigh,Dowdeswell,hdowdeswell5h@typepad.com,Male,8/2/2018
199,Brigham,Berks,bberks5i@japanpost.jp,Male,10/17/2018
200,Netta,Seal,nseal5j@pen.io,Female,9/25/2018
201,Donia,Aldersley,daldersley5k@smugmug.com,Female,3/16/2018
202,Vyky,Madgewick,vmadgewick5l@google.it,Female,3/2/2018
203,Andriana,Rankine,arankine5m@oaic.gov.au,Female,12/7/2018
204,Obie,Bester,obester5n@posterous.com,Male,10/14/2018
205,Phaedra,Longland,plongland5o@rakuten.co.jp,Female,4/6/2018
206,Franny,O'Heyne,foheyne5p@moonfruit.com,Male,12/3/2018
207,Eal,Linggard,elinggard5q@abc.net.au,Male,5/28/2018
208,Karlotte,Bienvenu,kbienvenu5r@home.pl,Female,10/25/2018
209,Nevin,Moen,nmoen5s@instagram.com,Male,4/18/2018
210,Carmella,Poad,cpoad5t@pen.io,Female,12/19/2017
211,Matthaeus,Taffurelli,mtaffurelli5u@alexa.com,Male,7/11/2018
212,Doralynn,Coffelt,dcoffelt5v@weather.com,Female,9/14/2018
213,Janean,Wadworth,jwadworth5w@nps.gov,Female,10/10/2018
214,Thaine,Castaignet,tcastaignet5x@privacy.gov.au,Male,4/24/2018
215,Donnie,Panks,dpanks5y@odnoklassniki.ru,Male,5/28/2018
216,Leicester,Dollar,ldollar5z@vinaora.com,Male,1/22/2018
217,Cornall,Phillpot,cphillpot60@biblegateway.com,Male,10/8/2018
218,Major,Jacson,mjacson61@theglobeandmail.com,Male,1/18/2018
219,Stu,Nuzzti,snuzzti62@xrea.com,Male,9/27/2018
220,Ellerey,Geering,egeering63@nps.gov,Male,8/17/2018
221,Salem,Rosendale,srosendale64@hugedomains.com,Male,7/18/2018
222,Riki,Carolan,rcarolan65@indiatimes.com,Female,2/3/2018
223,Brena,Scryne,bscryne66@opera.com,Female,12/21/2017
224,Alvie,Lyenyng,alyenyng67@msn.com,Male,4/24/2018
225,Ludovico,Keijser,lkeijser68@blogtalkradio.com,Male,8/13/2018
226,Tabor,Tarpey,ttarpey69@zimbio.com,Male,7/18/2018
227,Kennett,Divill,kdivill6a@jiathis.com,Male,10/14/2018
228,Jenelle,Steinhammer,jsteinhammer6b@gizmodo.com,Female,11/10/2018
229,Laura,Arkle,larkle6c@digg.com,Female,11/6/2018
230,Nonnah,Petrasso,npetrasso6d@clickbank.net,Female,5/3/2018
231,Hortense,Ridley,hridley6e@istockphoto.com,Female,2/7/2018
232,Eziechiele,Manclark,emanclark6f@opensource.org,Male,11/22/2018
233,Jobie,Hess,jhess6g@creativecommons.org,Female,10/23/2018
234,Tannie,Crolly,tcrolly6h@jugem.jp,Male,11/10/2018
235,Arda,Fergusson,afergusson6i@shutterfly.com,Female,4/15/2018
236,Briggs,Climer,bclimer6j@de.vu,Male,11/12/2018
237,Nedi,Thorrold,nthorrold6k@drupal.org,Female,12/18/2017
238,Shepperd,Grushin,sgrushin6l@artisteer.com,Male,2/22/2018
239,Elladine,Coupar,ecoupar6m@walmart.com,Female,4/2/2018
240,Ivory,Thornborrow,ithornborrow6n@usa.gov,Female,7/10/2018
241,Ardyce,Copnar,acopnar6o@opensource.org,Female,9/12/2018
242,Olive,Ayers,oayers6p@tmall.com,Female,6/16/2018
243,Cherianne,Slide,cslide6q@wikispaces.com,Female,9/29/2018
244,Ruddy,Petts,rpetts6r@hhs.gov,Male,6/4/2018
245,Burnaby,Gallienne,bgallienne6s@squarespace.com,Male,2/2/2018
246,Heda,Macvain,hmacvain6t@timesonline.co.uk,Female,12/28/2017
247,Michelle,Bradd,mbradd6u@telegraph.co.uk,Female,3/19/2018
248,Philbert,Pawlick,ppawlick6v@jigsy.com,Male,9/7/2018
249,Florella,Billie,fbillie6w@abc.net.au,Female,9/10/2018
250,Suzette,Craik,scraik6x@a8.net,Female,4/16/2018
251,Jo-ann,McClaughlin,jmcclaughlin6y@hao123.com,Female,12/31/2017
252,Loree,Hegerty,lhegerty6z@behance.net,Female,12/12/2017
253,Dione,Mawer,dmawer70@bigcartel.com,Female,7/31/2018
254,Roi,Vest,rvest71@businesswire.com,Male,2/26/2018
255,Miranda,Lardnar,mlardnar72@rediff.com,Female,2/1/2018
256,Layney,Iddy,liddy73@archive.org,Female,5/16/2018
257,Mel,Cullerne,mcullerne74@hexun.com,Male,7/29/2018
258,Sheela,MattiCCI,smatticci75@posterous.com,Female,8/2/2018
259,Jarred,Welds,jwelds76@csmonitor.com,Male,1/3/2018
260,Dolf,Fisbey,dfisbey77@rambler.ru,Male,8/15/2018
261,Harley,McLinden,hmclinden78@ycombinator.com,Female,10/25/2018
262,Bern,Rand,brand79@webmd.com,Male,2/21/2018
263,Laurianne,Yewdale,lyewdale7a@alibaba.com,Female,9/18/2018
264,Robby,Wick,rwick7b@1und1.de,Female,4/10/2018
265,Ailbert,Nuzzti,anuzzti7c@amazon.co.jp,Male,4/26/2018
266,Vanni,Alves,valves7d@skyrock.com,Female,12/22/2017
267,Hebert,Barter,hbarter7e@squidoo.com,Male,7/18/2018
268,Lars,Ferrarini,lferrarini7f@vistaprint.com,Male,7/5/2018
269,Marjory,Press,mpress7g@e-recht24.de,Female,10/24/2018
270,Ulrica,Barukh,ubarukh7h@hao123.com,Female,5/12/2018
271,Cesya,Anglin,canglin7i@wikipedia.org,Female,4/21/2018
272,Wilmar,Daltrey,wdaltrey7j@domainmarket.com,Male,5/24/2018
273,Chrisse,Blodgetts,cblodgetts7k@163.com,Male,1/1/2018
274,Vaclav,Daymont,vdaymont7l@skype.com,Male,4/14/2018
275,Ravi,Lampitt,rlampitt7m@princeton.edu,Male,2/11/2018
276,Joscelin,Copner,jcopner7n@example.com,Female,12/30/2017
277,Lurleen,Redemile,lredemile7o@vistaprint.com,Female,1/25/2018
278,Carmelina,Geist,cgeist7p@wsj.com,Female,2/5/2018
279,Beatrisa,Grayling,bgrayling7q@mashable.com,Female,11/15/2018
280,Corny,Tucknott,ctucknott7r@dot.gov,Female,3/11/2018
281,Norrie,Prate,nprate7s@uiuc.edu,Male,3/19/2018
282,Mary,Botright,mbotright7t@meetup.com,Female,6/24/2018
283,Ketty,Ebbetts,kebbetts7u@icq.com,Female,6/28/2018
284,Abbye,McCoy,amccoy7v@ucla.edu,Female,2/13/2018
285,Dorri,Kunkler,dkunkler7w@wisc.edu,Female,1/19/2018
286,Land,McGrey,lmcgrey7x@tamu.edu,Male,5/20/2018
287,Judie,Janzen,jjanzen7y@thetimes.co.uk,Female,3/10/2018
288,Mahala,Linay,mlinay7z@topsy.com,Female,4/22/2018
289,Jemmie,Tansey,jtansey80@telegraph.co.uk,Female,1/21/2018
290,My,Roake,mroake81@twitter.com,Male,8/22/2018
291,Daphne,Lobell,dlobell82@hp.com,Female,4/23/2018
292,Jaimie,Yole,jyole83@google.com,Female,10/25/2018
293,Link,Harner,lharner84@google.com,Male,7/30/2018
294,Tannie,Claworth,tclaworth85@taobao.com,Male,10/16/2018
295,Bernardine,Fidgeon,bfidgeon86@privacy.gov.au,Female,8/19/2018
296,Clement,Predohl,cpredohl87@adobe.com,Male,4/18/2018
297,Justis,Woodington,jwoodington88@whitehouse.gov,Male,12/22/2017
298,Beatrix,Readshall,breadshall89@wikispaces.com,Female,6/28/2018
299,Dolorita,Boutcher,dboutcher8a@forbes.com,Female,12/22/2017
300,Alva,Pothecary,apothecary8b@bloglovin.com,Male,4/1/2018
301,Caz,Rivenzon,crivenzon8c@amazon.co.jp,Male,2/22/2018
302,Forrest,Marples,fmarples8d@pcworld.com,Male,11/16/2018
303,Hayward,Eger,heger8e@abc.net.au,Male,6/26/2018
304,Riannon,Goady,rgoady8f@toplist.cz,Female,8/24/2018
305,Carleton,Perrott,cperrott8g@nasa.gov,Male,1/17/2018
306,Brandie,Daile,bdaile8h@usda.gov,Female,7/20/2018
307,Mireielle,Shapero,mshapero8i@shareasale.com,Female,7/5/2018
308,Jehu,Astie,jastie8j@devhub.com,Male,10/27/2018
309,Sloan,Pregel,spregel8k@apple.com,Male,1/6/2018
310,Brita,Blundan,bblundan8l@wikispaces.com,Female,12/17/2017
311,Alick,Golland,agolland8m@sohu.com,Male,8/3/2018
312,Padraig,Lelievre,plelievre8n@rediff.com,Male,12/28/2017
313,Inglis,Remmers,iremmers8o@istockphoto.com,Male,12/8/2018
314,Benedikt,Sargerson,bsargerson8p@spiegel.de,Male,2/19/2018
315,Wyatan,McGucken,wmcgucken8q@amazon.co.jp,Male,9/21/2018
316,Glenden,Heel,gheel8r@ameblo.jp,Male,10/4/2018
317,Carmelia,Benedicte,cbenedicte8s@wikimedia.org,Female,6/21/2018
318,Roi,Illing,rilling8t@homestead.com,Male,2/4/2018
319,Gina,Giovanardi,ggiovanardi8u@sakura.ne.jp,Female,3/10/2018
320,Gardiner,Kynston,gkynston8v@uol.com.br,Male,7/11/2018
321,Bobbe,Cargenven,bcargenven8w@aol.com,Female,11/17/2018
322,Catriona,Beckey,cbeckey8x@bravesites.com,Female,7/15/2018
323,Adan,Fossitt,afossitt8y@cam.ac.uk,Female,10/16/2018
324,Garnet,Ruseworth,gruseworth8z@army.mil,Female,4/30/2018
325,Fremont,Texton,ftexton90@acquirethisname.com,Male,1/8/2018
326,Tulley,MacPaden,tmacpaden91@jugem.jp,Male,2/16/2018
327,Winny,Crosskell,wcrosskell92@themeforest.net,Female,8/24/2018
328,Ursala,Folan,ufolan93@indiegogo.com,Female,10/1/2018
329,Matthieu,Kenaway,mkenaway94@prweb.com,Male,8/16/2018
330,Shayne,Feuell,sfeuell95@discovery.com,Female,9/6/2018
331,Gussie,Lifton,glifton96@infoseek.co.jp,Female,3/15/2018
332,Pia,Matveichev,pmatveichev97@kickstarter.com,Female,7/7/2018
333,Kissiah,Dammarell,kdammarell98@oakley.com,Female,3/28/2018
334,Molli,Rankling,mrankling99@nsw.gov.au,Female,1/3/2018
335,Salomon,O'Gormley,sogormley9a@fema.gov,Male,3/14/2018
336,Siana,Woolner,swoolner9b@diigo.com,Female,7/19/2018
337,Yvor,Idiens,yidiens9c@toplist.cz,Male,9/21/2018
338,Conney,Fulford,cfulford9d@sohu.com,Male,4/8/2018
339,Shelby,Hollows,shollows9e@4shared.com,Male,6/11/2018
340,Hewitt,Housegoe,hhousegoe9f@gizmodo.com,Male,11/22/2018
341,Wrennie,Glazer,wglazer9g@bbc.co.uk,Female,1/21/2018
342,Joane,Bainton,jbainton9h@xing.com,Female,11/10/2018
343,Carolee,Dublin,cdublin9i@google.nl,Female,5/10/2018
344,Codie,Marsh,cmarsh9j@msu.edu,Female,11/17/2018
345,Spenser,Aleksidze,saleksidze9k@fc2.com,Male,7/10/2018
346,Kellen,Quinane,kquinane9l@seesaa.net,Male,12/13/2017
347,Jessica,Ortell,jortell9m@columbia.edu,Female,9/2/2018
348,Aigneis,Goodbody,agoodbody9n@sciencedaily.com,Female,5/22/2018
349,Loleta,Cochern,lcochern9o@who.int,Female,2/5/2018
350,Nana,Froschauer,nfroschauer9p@amazon.com,Female,8/15/2018
351,Marlene,Rumbold,mrumbold9q@kickstarter.com,Female,11/18/2018
352,Ninon,Dockrey,ndockrey9r@tripod.com,Female,10/1/2018
353,Harald,Gaitskill,hgaitskill9s@buzzfeed.com,Male,3/3/2018
354,Sherm,Detoc,sdetoc9t@meetup.com,Male,8/23/2018
355,Elroy,Munslow,emunslow9u@jugem.jp,Male,9/4/2018
356,Chad,Geaveny,cgeaveny9v@slideshare.net,Male,8/24/2018
357,Hurlee,MacLleese,hmaclleese9w@icq.com,Male,10/15/2018
358,Dukie,Morant,dmorant9x@joomla.org,Male,10/29/2018
359,Sarita,Royans,sroyans9y@addthis.com,Female,2/23/2018
360,Jan,Gatty,jgatty9z@chronoengine.com,Male,4/25/2018
361,Boothe,Pfertner,bpfertnera0@gnu.org,Male,7/5/2018
362,Mela,Hansell,mhansella1@topsy.com,Female,4/30/2018
363,Henry,Wrotham,hwrothama2@webs.com,Male,12/31/2017
364,Derron,Blessed,dblesseda3@narod.ru,Male,7/23/2018
365,Ennis,Golland,egollanda4@i2i.jp,Male,6/11/2018
366,Karlie,Ilott,kilotta5@unc.edu,Female,10/12/2018
367,Winslow,Jeratt,wjeratta6@indiatimes.com,Male,7/27/2018
368,Pavel,Osgerby,posgerbya7@jigsy.com,Male,11/3/2018
369,Robinetta,Garford,rgarforda8@hibu.com,Female,7/7/2018
370,Guenna,Hebden,ghebdena9@apache.org,Female,8/2/2018
371,Dara,Gamell,dgamellaa@nasa.gov,Female,6/20/2018
372,Karlene,Jozsef,kjozsefab@ucsd.edu,Female,2/11/2018
373,Alf,McInally,amcinallyac@seattletimes.com,Male,7/13/2018
374,Lemar,Neesam,lneesamad@soup.io,Male,10/6/2018
375,Tandi,O'Duane,toduaneae@eepurl.com,Female,12/20/2017
376,Karolina,O'Bradane,kobradaneaf@qq.com,Female,4/11/2018
377,Franklyn,Lantiffe,flantiffeag@amazon.com,Male,2/3/2018
378,Randall,Cowen,rcowenah@umn.edu,Male,8/28/2018
379,Chloris,Trebilcock,ctrebilcockai@surveymonkey.com,Female,3/4/2018
380,Brit,Sperski,bsperskiaj@dmoz.org,Male,12/1/2018
381,Denice,Ruter,druterak@dyndns.org,Female,5/12/2018
382,Celinka,Cansdale,ccansdaleal@uiuc.edu,Female,8/14/2018
383,Caro,Mammatt,cmammattam@ucoz.com,Female,2/12/2018
384,Travis,Da Costa,tdacostaan@friendfeed.com,Male,5/3/2018
385,Freda,Finlayson,ffinlaysonao@sfgate.com,Female,12/26/2017
386,Goldia,McGaffey,gmcgaffeyap@gravatar.com,Female,10/18/2018
387,Manon,Exposito,mexpositoaq@fc2.com,Female,9/15/2018
388,Philis,Slimon,pslimonar@samsung.com,Female,2/24/2018
389,Reinhold,Seeger,rseegeras@thetimes.co.uk,Male,7/29/2018
390,Amabel,Andrich,aandrichat@arizona.edu,Female,11/23/2018
391,Alva,Quilliam,aquilliamau@is.gd,Male,3/6/2018
392,Rickard,Traves,rtravesav@mail.ru,Male,2/17/2018
393,Hartley,Fullilove,hfulliloveaw@diigo.com,Male,4/3/2018
394,Reiko,Danis,rdanisax@amazonaws.com,Female,5/14/2018
395,Irina,Mellers,imellersay@gov.uk,Female,12/9/2018
396,Lou,Tall,ltallaz@mysql.com,Female,4/24/2018
397,Kai,D'Alesco,kdalescob0@ustream.tv,Female,12/31/2017
398,Kristal,Liversage,kliversageb1@privacy.gov.au,Female,10/15/2018
399,Britt,O'Kinedy,bokinedyb2@hatena.ne.jp,Male,11/7/2018
400,Kimble,Adamovsky,kadamovskyb3@reverbnation.com,Male,5/4/2018
401,Revkah,Biddy,rbiddyb4@mozilla.com,Female,11/18/2018
402,Kailey,Enterlein,kenterleinb5@taobao.com,Female,10/20/2018
403,Javier,Benkin,jbenkinb6@marriott.com,Male,4/25/2018
404,Crosby,Gellion,cgellionb7@cornell.edu,Male,3/24/2018
405,Sioux,Matson,smatsonb8@drupal.org,Female,3/22/2018
406,Minor,Kempshall,mkempshallb9@homestead.com,Male,10/30/2018
407,Brandea,Hanshawe,bhanshaweba@un.org,Female,8/14/2018
408,Simmonds,Truesdale,struesdalebb@dailymail.co.uk,Male,8/12/2018
409,Tully,FitzAlan,tfitzalanbc@infoseek.co.jp,Male,12/15/2017
410,Franchot,Dominiak,fdominiakbd@etsy.com,Male,7/24/2018
411,Marijo,Toffoletto,mtoffolettobe@gizmodo.com,Female,7/19/2018
412,Maryanne,Metterick,mmetterickbf@infoseek.co.jp,Female,5/19/2018
413,Margret,McLorinan,mmclorinanbg@imdb.com,Female,10/10/2018
414,Orazio,Hause,ohausebh@berkeley.edu,Male,5/21/2018
415,Guido,Rape,grapebi@stanford.edu,Male,12/26/2017
416,Urbanus,Goulter,ugoulterbj@indiegogo.com,Male,8/29/2018
417,Maureen,Dewicke,mdewickebk@scientificamerican.com,Female,12/22/2017
418,Abdul,Phin,aphinbl@nymag.com,Male,8/30/2018
419,Horton,Adolfsen,hadolfsenbm@de.vu,Male,9/22/2018
420,Ynes,Gorler,ygorlerbn@typepad.com,Female,5/22/2018
421,Tomasine,Lamport,tlamportbo@ycombinator.com,Female,4/24/2018
422,Yoshiko,Hanley,yhanleybp@tuttocitta.it,Female,11/27/2018
423,Loralie,Bartalot,lbartalotbq@mysql.com,Female,11/20/2018
424,Harley,Harman,hharmanbr@cafepress.com,Male,9/24/2018
425,Paola,Gilbody,pgilbodybs@goodreads.com,Female,3/11/2018
426,Gavrielle,Duddan,gduddanbt@dropbox.com,Female,7/22/2018
427,Tomlin,Dwelley,tdwelleybu@indiatimes.com,Male,1/19/2018
428,Vassily,Titherington,vtitheringtonbv@whitehouse.gov,Male,1/17/2018
429,Gottfried,Fransewich,gfransewichbw@about.me,Male,3/22/2018
430,Jan,Shiel,jshielbx@example.com,Male,2/9/2018
431,Elsworth,Fenimore,efenimoreby@nba.com,Male,12/6/2018
432,Adrea,Padden,apaddenbz@xinhuanet.com,Female,4/25/2018
433,Phillis,Boyne,pboynec0@wp.com,Female,10/1/2018
434,Eduino,Skeldon,eskeldonc1@auda.org.au,Male,11/17/2018
435,Michal,Gilgryst,mgilgrystc2@networkadvertising.org,Male,12/7/2018
436,Virgina,Yitzhok,vyitzhokc3@bravesites.com,Female,6/12/2018
437,Hugo,MacKintosh,hmackintoshc4@skyrock.com,Male,6/4/2018
438,Marla,O'Crotty,mocrottyc5@de.vu,Female,5/22/2018
439,Bastien,Pentony,bpentonyc6@eepurl.com,Male,11/12/2018
440,Dita,Hellyar,dhellyarc7@hhs.gov,Female,7/9/2018
441,Jimmy,Haney,jhaneyc8@latimes.com,Male,10/8/2018
442,Bastian,Shortt,bshorttc9@arizona.edu,Male,2/14/2018
443,Sandro,Neenan,sneenanca@vimeo.com,Male,12/16/2017
444,Adoree,Breche,abrechecb@wunderground.com,Female,11/20/2018
445,Kathlin,Hollibone,khollibonecc@redcross.org,Female,9/11/2018
446,Guenna,Sandiford,gsandifordcd@eventbrite.com,Female,5/5/2018
447,Cesya,Ryves,cryvesce@washington.edu,Female,5/4/2018
448,Shawn,Rogan,srogancf@gov.uk,Male,5/16/2018
449,Wildon,Ecclesall,wecclesallcg@sciencedaily.com,Male,11/18/2018
450,Frankie,Bramley,fbramleych@topsy.com,Male,4/2/2018
451,Lavinie,Rawnsley,lrawnsleyci@china.com.cn,Female,9/11/2018
452,Vanya,Sheach,vsheachcj@vistaprint.com,Female,10/13/2018
453,Amabel,Boxer,aboxerck@wunderground.com,Female,7/14/2018
454,Magnum,Lyttle,mlyttlecl@devhub.com,Male,3/28/2018
455,Cindee,Le Barr,clebarrcm@jalbum.net,Female,4/7/2018
456,Roz,Minguet,rminguetcn@bloglines.com,Female,7/20/2018
457,Artemas,Reveland,arevelandco@time.com,Male,7/14/2018
458,Tymon,Malinowski,tmalinowskicp@comsenz.com,Male,8/20/2018
459,Rory,Ridoutt,rridouttcq@netvibes.com,Male,11/24/2018
460,Ben,Waterhowse,bwaterhowsecr@icio.us,Male,2/4/2018
461,Francois,Matus,fmatuscs@sourceforge.net,Male,2/16/2018
462,Brittan,Reasce,breascect@imgur.com,Female,12/20/2017
463,Clari,Potteril,cpotterilcu@sfgate.com,Female,10/6/2018
464,Jessie,Pelzer,jpelzercv@hc360.com,Female,8/5/2018
465,Orin,Espinheira,oespinheiracw@salon.com,Male,2/11/2018
466,Josephine,Penna,jpennacx@usgs.gov,Female,10/7/2018
467,Kimberley,Fieldhouse,kfieldhousecy@ehow.com,Female,12/25/2017
468,Caryn,Trundle,ctrundlecz@canalblog.com,Female,2/24/2018
469,Jody,Petofi,jpetofid0@abc.net.au,Female,8/15/2018
470,Lethia,Misselbrook,lmisselbrookd1@hud.gov,Female,7/1/2018
471,Bartel,Elacoate,belacoated2@friendfeed.com,Male,4/16/2018
472,Nady,Sabbins,nsabbinsd3@symantec.com,Female,9/10/2018
473,Shellysheldon,Beardall,sbeardalld4@google.de,Male,4/18/2018
474,Natale,Vatini,nvatinid5@abc.net.au,Male,2/23/2018
475,Sher,Pote,spoted6@uol.com.br,Female,3/11/2018
476,Thedric,Spikings,tspikingsd7@a8.net,Male,7/25/2018
477,Mychal,Creedland,mcreedlandd8@dyndns.org,Male,2/19/2018
478,Merna,Breeds,mbreedsd9@washingtonpost.com,Female,11/26/2018
479,Rory,Bridden,rbriddenda@msu.edu,Female,5/2/2018
480,Von,Casey,vcaseydb@usatoday.com,Male,4/29/2018
481,Mason,Abrahamoff,mabrahamoffdc@addthis.com,Male,12/30/2017
482,Gearalt,Windrum,gwindrumdd@blinklist.com,Male,3/10/2018
483,Joly,Tailby,jtailbyde@youtu.be,Female,12/11/2017
484,Ruprecht,Slopier,rslopierdf@webeden.co.uk,Male,7/3/2018
485,Peggi,Topper,ptopperdg@noaa.gov,Female,10/19/2018
486,Elianore,Dener,edenerdh@yellowbook.com,Female,5/17/2018
487,Mordecai,Fenn,mfenndi@ask.com,Male,12/23/2017
488,Rena,Ghione,rghionedj@cyberchimps.com,Female,7/29/2018
489,Catherine,Kirkup,ckirkupdk@irs.gov,Female,12/16/2017
490,Rickie,Esberger,resbergerdl@sina.com.cn,Female,7/27/2018
491,Nari,de Grey,ndegreydm@narod.ru,Female,8/29/2018
492,Garry,Stevings,gstevingsdn@digg.com,Male,5/18/2018
493,Linnie,Line,llinedo@skyrock.com,Female,3/16/2018
494,Stephi,Ollet,solletdp@trellian.com,Female,2/9/2018
495,Rosemonde,Boggis,rboggisdq@hao123.com,Female,12/17/2017
496,Patty,Nuccitelli,pnuccitellidr@springer.com,Male,7/26/2018
497,Erwin,Dilleway,edillewayds@boston.com,Male,5/25/2018
498,Latisha,Gadson,lgadsondt@noaa.gov,Female,4/15/2018
499,Tadio,Simonou,tsimonoudu@over-blog.com,Male,11/7/2018
500,Averil,Toffoletto,atoffolettodv@cnet.com,Male,8/31/2018
501,Sanford,Egalton,segaltondw@stanford.edu,Male,7/4/2018
502,Jackie,Stirgess,jstirgessdx@jugem.jp,Male,11/9/2018
503,Edithe,Kares,ekaresdy@over-blog.com,Female,1/28/2018
504,Myrtia,Wile,mwiledz@netscape.com,Female,2/13/2018
505,Dave,Denty,ddentye0@ebay.co.uk,Male,1/1/2018
506,Angelo,Spillman,aspillmane1@ovh.net,Male,7/23/2018
507,Lalo,Schukraft,lschukrafte2@ebay.com,Male,7/15/2018
508,Phylis,Speak,pspeake3@soundcloud.com,Female,5/31/2018
509,Julius,Werlock,jwerlocke4@vk.com,Male,5/9/2018
510,Gerri,Shere,gsheree5@creativecommons.org,Female,7/10/2018
511,Edita,Shury,eshurye6@bbc.co.uk,Female,9/4/2018
512,Sauveur,Golding,sgoldinge7@xinhuanet.com,Male,3/20/2018
513,Darya,Checklin,dcheckline8@joomla.org,Female,9/8/2018
514,Amos,Debow,adebowe9@elpais.com,Male,12/24/2017
515,Berkley,Coaster,bcoasterea@disqus.com,Male,8/16/2018
516,Edmon,Bury,eburyeb@topsy.com,Male,10/14/2018
517,Lavina,Joly,ljolyec@amazon.com,Female,5/9/2018
518,Connie,Dotson,cdotsoned@washingtonpost.com,Male,4/27/2018
519,Tabbie,Sunderland,tsunderlandee@guardian.co.uk,Female,1/24/2018
520,Corinna,Sides,csidesef@woothemes.com,Female,5/9/2018
521,Staffard,Killby,skillbyeg@state.gov,Male,8/12/2018
522,Bessy,Zanassi,bzanassieh@amazon.de,Female,2/19/2018
523,Yorgos,Brimmicombe,ybrimmicombeei@google.fr,Male,8/14/2018
524,Joelle,Maroney,jmaroneyej@live.com,Female,1/31/2018
525,Gerianne,Giampietro,ggiampietroek@alexa.com,Female,1/1/2018
526,Ella,Heathcote,eheathcoteel@gov.uk,Female,9/8/2018
527,Jacky,Gruszecki,jgruszeckiem@umn.edu,Female,2/16/2018
528,Renae,Brogi,rbrogien@gnu.org,Female,8/29/2018
529,Bethena,Aberkirdo,baberkirdoeo@diigo.com,Female,12/6/2018
530,Delia,Ghidotti,dghidottiep@mayoclinic.com,Female,7/1/2018
531,Annamarie,Hatrick,ahatrickeq@amazonaws.com,Female,2/19/2018
532,Piotr,Clout,pclouter@google.co.uk,Male,5/3/2018
533,Gerek,Compford,gcompfordes@is.gd,Male,11/17/2018
534,Dame,Hamfleet,dhamfleetet@themeforest.net,Male,6/16/2018
535,Gilles,Eller,gellereu@amazonaws.com,Male,3/18/2018
536,Noe,Pedler,npedlerev@friendfeed.com,Male,5/28/2018
537,Dorette,Kleeborn,dkleebornew@nydailynews.com,Female,2/6/2018
538,Babita,Lazenbury,blazenburyex@google.cn,Female,5/22/2018
539,Corrine,Topley,ctopleyey@jimdo.com,Female,11/14/2018
540,Hillyer,Hachette,hhachetteez@techcrunch.com,Male,5/14/2018
541,Sarene,Stephenson,sstephensonf0@elpais.com,Female,6/3/2018
542,Ronald,Patridge,rpatridgef1@mysql.com,Male,5/11/2018
543,Brianna,Alejandri,balejandrif2@tripadvisor.com,Female,2/24/2018
544,Andres,Yarham,ayarhamf3@wikispaces.com,Male,7/9/2018
545,Roxana,Hackinge,rhackingef4@woothemes.com,Female,9/27/2018
546,Gianina,Dryburgh,gdryburghf5@creativecommons.org,Female,12/29/2017
547,Cad,Guerriero,cguerrierof6@intel.com,Male,8/19/2018
548,Amby,Shead,asheadf7@nationalgeographic.com,Male,9/25/2018
549,Solly,Iddenden,siddendenf8@webeden.co.uk,Male,7/11/2018
550,Decca,Fader,dfaderf9@cdc.gov,Male,3/10/2018
551,Ronnie,Lorincz,rlorinczfa@csmonitor.com,Female,9/6/2018
552,Salomi,Barkess,sbarkessfb@behance.net,Female,6/18/2018
553,Shanie,Cecely,scecelyfc@instagram.com,Female,3/16/2018
554,Johnnie,Lavies,jlaviesfd@redcross.org,Male,5/17/2018
555,Rafferty,Leavry,rleavryfe@google.com.au,Male,3/5/2018
556,Janie,Hechlin,jhechlinff@wired.com,Female,12/6/2018
557,Gale,Ganforthe,gganforthefg@wordpress.org,Female,4/30/2018
558,Marcel,Billin,mbillinfh@goo.ne.jp,Male,6/21/2018
559,Jard,Mohan,jmohanfi@flavors.me,Male,9/16/2018
560,Giordano,Wisker,gwiskerfj@tripadvisor.com,Male,9/26/2018
561,Marybelle,McSporon,mmcsporonfk@smugmug.com,Female,6/24/2018
562,Giulia,Arsmith,garsmithfl@histats.com,Female,2/8/2018
563,Farlee,Lack,flackfm@baidu.com,Male,4/6/2018
564,Prinz,Warmington,pwarmingtonfn@moonfruit.com,Male,8/24/2018
565,Jordon,Artindale,jartindalefo@jalbum.net,Male,3/13/2018
566,Irwin,Yglesias,iyglesiasfp@un.org,Male,1/22/2018
567,Herrick,Summerton,hsummertonfq@imdb.com,Male,10/24/2018
568,Garrott,Henrych,ghenrychfr@blinklist.com,Male,6/30/2018
569,Sigismundo,Chirm,schirmfs@mozilla.org,Male,4/21/2018
570,Gretal,Landes,glandesft@4shared.com,Female,1/13/2018
571,Dyanna,Alfwy,dalfwyfu@forbes.com,Female,6/2/2018
572,Burgess,Brookbank,bbrookbankfv@liveinternet.ru,Male,8/13/2018
573,Rhodie,Doe,rdoefw@istockphoto.com,Female,7/23/2018
574,Ermin,Cameli,ecamelifx@wired.com,Male,5/12/2018
575,Lanae,Idill,lidillfy@princeton.edu,Female,2/13/2018
576,Brendon,Sexty,bsextyfz@shinystat.com,Male,1/16/2018
577,Vin,Towne,vtowneg0@wordpress.org,Male,7/3/2018
578,Bail,Candy,bcandyg1@163.com,Male,9/19/2018
579,Jeffy,Craigmile,jcraigmileg2@dmoz.org,Male,4/12/2018
580,Carley,Lampard,clampardg3@csmonitor.com,Female,1/28/2018
581,Giustina,Ingles,ginglesg4@senate.gov,Female,7/10/2018
582,Lydia,Burchnall,lburchnallg5@bigcartel.com,Female,6/3/2018
583,Mead,Muirden,mmuirdeng6@wix.com,Male,6/10/2018
584,Shanan,Sutherington,ssutheringtong7@sakura.ne.jp,Male,4/2/2018
585,Giffy,Gowlett,ggowlettg8@hexun.com,Male,7/20/2018
586,Bill,Steers,bsteersg9@cnn.com,Male,1/14/2018
587,Sigismondo,Kittless,skittlessga@comcast.net,Male,5/15/2018
588,Jesselyn,Farmery,jfarmerygb@wordpress.com,Female,8/10/2018
589,Wainwright,Raymen,wraymengc@t-online.de,Male,8/18/2018
590,Leland,Libby,llibbygd@networksolutions.com,Female,2/22/2018
591,Jemie,Cossem,jcossemge@uiuc.edu,Female,9/21/2018
592,Cathlene,Ingreda,cingredagf@zdnet.com,Female,9/24/2018
593,Esme,Reekie,ereekiegg@slideshare.net,Female,11/11/2018
594,Tanny,Brocks,tbrocksgh@sohu.com,Male,2/21/2018
595,Blondell,Klassmann,bklassmanngi@google.fr,Female,8/31/2018
596,Gilemette,Hirthe,ghirthegj@shop-pro.jp,Female,7/29/2018
597,Minni,Doumic,mdoumicgk@angelfire.com,Female,9/18/2018
598,Oliver,Gamet,ogametgl@tripadvisor.com,Male,10/2/2018
599,Domenic,Yoxall,dyoxallgm@engadget.com,Male,1/9/2018
600,Ephrayim,Porteous,eporteousgn@yahoo.com,Male,6/28/2018
601,Jan,Studde,jstuddego@paginegialle.it,Male,12/21/2017
602,Sharia,Swigg,sswigggp@dion.ne.jp,Female,1/16/2018
603,Catherin,Elverston,celverstongq@vinaora.com,Female,2/9/2018
604,Virge,Comins,vcominsgr@blogger.com,Male,11/5/2018
605,Vladamir,Rainforth,vrainforthgs@netlog.com,Male,10/26/2018
606,Sergei,Riddler,sriddlergt@reuters.com,Male,10/9/2018
607,Marve,Iwaszkiewicz,miwaszkiewiczgu@wisc.edu,Male,6/24/2018
608,Staffard,Ridolfo,sridolfogv@nationalgeographic.com,Male,12/7/2018
609,Andriette,Antognozzii,aantognozziigw@angelfire.com,Female,2/6/2018
610,Jerrylee,Czajkowski,jczajkowskigx@constantcontact.com,Female,12/17/2017
611,Staci,Hendrickson,shendricksongy@google.cn,Female,1/25/2018
612,Sharyl,Poulgreen,spoulgreengz@yahoo.co.jp,Female,7/6/2018
613,Aloysius,Hellings,ahellingsh0@gmpg.org,Male,3/18/2018
614,Gaye,Upjohn,gupjohnh1@salon.com,Female,4/16/2018
615,Luis,Samwayes,lsamwayesh2@wordpress.com,Male,6/28/2018
616,Lorenzo,Vian,lvianh3@si.edu,Male,5/18/2018
617,Briana,McKeag,bmckeagh4@google.co.jp,Female,12/20/2017
618,Barthel,Stuther,bstutherh5@sakura.ne.jp,Male,12/18/2017
619,Harcourt,Antoshin,hantoshinh6@answers.com,Male,2/26/2018
620,Pedro,Carrodus,pcarrodush7@behance.net,Male,11/23/2018
621,Erskine,Nicolls,enicollsh8@mapy.cz,Male,3/27/2018
622,Jammal,Deschlein,jdeschleinh9@salon.com,Male,1/6/2018
623,Vaclav,Gaven,vgavenha@chron.com,Male,10/21/2018
624,Rosella,Bilam,rbilamhb@ihg.com,Female,1/4/2018
625,Willie,Teresse,wteressehc@go.com,Female,1/13/2018
626,Arnuad,Mahaddie,amahaddiehd@github.com,Male,2/28/2018
627,Betti,Cuming,bcuminghe@vistaprint.com,Female,10/4/2018
628,Sayer,Thom,sthomhf@chronoengine.com,Male,10/19/2018
629,Beverley,Ivanishchev,bivanishchevhg@prweb.com,Female,10/15/2018
630,Ginni,Sehorsch,gsehorschhh@newyorker.com,Female,6/19/2018
631,Berte,Segges,bseggeshi@squarespace.com,Female,7/24/2018
632,Cherish,Delves,cdelveshj@google.de,Female,6/23/2018
633,Cesaro,Gingell,cgingellhk@a8.net,Male,5/24/2018
634,Cornela,Gohier,cgohierhl@netvibes.com,Female,3/5/2018
635,Vanya,Winney,vwinneyhm@e-recht24.de,Male,2/3/2018
636,Kaitlynn,Glave,kglavehn@goo.ne.jp,Female,11/25/2018
637,Noach,Bassford,nbassfordho@webeden.co.uk,Male,5/18/2018
638,Alaric,Erni,aernihp@unicef.org,Male,7/4/2018
639,Alleyn,Bengough,abengoughhq@mozilla.com,Male,3/20/2018
640,Payton,Burgott,pburgotthr@hatena.ne.jp,Male,3/18/2018
641,Arvy,Kepling,akeplinghs@loc.gov,Male,7/21/2018
642,Beaufort,Spensly,bspenslyht@paypal.com,Male,11/6/2018
643,Karolina,Langcaster,klangcasterhu@wiley.com,Female,6/11/2018
644,Ham,McCraw,hmccrawhv@github.io,Male,8/11/2018
645,Magdalen,Shortt,mshortthw@icio.us,Female,11/24/2018
646,Bealle,Drable,bdrablehx@studiopress.com,Male,11/7/2018
647,Demetre,Loads,dloadshy@infoseek.co.jp,Male,5/2/2018
648,Francoise,Noice,fnoicehz@wufoo.com,Female,8/18/2018
649,Ode,Biaggiotti,obiaggiottii0@friendfeed.com,Male,12/25/2017
650,Giffer,Pearn,gpearni1@google.ca,Male,11/25/2018
651,Eliot,Taffley,etaffleyi2@irs.gov,Male,1/14/2018
652,Roseline,Baynham,rbaynhami3@patch.com,Female,4/3/2018
653,Garvy,Pickring,gpickringi4@adobe.com,Male,2/16/2018
654,Lief,Sweetenham,lsweetenhami5@nifty.com,Male,10/21/2018
655,Agnesse,Skellern,askellerni6@tripod.com,Female,3/10/2018
656,Ardith,Capner,acapneri7@twitter.com,Female,4/19/2018
657,Merrick,Siret,msireti8@nbcnews.com,Male,4/10/2018
658,Raleigh,Calles,rcallesi9@howstuffworks.com,Male,8/28/2018
659,Ashley,Dri,adriia@cam.ac.uk,Male,10/23/2018
660,Creigh,Scarre,cscarreib@surveymonkey.com,Male,2/9/2018
661,Ignace,Peppett,ipeppettic@utexas.edu,Male,9/26/2018
662,Clark,Rottgers,crottgersid@t.co,Male,8/28/2018
663,Sella,Pennicott,spennicottie@imageshack.us,Female,9/17/2018
664,Darelle,Crowcombe,dcrowcombeif@deviantart.com,Female,8/26/2018
665,Jo,Locock,jlocockig@reddit.com,Female,6/10/2018
666,Mirella,Stoyles,mstoylesih@prnewswire.com,Female,11/4/2018
667,Hulda,Palfrie,hpalfrieii@i2i.jp,Female,12/27/2017
668,Lonni,Aicheson,laichesonij@wufoo.com,Female,10/1/2018
669,Lilllie,Bunhill,lbunhillik@scientificamerican.com,Female,11/2/2018
670,Paige,Blackesland,pblackeslandil@addthis.com,Female,2/25/2018
671,Lurette,Dongate,ldongateim@utexas.edu,Female,8/28/2018
672,Sherie,Francais,sfrancaisin@mail.ru,Female,3/20/2018
673,Johnathan,Jacklin,jjacklinio@cafepress.com,Male,8/13/2018
674,Violet,Rau,vrauip@cloudflare.com,Female,12/4/2018
675,Marlena,Penrice,mpenriceiq@webnode.com,Female,8/20/2018
676,Danya,O'Cahill,docahillir@angelfire.com,Male,6/11/2018
677,Keith,Astridge,kastridgeis@un.org,Male,3/21/2018
678,Talbot,Regelous,tregelousit@over-blog.com,Male,2/3/2018
679,Mattias,Bertomieu,mbertomieuiu@delicious.com,Male,4/12/2018
680,Lionello,Van den Dael,lvandendaeliv@prnewswire.com,Male,5/9/2018
681,Eb,Bernasek,ebernasekiw@google.ca,Male,8/7/2018
682,Jecho,Caldron,jcaldronix@gmpg.org,Male,11/14/2018
683,Patrick,Doyle,pdoyleiy@php.net,Male,1/12/2018
684,Jerrold,Gunter,jgunteriz@amazon.co.uk,Male,10/8/2018
685,Demetris,Berge,dbergej0@paginegialle.it,Female,5/21/2018
686,Bobbie,Mariotte,bmariottej1@histats.com,Male,11/4/2018
687,Ranee,Cranson,rcransonj2@imgur.com,Female,12/14/2017
688,Rab,Issitt,rissittj3@blogtalkradio.com,Male,12/4/2018
689,Granthem,Gricewood,ggricewoodj4@mysql.com,Male,2/2/2018
690,Patin,Djurisic,pdjurisicj5@gizmodo.com,Male,11/11/2018
691,Dusty,Lakeman,dlakemanj6@google.com.br,Female,10/13/2018
692,Mitchael,Awmack,mawmackj7@kickstarter.com,Male,6/27/2018
693,Ber,Algate,balgatej8@google.com,Male,4/12/2018
694,Carin,Glayzer,cglayzerj9@boston.com,Female,3/14/2018
695,Sigfried,Boulde,sbouldeja@devhub.com,Male,9/25/2018
696,Maire,Godfery,mgodferyjb@sogou.com,Female,9/11/2018
697,Clarabelle,McCrie,cmccriejc@delicious.com,Female,11/15/2018
698,Catharine,Pull,cpulljd@microsoft.com,Female,8/19/2018
699,Moshe,Grolle,mgrolleje@fema.gov,Male,6/4/2018
700,Faydra,Madgewick,fmadgewickjf@uol.com.br,Female,5/29/2018
701,Sarette,Laurentino,slaurentinojg@tinypic.com,Female,7/13/2018
702,Ludovico,Cettell,lcettelljh@weibo.com,Male,10/11/2018
703,Kimmie,Pelfer,kpelferji@disqus.com,Female,12/15/2017
704,Elnar,Gligori,egligorijj@prnewswire.com,Male,3/29/2018
705,Torey,Finlaison,tfinlaisonjk@is.gd,Male,6/15/2018
706,Heath,Quadri,hquadrijl@independent.co.uk,Female,6/1/2018
707,Harley,Sijmons,hsijmonsjm@github.com,Male,2/6/2018
708,Rhett,Boundy,rboundyjn@linkedin.com,Male,5/29/2018
709,Lea,Thorsen,lthorsenjo@tumblr.com,Female,1/19/2018
710,Dani,Bettesworth,dbettesworthjp@nymag.com,Female,12/6/2018
711,Robby,Caplis,rcaplisjq@dot.gov,Female,12/4/2018
712,Carole,Cello,ccellojr@psu.edu,Female,12/19/2017
713,Benita,Crossfield,bcrossfieldjs@hugedomains.com,Female,6/10/2018
714,Reta,Crowdson,rcrowdsonjt@vinaora.com,Female,9/1/2018
715,Fifine,Aronin,faroninju@deliciousdays.com,Female,2/1/2018
716,Sonnie,Linnett,slinnettjv@ning.com,Male,10/31/2018
717,Terry,Eves,tevesjw@plala.or.jp,Male,8/16/2018
718,Kristofer,Spearett,kspearettjx@last.fm,Male,3/20/2018
719,Parsifal,Gilgryst,pgilgrystjy@epa.gov,Male,9/3/2018
720,Mayor,Levin,mlevinjz@yelp.com,Male,1/18/2018
721,Esther,Antyshev,eantyshevk0@vinaora.com,Female,12/9/2018
722,Rudolf,Mountfort,rmountfortk1@xrea.com,Male,8/4/2018
723,Vanya,Kiendl,vkiendlk2@github.com,Female,7/3/2018
724,Nikolia,Antonelli,nantonellik3@hugedomains.com,Female,1/22/2018
725,Launce,Hessel,lhesselk4@reference.com,Male,5/25/2018
726,Carma,Mordy,cmordyk5@paypal.com,Female,12/22/2017
727,Eddie,Hacquoil,ehacquoilk6@opera.com,Female,9/8/2018
728,Elston,MacShane,emacshanek7@wunderground.com,Male,7/30/2018
729,Leigh,Burnet,lburnetk8@latimes.com,Male,12/30/2017
730,Rourke,Boriston,rboristonk9@businessinsider.com,Male,7/31/2018
731,Matthieu,Marcq,mmarcqka@adobe.com,Male,2/3/2018
732,Almeta,Willgoose,awillgoosekb@nyu.edu,Female,3/24/2018
733,Odella,Sowood,osowoodkc@sfgate.com,Female,10/19/2018
734,Culver,Ayto,caytokd@acquirethisname.com,Male,12/23/2017
735,Arleen,Habbal,ahabbalke@adobe.com,Female,8/28/2018
736,Johnath,Ingarfill,jingarfillkf@google.es,Female,4/26/2018
737,Vite,Bagniuk,vbagniukkg@arstechnica.com,Male,9/20/2018
738,Lilla,Clamp,lclampkh@ihg.com,Female,7/2/2018
739,Stirling,O'Kinneally,sokinneallyki@sogou.com,Male,11/4/2018
740,Graig,Vanes,gvaneskj@github.io,Male,11/30/2018
741,Gustavo,Matias,gmatiaskk@so-net.ne.jp,Male,5/23/2018
742,Rabi,Steinham,rsteinhamkl@chron.com,Male,6/27/2018
743,Vivyanne,Cowtherd,vcowtherdkm@phpbb.com,Female,7/13/2018
744,Monique,Iacabucci,miacabuccikn@typepad.com,Female,9/23/2018
745,Rachele,Sultan,rsultanko@google.co.uk,Female,8/28/2018
746,Lynne,Ilyunin,lilyuninkp@geocities.jp,Female,9/8/2018
747,Morgen,Jeanel,mjeanelkq@narod.ru,Male,9/20/2018
748,Rolando,Carleman,rcarlemankr@sakura.ne.jp,Male,8/3/2018
749,Fallon,Shevels,fshevelsks@symantec.com,Female,4/24/2018
750,Ania,Beatty,abeattykt@moonfruit.com,Female,8/9/2018
751,Nesta,Friend,nfriendku@tamu.edu,Female,10/30/2018
752,Mary,Hudel,mhudelkv@edublogs.org,Female,10/24/2018
753,Hedda,Beningfield,hbeningfieldkw@businessweek.com,Female,4/16/2018
754,Rebecka,Emmert,remmertkx@gravatar.com,Female,3/4/2018
755,Winnah,Le Noury,wlenouryky@privacy.gov.au,Female,2/6/2018
756,Maurita,Barnewell,mbarnewellkz@dailymotion.com,Female,7/4/2018
757,Sada,Laban,slabanl0@hc360.com,Female,6/16/2018
758,Gherardo,Jacobssen,gjacobssenl1@narod.ru,Male,2/14/2018
759,Natal,Fawley,nfawleyl2@oakley.com,Male,3/16/2018
760,Bennett,Kendrew,bkendrewl3@prnewswire.com,Male,3/18/2018
761,Peter,Skottle,pskottlel4@businessweek.com,Male,6/25/2018
762,Marin,Harse,mharsel5@dmoz.org,Female,12/29/2017
763,Shayne,Norman,snormanl6@patch.com,Female,10/8/2018
764,Welbie,Pepall,wpepalll7@free.fr,Male,12/27/2017
765,Aarika,Gouldie,agouldiel8@amazonaws.com,Female,9/20/2018
766,Zackariah,Pancost,zpancostl9@samsung.com,Male,10/15/2018
767,Tabina,Hellin,thellinla@creativecommons.org,Female,1/15/2018
768,Adolph,Fligg,afligglb@ca.gov,Male,1/6/2018
769,Lyndy,Reisin,lreisinlc@tmall.com,Female,6/16/2018
770,Chery,Bolderstone,cbolderstoneld@etsy.com,Female,5/10/2018
771,Shayne,Backs,sbacksle@mapquest.com,Female,5/15/2018
772,Gerrie,Conneau,gconneaulf@google.com.au,Male,7/25/2018
773,Tedi,Andreasson,tandreassonlg@yandex.ru,Female,11/27/2018
774,Noby,Jersch,njerschlh@cnn.com,Male,11/15/2018
775,Murdoch,Hinners,mhinnersli@shutterfly.com,Male,2/4/2018
776,Rorke,Venus,rvenuslj@comcast.net,Male,8/31/2018
777,Tait,Houseago,thouseagolk@themeforest.net,Male,7/9/2018
778,Madelyn,Westall,mwestallll@360.cn,Female,10/9/2018
779,Imogene,Handover,ihandoverlm@jiathis.com,Female,3/14/2018
780,Seline,Durante,sduranteln@youtu.be,Female,11/16/2018
781,Darin,Webby,dwebbylo@blog.com,Male,9/27/2018
782,Berte,Hunnicutt,bhunnicuttlp@soundcloud.com,Female,3/26/2018
783,Dell,Boutellier,dboutellierlq@pinterest.com,Female,3/11/2018
784,Fayette,Nail,fnaillr@meetup.com,Female,6/27/2018
785,Otto,Leeb,oleebls@engadget.com,Male,9/23/2018
786,Fabe,Gorce,fgorcelt@shareasale.com,Male,5/4/2018
787,Athena,Penticoot,apenticootlu@umich.edu,Female,8/12/2018
788,Jo-ann,Ingerfield,jingerfieldlv@census.gov,Female,2/17/2018
789,Barbra,Lovelady,bloveladylw@amazon.co.uk,Female,7/21/2018
790,Julia,Giottoi,jgiottoilx@ihg.com,Female,7/11/2018
791,Gardener,Dutson,gdutsonly@nsw.gov.au,Male,10/22/2018
792,Janaye,Broseman,jbrosemanlz@huffingtonpost.com,Female,1/6/2018
793,Odie,Gregg,ogreggm0@livejournal.com,Male,6/21/2018
794,Karry,Boich,kboichm1@squarespace.com,Female,8/14/2018
795,Calv,Devonshire,cdevonshirem2@bbb.org,Male,2/17/2018
796,Kessiah,Sharpley,ksharpleym3@fotki.com,Female,1/3/2018
797,Kandace,Tomik,ktomikm4@npr.org,Female,6/25/2018
798,Margret,Fissenden,mfissendenm5@ucla.edu,Female,5/3/2018
799,Wilhelm,Rankling,wranklingm6@mashable.com,Male,5/4/2018
800,Bernarr,Foxon,bfoxonm7@cdbaby.com,Male,2/14/2018
801,Martie,Yarker,myarkerm8@jimdo.com,Female,6/26/2018
802,Wilfred,Masic,wmasicm9@over-blog.com,Male,2/20/2018
803,Morgun,Sange,msangema@prnewswire.com,Male,11/15/2018
804,Valera,Matysiak,vmatysiakmb@dot.gov,Female,2/14/2018
805,Kaylee,Sooper,ksoopermc@dot.gov,Female,10/21/2018
806,Shandra,Feedome,sfeedomemd@mediafire.com,Female,5/16/2018
807,Kingsley,Goodier,kgoodierme@phoca.cz,Male,8/12/2018
808,Cybil,Arnold,carnoldmf@edublogs.org,Female,11/25/2018
809,Brit,Delgado,bdelgadomg@patch.com,Male,7/31/2018
810,Bartie,Burgisi,bburgisimh@ovh.net,Male,4/23/2018
811,Nickey,MacNucator,nmacnucatormi@vinaora.com,Male,5/6/2018
812,Thorsten,Dearden,tdeardenmj@linkedin.com,Male,3/20/2018
813,Lothario,Bygreaves,lbygreavesmk@earthlink.net,Male,11/25/2018
814,Justine,Grabham,jgrabhamml@dailymail.co.uk,Female,6/7/2018
815,Marty,Ridgers,mridgersmm@plala.or.jp,Male,6/20/2018
816,Roarke,Kalderon,rkalderonmn@amazon.co.jp,Male,3/19/2018
817,Vitia,De Bellis,vdebellismo@google.cn,Female,1/10/2018
818,Chilton,Wescott,cwescottmp@de.vu,Male,10/19/2018
819,Francoise,Wahner,fwahnermq@ustream.tv,Female,2/13/2018
820,Konstantine,Skowcraft,kskowcraftmr@utexas.edu,Male,5/4/2018
821,Manolo,Olerenshaw,molerenshawms@e-recht24.de,Male,5/29/2018
822,Wilbur,Heggadon,wheggadonmt@wp.com,Male,5/9/2018
823,Frasco,Petty,fpettymu@nature.com,Male,10/9/2018
824,Esme,Wadeling,ewadelingmv@google.ca,Female,8/13/2018
825,Geralda,Demeza,gdemezamw@theguardian.com,Female,3/22/2018
826,Delmor,Triplett,dtriplettmx@wired.com,Male,7/29/2018
827,Mari,Goadbie,mgoadbiemy@irs.gov,Female,6/7/2018
828,Barbie,Pfertner,bpfertnermz@creativecommons.org,Female,8/16/2018
829,Buffy,Pavolillo,bpavolillon0@europa.eu,Female,3/30/2018
830,Yasmeen,Feechan,yfeechann1@infoseek.co.jp,Female,7/2/2018
831,Joelie,Tulloch,jtullochn2@google.ca,Female,3/9/2018
832,Tammie,Briggdale,tbriggdalen3@shinystat.com,Male,2/4/2018
833,Corbett,Haggerwood,chaggerwoodn4@twitpic.com,Male,6/23/2018
834,Evangelina,Cardis,ecardisn5@infoseek.co.jp,Female,5/10/2018
835,Debbie,Raggitt,draggittn6@e-recht24.de,Female,3/5/2018
836,Joelynn,Margerison,jmargerisonn7@tmall.com,Female,8/26/2018
837,Bertine,Filippucci,bfilippuccin8@yale.edu,Female,12/19/2017
838,Saree,Copsey,scopseyn9@archive.org,Female,9/12/2018
839,Petra,Lorenzin,plorenzinna@state.gov,Female,8/19/2018
840,Dougie,Phorsby,dphorsbynb@purevolume.com,Male,2/3/2018
841,Even,Holborn,eholbornnc@yale.edu,Male,5/5/2018
842,Torey,Jorin,tjorinnd@simplemachines.org,Female,2/26/2018
843,Pedro,Pointer,ppointerne@hc360.com,Male,6/9/2018
844,Delphine,De Cleyne,ddecleynenf@examiner.com,Female,4/28/2018
845,Nat,McAllister,nmcallisterng@craigslist.org,Female,6/9/2018
846,Henriette,Vaneev,hvaneevnh@xinhuanet.com,Female,7/27/2018
847,Dionisio,Poyle,dpoyleni@weather.com,Male,11/14/2018
848,Jefferey,Reade,jreadenj@newyorker.com,Male,1/6/2018
849,Petr,Finci,pfincink@cisco.com,Male,12/22/2017
850,Kasper,Durrand,kdurrandnl@cloudflare.com,Male,1/4/2018
851,Rosemaria,Osmon,rosmonnm@wikipedia.org,Female,11/29/2018
852,Godfrey,Shawcross,gshawcrossnn@virginia.edu,Male,3/5/2018
853,Thornton,Goligly,tgoliglyno@123-reg.co.uk,Male,6/19/2018
854,Cindelyn,Standidge,cstandidgenp@homestead.com,Female,7/22/2018
855,Margalit,Priddy,mpriddynq@pbs.org,Female,10/16/2018
856,Windham,Bellsham,wbellshamnr@wikispaces.com,Male,1/7/2018
857,Tildi,Ghidoli,tghidolins@freewebs.com,Female,8/7/2018
858,Harris,Leadbetter,hleadbetternt@google.ru,Male,9/13/2018
859,Byrle,Madsen,bmadsennu@netscape.com,Male,4/14/2018
860,Nichols,Acres,nacresnv@fastcompany.com,Male,3/13/2018
861,Corrie,Oneil,coneilnw@artisteer.com,Female,1/29/2018
862,Lenka,Westcar,lwestcarnx@com.com,Female,7/7/2018
863,Margalit,Shinton,mshintonny@wordpress.com,Female,3/31/2018
864,Robbin,Stroud,rstroudnz@e-recht24.de,Female,5/19/2018
865,Josefa,Marrow,jmarrowo0@nydailynews.com,Female,12/17/2017
866,Gaelan,Volkes,gvolkeso1@miibeian.gov.cn,Male,2/9/2018
867,Faun,Holdall,fholdallo2@posterous.com,Female,6/15/2018
868,Hartley,Sommersett,hsommersetto3@answers.com,Male,9/14/2018
869,Franny,Birkwood,fbirkwoodo4@oaic.gov.au,Male,1/6/2018
870,Delia,Profit,dprofito5@symantec.com,Female,8/27/2018
871,Norean,Bickmore,nbickmoreo6@merriam-webster.com,Female,1/18/2018
872,Donalt,Wraighte,dwraighteo7@webeden.co.uk,Male,12/3/2018
873,Kain,Larvor,klarvoro8@canalblog.com,Male,12/17/2017
874,Russell,Cheyney,rcheyneyo9@devhub.com,Male,7/19/2018
875,Jacqui,Poore,jpooreoa@chronoengine.com,Female,12/31/2017
876,Alexa,Noonan,anoonanob@sphinn.com,Female,3/15/2018
877,Cathlene,Basler,cbasleroc@jalbum.net,Female,6/21/2018
878,Tamar,Organ,torganod@vk.com,Female,12/2/2018
879,Meredeth,Judkins,mjudkinsoe@bloomberg.com,Male,11/10/2018
880,Alvan,Jolliff,ajolliffof@bizjournals.com,Male,5/23/2018
881,Shannon,Keohane,skeohaneog@pagesperso-orange.fr,Female,10/2/2018
882,Fredelia,Landrean,flandreanoh@icio.us,Female,6/23/2018
883,Emmie,Greiser,egreiseroi@twitter.com,Female,3/3/2018
884,Jenna,Jira,jjiraoj@toplist.cz,Female,4/6/2018
885,Norton,Ethersey,netherseyok@nps.gov,Male,7/2/2018
886,Benjamin,Gallemore,bgallemoreol@statcounter.com,Male,3/7/2018
887,Craggy,Terrett,cterrettom@facebook.com,Male,7/16/2018
888,Lindsay,Sirrell,lsirrellon@weibo.com,Female,10/3/2018
889,Wiatt,Adiscot,wadiscotoo@instagram.com,Male,8/3/2018
890,Lyn,Bodycombe,lbodycombeop@ezinearticles.com,Female,8/20/2018
891,Avrom,Chaffen,achaffenoq@bizjournals.com,Male,5/11/2018
892,Dionisio,Kenway,dkenwayor@sina.com.cn,Male,7/8/2018
893,Margo,Minthorpe,mminthorpeos@globo.com,Female,4/23/2018
894,Wilie,Dymocke,wdymockeot@ox.ac.uk,Female,4/24/2018
895,Tallia,Cuolahan,tcuolahanou@ning.com,Female,7/15/2018
896,Christopher,Schoenleiter,cschoenleiterov@wikispaces.com,Male,11/30/2018
897,Marcie,Ivy,mivyow@meetup.com,Female,9/18/2018
898,Artemis,Horder,ahorderox@ehow.com,Male,10/4/2018
899,Cornelius,Eudall,ceudalloy@ehow.com,Male,9/7/2018
900,Ciel,Stevings,cstevingsoz@opensource.org,Female,4/24/2018
901,Donnajean,Darrow,ddarrowp0@goo.gl,Female,6/1/2018
902,Agnella,Courteney,acourteneyp1@goo.gl,Female,8/11/2018
903,Aguste,Lucken,aluckenp2@google.cn,Male,11/8/2018
904,Imojean,Allcorn,iallcornp3@ask.com,Female,4/24/2018
905,Salomo,Rennebeck,srennebeckp4@technorati.com,Male,4/19/2018
906,Kristi,Vaillant,kvaillantp5@lycos.com,Female,8/30/2018
907,Cilka,Attew,cattewp6@zdnet.com,Female,2/1/2018
908,Billie,Hassin,bhassinp7@studiopress.com,Male,1/3/2018
909,Barbara,Cawston,bcawstonp8@ox.ac.uk,Female,2/14/2018
910,Herbie,Gourlay,hgourlayp9@comsenz.com,Male,2/15/2018
911,Fabio,Coom,fcoompa@vistaprint.com,Male,9/29/2018
912,Giffer,Greyes,ggreyespb@mac.com,Male,1/28/2018
913,Darryl,Brett,dbrettpc@scribd.com,Male,8/7/2018
914,Walsh,Brazener,wbrazenerpd@sitemeter.com,Male,2/3/2018
915,Humfrey,Flavelle,hflavellepe@booking.com,Male,11/10/2018
916,Sabina,Dutton,sduttonpf@networkadvertising.org,Female,1/14/2018
917,Harrie,Hugett,hhugettpg@parallels.com,Female,5/10/2018
918,Lauren,Wintour,lwintourph@cisco.com,Male,5/28/2018
919,Bron,Cordeux,bcordeuxpi@techcrunch.com,Male,11/15/2018
920,Karyl,Yakovliv,kyakovlivpj@scientificamerican.com,Female,8/26/2018
921,Pattin,Priestman,ppriestmanpk@usnews.com,Male,9/9/2018
922,Crichton,Will,cwillpl@biglobe.ne.jp,Male,2/2/2018
923,Cory,Torald,ctoraldpm@de.vu,Female,6/17/2018
924,Lynne,Widdowson,lwiddowsonpn@si.edu,Female,11/10/2018
925,Elinor,O'Neal,eonealpo@blogger.com,Female,12/9/2018
926,Trevar,St. Queintain,tstqueintainpp@ask.com,Male,3/28/2018
927,Mandel,Ruane,mruanepq@xrea.com,Male,4/27/2018
928,Auria,Hauxley,ahauxleypr@linkedin.com,Female,12/9/2018
929,Lacey,Bacchus,lbacchusps@xrea.com,Female,11/10/2018
930,Kamillah,Figge,kfiggept@amazon.com,Female,9/5/2018
931,Brice,Stuchbury,bstuchburypu@boston.com,Male,3/16/2018
932,Giavani,Lillicrop,glillicroppv@ustream.tv,Male,11/29/2018
933,Peyter,Taill,ptaillpw@barnesandnoble.com,Male,9/7/2018
934,Thia,Rockhall,trockhallpx@bbb.org,Female,1/25/2018
935,Stephana,McGuiness,smcguinesspy@nymag.com,Female,4/15/2018
936,Laraine,Penrice,lpenricepz@bbb.org,Female,12/5/2018
937,Christopher,Brambill,cbrambillq0@angelfire.com,Male,5/26/2018
938,Deny,Mungane,dmunganeq1@reddit.com,Female,3/29/2018
939,Junina,Antonomoli,jantonomoliq2@state.gov,Female,4/11/2018
940,Abner,Lombardo,alombardoq3@spotify.com,Male,1/4/2018
941,Jennica,Mahood,jmahoodq4@uiuc.edu,Female,11/11/2018
942,Carma,Wisniowski,cwisniowskiq5@sitemeter.com,Female,9/14/2018
943,Abbott,Shorbrook,ashorbrookq6@123-reg.co.uk,Male,2/28/2018
944,Hendrick,Couling,hcoulingq7@zimbio.com,Male,8/2/2018
945,Ignaz,Maleby,imalebyq8@addtoany.com,Male,2/21/2018
946,Margot,Garvey,mgarveyq9@oakley.com,Female,8/1/2018
947,Thorvald,Donaho,tdonahoqa@newsvine.com,Male,1/3/2018
948,Gaylene,Springle,gspringleqb@europa.eu,Female,5/19/2018
949,Edeline,Kohlert,ekohlertqc@mozilla.org,Female,1/10/2018
950,Georgeanna,Jackling,gjacklingqd@drupal.org,Female,6/21/2018
951,Lurleen,Iozefovich,liozefovichqe@wisc.edu,Female,10/2/2018
952,Derek,Garahan,dgarahanqf@shinystat.com,Male,6/9/2018
953,Olia,O'Rourke,oorourkeqg@list-manage.com,Female,8/1/2018
954,Stillmann,Ryce,sryceqh@edublogs.org,Male,3/5/2018
955,Selma,Emor,semorqi@time.com,Female,9/8/2018
956,Tana,Di Boldi,tdiboldiqj@harvard.edu,Female,7/17/2018
957,Elspeth,Ford,efordqk@slate.com,Female,10/2/2018
958,Nalani,Plampeyn,nplampeynql@photobucket.com,Female,1/29/2018
959,Alexandrina,Poxson,apoxsonqm@loc.gov,Female,6/11/2018
960,Bat,Bixley,bbixleyqn@4shared.com,Male,1/26/2018
961,Ginnie,Windibank,gwindibankqo@elpais.com,Female,7/16/2018
962,Aleda,Gallimore,agallimoreqp@google.com.hk,Female,1/15/2018
963,Shoshana,Goade,sgoadeqq@goo.gl,Female,7/3/2018
964,Dex,Longridge,dlongridgeqr@edublogs.org,Male,6/28/2018
965,Georgia,Spraggs,gspraggsqs@ehow.com,Female,7/27/2018
966,Mirabella,Swanton,mswantonqt@moonfruit.com,Female,3/4/2018
967,Pandora,Cavy,pcavyqu@baidu.com,Female,9/24/2018
968,Rickard,Crosser,rcrosserqv@google.cn,Male,5/17/2018
969,Kariotta,Wareham,kwarehamqw@gravatar.com,Female,10/28/2018
970,Stephani,Vickers,svickersqx@feedburner.com,Female,2/21/2018
971,Fairleigh,Falk,ffalkqy@chicagotribune.com,Male,3/31/2018
972,Nicolina,Barnhill,nbarnhillqz@google.fr,Female,7/29/2018
973,Ebony,Batha,ebathar0@trellian.com,Female,12/8/2018
974,Cory,Houlison,choulisonr1@nyu.edu,Male,7/19/2018
975,Karissa,Dansey,kdanseyr2@nydailynews.com,Female,7/22/2018
976,Napoleon,Lawee,nlaweer3@slate.com,Male,3/13/2018
977,Dew,Freckingham,dfreckinghamr4@liveinternet.ru,Male,4/13/2018
978,Hailee,Cuerdall,hcuerdallr5@flavors.me,Female,9/17/2018
979,Lexie,Studholme,lstudholmer6@cam.ac.uk,Female,10/25/2018
980,Bertina,Yeowell,byeowellr7@live.com,Female,8/5/2018
981,Arabelle,Windress,awindressr8@biblegateway.com,Female,8/5/2018
982,Ambros,Oxton,aoxtonr9@hugedomains.com,Male,7/10/2018
983,Donall,Biskupek,dbiskupekra@google.co.uk,Male,2/13/2018
984,Alfreda,Mattsson,amattssonrb@phpbb.com,Female,12/19/2017
985,Vinnie,Yorke,vyorkerc@newsvine.com,Female,12/14/2017
986,Jerri,Boscher,jboscherrd@moonfruit.com,Male,3/30/2018
987,Natividad,Mattsson,nmattssonre@blog.com,Female,8/13/2018
988,Mignonne,Phettis,mphettisrf@oakley.com,Female,1/2/2018
989,Fanchette,Leat,fleatrg@qq.com,Female,8/8/2018
990,Zarla,Cottham,zcotthamrh@tinypic.com,Female,10/10/2018
991,Hanan,Strooband,hstroobandri@nba.com,Male,6/10/2018
992,Erl,Champion,echampionrj@google.cn,Male,9/17/2018
993,Dom,Brockway,dbrockwayrk@yandex.ru,Male,3/17/2018
994,Yul,Abley,yableyrl@umn.edu,Male,2/11/2018
995,Barbie,McCosker,bmccoskerrm@cbslocal.com,Female,1/9/2018
996,Ashli,Bris,abrisrn@usda.gov,Female,10/2/2018
997,Maryjo,Speers,mspeersro@aboutads.info,Female,7/7/2018
998,Aleda,Rumsey,arumseyrp@illinois.edu,Female,8/3/2018
999,Marta,Jado,mjadorq@webs.com,Female,9/11/2018
1000,Ryon,Lucio,rluciorr@de.vu,Male,5/4/2018
